rank,score,status,pmid,doi,year,journal,citation_count,has_fulltext,title,why,amass_id
1,124.0,queued,41954185,10.1177/03000605251410411,2026,The Journal of international medical research,0,1,Three-dimensional-printed shape-memory composite scaffold for meniscus repair.,"[""MSC"", ""material:cellulose,collagen"", ""hydrogel_or_bioink"", ""cartilage"", ""abstract_viability_%"", ""abstract_kPa"", ""culture_days"", ""amass_fulltext_flag"", ""mvp_relevant"", ""uniform_training_relevant"", ""app:osteoarthritis""]",EPMC_41954185
2,114.0,queued,36964481,10.1186/s12575-023-00197-z,2023,Biological procedures online,21,1,The role of three-dimensional scaffolds based on polyglycerol sebacate/ polycaprolactone/ gelatin in the presence of Nanohydroxyapatite in promoting chondrogenic differentiation of human adipose-derived mesenchymal stem cells,"[""chondrocyte"", ""MSC"", ""material:HA,collagen,gelatin"", ""hydrogel_or_bioink"", ""cartilage"", ""abstract_kPa"", ""amass_fulltext_flag"", ""mvp_relevant"", ""uniform_training_relevant""]",AMBC_Gw0UgxrGouFwnVjZmfFOaa5c7Yn
3,114.0,queued,41455285,10.1016/j.bioadv.2025.214654,2026,Biomaterials advances,1,0,3D-bioprinted dual-crosslinked oxidized gellan gum-decellularized human amniotic membrane hydrogels reinforced with aminolyzed electrospun nanofibers for cartilage regeneration,"[""MSC"", ""material:gellan"", ""hydrogel_or_bioink"", ""cartilage"", ""abstract_viability_%"", ""abstract_kPa"", ""culture_days"", ""mvp_relevant"", ""uniform_training_relevant"", ""arch:3d_printed"", ""app:bioprinting""]",AMBC_4xJxAGfrW7M2mRAUcemBRUXrwf3
4,113.0,queued,37884244,10.1016/j.ijbiomac.2023.127671,2024,International journal of biological macromolecules,31,0,3D bioprinting by reinforced bioink based on photocurable interpenetrating networks for cartilage tissue engineering,"[""chondrocyte"", ""material:GelMA,collagen,gelatin,silk_fibrin"", ""hydrogel_or_bioink"", ""cartilage"", ""abstract_viability_%"", ""mvp_relevant"", ""uniform_training_relevant"", ""chem:methacrylated"", ""arch:3d_printed"", ""app:in_vivo_repair""]",AMBC_H7LqcU5l2YJgUXkT7YNTH6NE1bp
5,113.0,queued,37884244,10.1016/j.ijbiomac.2023.127671,2023,International journal of biological macromolecules,19,0,3D bioprinting by reinforced bioink based on photocurable interpenetrating networks for cartilage tissue engineering.,"[""chondrocyte"", ""material:GelMA,collagen,gelatin,silk_fibrin"", ""hydrogel_or_bioink"", ""cartilage"", ""abstract_viability_%"", ""mvp_relevant"", ""uniform_training_relevant"", ""chem:methacrylated"", ""arch:3d_printed"", ""app:in_vivo_repair""]",EPMC_37884244
6,112.0,queued,18353693,10.1016/j.joca.2008.02.005,2008,Osteoarthritis and cartilage,114,0,Tensile properties of engineered cartilage formed from chondrocyte- and MSC-laden hydrogels,"[""chondrocyte"", ""MSC"", ""material:agarose,collagen"", ""hydrogel_or_bioink"", ""cartilage"", ""abstract_kPa"", ""TGF_b3"", ""well_cited"", ""mvp_relevant"", ""uniform_training_relevant""]",AMBC_Doy5Wqer9BArb9lHg779urqyP8c
7,112.0,queued,36844246,10.18063/ijb.v9i1.621,2022,International journal of bioprinting,15,1,"Formulation and evaluation of a bioink composed of alginate, gelatin, and nanocellulose for meniscal tissue engineering.","[""chondrocyte"", ""material:alginate,cellulose,collagen,gelatin"", ""hydrogel_or_bioink"", ""abstract_viability_%"", ""amass_fulltext_flag"", ""mvp_relevant"", ""uniform_training_relevant"", ""arch:3d_printed"", ""app:bioprinting""]",EPMC_36844246
8,112.0,queued,42456236,10.1016/j.bioadv.2026.215062,2026,Biomaterials advances,0,0,A novel bilayer osteochondral scaffold integrating Hofmeister-treated PVA-based hydrogel with collagen-coated PCL microspheres,"[""chondrocyte"", ""MSC"", ""material:PVA,alginate,collagen"", ""hydrogel_or_bioink"", ""cartilage"", ""abstract_kPa"", ""mvp_relevant"", ""uniform_training_relevant"", ""chem:hofmeister"", ""arch:bilayer"", ""app:osteochondral""]",AMBC_Y8Bo8vq0CkPuQxbnRHOuXfHc5Pi
9,107.0,queued,41018627,10.1021/acsomega.5c01794,2025,ACS omega,3,1,Double-Network Bilayer Hydrogel Loaded with Puerarin and Curcumin for Osteochondral Repair.,"[""chondrocyte"", ""material:PVA,alginate,chitosan"", ""hydrogel_or_bioink"", ""cartilage"", ""abstract_kPa"", ""amass_fulltext_flag"", ""mvp_relevant"", ""uniform_training_relevant"", ""arch:bilayer"", ""app:osteochondral""]",EPMC_41018627
10,106.0,queued,26883774,10.1016/j.actbio.2016.02.016,2016,Acta biomaterialia,179,0,Wide-range stiffness gradient PVA/HA hydrogel to investigate stem cell differentiation behavior,"[""chondrocyte"", ""MSC"", ""material:HA,PVA"", ""hydrogel_or_bioink"", ""cartilage"", ""abstract_kPa"", ""well_cited"", ""mvp_relevant"", ""uniform_training_relevant""]",AMBC_WswBcZPEz05bemMpHpENA8kdLnt
11,104.0,queued,16404714,10.1002/jbm.a.30607,2006,Journal of biomedical materials research. Part A,138,0,A new biodegradable polyester elastomer for cartilage tissue engineering,"[""chondrocyte"", ""material:agarose,alginate,collagen"", ""hydrogel_or_bioink"", ""cartilage"", ""abstract_kPa"", ""culture_days"", ""well_cited"", ""mvp_relevant"", ""uniform_training_relevant"", ""arch:monolayer""]",AMBC_EIR4qhT0TK1TYogKepvpAHYNwwl
12,104.0,queued,41115829,10.1002/jbm.b.35677,2025,"Journal of biomedical materials research. Part B, Applied biomaterials",1,1,Gelatin Methacrylate Macroporous Cell Scaffold Fabrication via One-Pot Aqueous Two-Phase Separation.,"[""chondrocyte"", ""material:GelMA"", ""hydrogel_or_bioink"", ""abstract_viability_%"", ""amass_fulltext_flag"", ""mvp_relevant"", ""uniform_training_relevant"", ""chem:methacrylated"", ""arch:microgel""]",EPMC_41115829
13,104.0,queued,41879208,10.1021/acsabm.5c01783,2026,ACS applied bio materials,0,0,Tailoring Bioink Properties via Nanofibrous Polyelectrolyte Complexes of Distinct Polymeric Classes for Cartilage Tissue Engineering,"[""chondrocyte"", ""material:alginate,chitosan,gelatin"", ""hydrogel_or_bioink"", ""cartilage"", ""abstract_kPa"", ""culture_days"", ""mvp_relevant"", ""uniform_training_relevant"", ""chem:sulfated"", ""arch:3d_printed"", ""app:bioprinting""]",AMBC_RlUPtDyf3kh8OIwKw4htGPuqTQZ
14,103.0,queued,20214454,10.1089/ten.TEA.2009.0764,2010,Tissue engineering. Part A,142,0,Enzymatically crosslinked dextran-tyramine hydrogels as injectable scaffolds for cartilage tissue engineering,"[""chondrocyte"", ""material:agarose,collagen,dextran"", ""hydrogel_or_bioink"", ""cartilage"", ""abstract_kPa"", ""well_cited"", ""mvp_relevant"", ""uniform_training_relevant"", ""chem:tyramine"", ""arch:injectable""]",AMBC_BOhtqsVmz6hdBMHqb6X1JOjsdkD
15,103.0,queued,31634627,10.1016/j.actbio.2019.10.025,2020,Acta biomaterialia,45,0,Spatially patterned microribbon-based hydrogels induce zonally-organized cartilage regeneration by stem cells in 3D,"[""chondrocyte"", ""MSC"", ""material:collagen,gelatin"", ""hydrogel_or_bioink"", ""cartilage"", ""abstract_kPa"", ""mvp_relevant"", ""uniform_training_relevant"", ""app:osteochondral""]",AMBC_O2DlzRvTBeMH8mjJEnLMixaQ8Bs
16,103.0,queued,25044419,10.1002/jbm.a.35266,2015,Journal of biomedical materials research. Part A,44,0,Enhancing the stiffness of collagen hydrogels for delivery of encapsulated chondrocytes to articular lesions for cartilage regeneration,"[""chondrocyte"", ""material:collagen"", ""hydrogel_or_bioink"", ""cartilage"", ""abstract_viability_%"", ""culture_days"", ""mvp_relevant"", ""uniform_training_relevant"", ""chem:edc_nhs""]",AMBC_KQsIYasQuVuPQ09lFmanzkGW4f8
17,102.0,queued,27106636,10.1007/s10439-016-1619-1,2017,Annals of biomedical engineering,85,1,Optimizing Photo-Encapsulation Viability of Heart Valve Cell Types in 3D Printable Composite Hydrogels,"[""MSC"", ""material:GelMA,PEG,alginate,gelatin"", ""hydrogel_or_bioink"", ""abstract_viability_%"", ""amass_fulltext_flag"", ""well_cited"", ""mvp_relevant"", ""uniform_training_relevant"", ""chem:methacrylated""]",AMBC_L66jt3I3t9E3nreHa24Vu0AN3bi
18,102.0,queued,34970927,10.1177/08853282211064403,2022,Journal of biomaterials applications,5,0,Multi-layered electrospinning and electrospraying approach: Effect of polymeric supplements on chondrocyte suspension,"[""chondrocyte"", ""material:alginate,gelatin"", ""hydrogel_or_bioink"", ""cartilage"", ""abstract_viability_%"", ""mvp_relevant"", ""uniform_training_relevant"", ""arch:fiber""]",AMBC_KqPZbHiYuGOGN0YLKDag8cdAULv
19,101.0,queued,30889635,10.1016/j.msec.2019.01.080,2019,"Materials science & engineering. C, Materials for biological applications",35,0,RGDSP functionalized carboxylated agarose as extrudable carriers for chondrocyte delivery,"[""chondrocyte"", ""material:agarose,collagen"", ""hydrogel_or_bioink"", ""cartilage"", ""abstract_kPa"", ""culture_days"", ""mvp_relevant"", ""uniform_training_relevant"", ""chem:rgd_conjugated"", ""arch:3d_printed"", ""app:bioprinting""]",AMBC_KkPya6RUv34tJuRwYfozSCGbz8c
20,101.0,queued,30607337,10.15171/apb.2018.073,2018,Advanced pharmaceutical bulletin,24,1,An Experimental Study on the Mechanical and Biological Properties of Bio-Printed Alginate/Halloysite Nanotube/Methylcellulose/Russian Olive-Based Scaffolds,"[""chondrocyte"", ""material:alginate"", ""hydrogel_or_bioink"", ""cartilage"", ""abstract_kPa"", ""amass_fulltext_flag"", ""mvp_relevant"", ""uniform_training_relevant"", ""arch:3d_printed"", ""app:bioprinting""]",AMBC_7i3rdxvjiq21PFKDmi0FQ7YdlxF
21,100.0,queued,28183600,10.1016/j.msec.2016.12.053,2017,"Materials science & engineering. C, Materials for biological applications",86,0,Injectable dextran hydrogels fabricated by metal-free click chemistry for cartilage tissue engineering,"[""chondrocyte"", ""material:collagen,dextran"", ""hydrogel_or_bioink"", ""cartilage"", ""abstract_kPa"", ""well_cited"", ""mvp_relevant"", ""uniform_training_relevant"", ""chem:click"", ""arch:injectable""]",AMBC_2qBHmrOjq7a1bxusheTyVmiu4fo
22,100.0,queued,35625424,10.3390/biology11050696,2022,Biology,27,1,Characterization and In Vitro Cytotoxicity Safety Screening of Fractionated Organosolv Lignin on Diverse Primary Human Cell Types Commonly Used in Tissue Engineering,"[""chondrocyte"", ""MSC"", ""material:agarose"", ""hydrogel_or_bioink"", ""abstract_kPa"", ""amass_fulltext_flag"", ""mvp_relevant"", ""uniform_training_relevant""]",AMBC_URJOZZ9OSEhDCvsSp68BTnGGEpm
23,100.0,queued,41490725,10.1631/jzus.B2500343,2025,Journal of Zhejiang University. Science. B,3,0,Novel multi-component synergistic bioink that balances biocompatibility and mechanical strength for cartilage regeneration,"[""chondrocyte"", ""material:GelMA,collagen,silk_fibrin"", ""hydrogel_or_bioink"", ""cartilage"", ""abstract_kPa"", ""mvp_relevant"", ""uniform_training_relevant"", ""chem:methacrylated"", ""arch:3d_printed"", ""app:bioprinting""]",AMBC_M8dVjC95QYUDSl9CbH9gFq6W04M
24,99.0,queued,23828781,10.1177/0885328213492573,2014,Journal of biomaterials applications,48,0,Platelet-rich plasma combined with agarose as a bioactive scaffold to enhance cartilage repair: an in vitro study,"[""chondrocyte"", ""material:agarose,collagen"", ""hydrogel_or_bioink"", ""cartilage"", ""abstract_viability_%"", ""mvp_relevant"", ""uniform_training_relevant""]",AMBC_5mRG9PNdIYvzdHxwZgm8tAg2ZTX
25,99.0,queued,22549901,10.1002/term.1510,2014,Journal of tissue engineering and regenerative medicine,44,1,Characterization of a macroporous polyvinyl alcohol scaffold for the repair of focal articular cartilage defects,"[""chondrocyte"", ""material:HA,PVA"", ""hydrogel_or_bioink"", ""cartilage"", ""abstract_kPa"", ""amass_fulltext_flag"", ""mvp_relevant"", ""uniform_training_relevant""]",AMBC_AdNrDGlHF1A98IfZdVf5WjOIZA9
26,99.0,queued,26900597,10.1007/s40883-015-0002-3,2015,Regenerative engineering and translational medicine,30,1,A Biosynthetic Scaffold that Facilitates Chondrocyte-Mediated Degradation and Promotes Articular Cartilage Extracellular Matrix Deposition,"[""chondrocyte"", ""material:gelatin"", ""hydrogel_or_bioink"", ""cartilage"", ""abstract_kPa"", ""amass_fulltext_flag"", ""mvp_relevant"", ""uniform_training_relevant"", ""chem:norbornene""]",AMBC_1QyhfM2WmQVl3NKJemX8tbEOoax
27,99.0,queued,36145975,10.3390/polym14183830,2022,Polymers,20,1,Tribological and Rheological Properties of Poly(vinyl alcohol)-Gellan Gum Composite Hydrogels,"[""chondrocyte"", ""material:PVA,gellan"", ""hydrogel_or_bioink"", ""cartilage"", ""abstract_kPa"", ""amass_fulltext_flag"", ""mvp_relevant"", ""uniform_training_relevant""]",AMBC_a1z78hPxjfz9uh7DdiAb6oNwILJ
28,99.0,queued,17148854,,2006,Biorheology,18,0,Long-term mechanical loading of chondrocyte-chitosan biocomposites in vitro enhanced their proteoglycan and collagen content,"[""chondrocyte"", ""material:chitosan,collagen"", ""hydrogel_or_bioink"", ""cartilage"", ""abstract_viability_%"", ""mvp_relevant"", ""uniform_training_relevant""]",AMBC_Ix0MkwsajriJoZ40sPzTssr28ZA
29,99.0,queued,39274103,10.3390/polym16172470,2024,Polymers,11,1,Coaxial Bioprinting of Enzymatically Crosslinkable Hyaluronic Acid-Tyramine Bioinks for Tissue Regeneration,"[""chondrocyte"", ""material:HA,dextran"", ""hydrogel_or_bioink"", ""abstract_kPa"", ""amass_fulltext_flag"", ""mvp_relevant"", ""uniform_training_relevant"", ""chem:tyramine"", ""arch:3d_printed"", ""app:bioprinting""]",AMBC_jSYCBfsz2VS6F5k6CIFPMAuEbc
30,99.0,queued,41898749,10.3390/ijms27062889,2026,International journal of molecular sciences,1,1,Chitosan- and Gelatin-Based Composite Granular Hydrogels for Cartilage Tissue Regeneration.,"[""MSC"", ""material:GelMA,alginate,chitosan,gelatin"", ""hydrogel_or_bioink"", ""cartilage"", ""abstract_kPa"", ""culture_days"", ""amass_fulltext_flag"", ""mvp_relevant"", ""uniform_training_relevant"", ""chem:methacrylated""]",EPMC_41898749
31,98.0,queued,26577256,10.1007/s10439-015-1510-5,2016,Annals of biomedical engineering,100,1,Effect of Dynamic Culture and Periodic Compression on Human Mesenchymal Stem Cell Proliferation and Chondrogenesis,"[""chondrocyte"", ""MSC"", ""material:alginate,collagen"", ""hydrogel_or_bioink"", ""cartilage"", ""culture_days"", ""amass_fulltext_flag"", ""well_cited"", ""mvp_relevant"", ""uniform_training_relevant""]",AMBC_5XTEqWhebtMLgDJ50L2LOfv2m34
32,98.0,queued,30526130,10.1080/03008207.2018.1553960,2020,Connective tissue research,97,0,Bio-ink development for three-dimensional bioprinting of hetero-cellular cartilage constructs,"[""chondrocyte"", ""MSC"", ""material:GelMA,HA,gelatin,gellan"", ""hydrogel_or_bioink"", ""cartilage"", ""well_cited"", ""mvp_relevant"", ""uniform_training_relevant"", ""chem:methacrylated"", ""arch:3d_printed"", ""app:bioprinting""]",AMBC_6tEjLo0h5fy0wCOxV4luh6NnHNH
33,98.0,queued,35346221,10.1186/s12951-022-01352-6,2022,Journal of nanobiotechnology,42,1,"Congenital microtia patients: the genetically engineered exosomes released from porous gelatin methacryloyl hydrogel for downstream small RNA profiling, functional modulation of microtia chondrocytes and tissue-engineered ear cartilage regeneration","[""chondrocyte"", ""MSC"", ""material:GelMA,gelatin"", ""hydrogel_or_bioink"", ""cartilage"", ""culture_days"", ""amass_fulltext_flag"", ""mvp_relevant"", ""uniform_training_relevant"", ""chem:methacrylated"", ""app:auricular""]",AMBC_PkSGDNBtKbTib9Ui6kkUKXZslTM
34,98.0,queued,18718655,10.1016/j.biomaterials.2008.07.018,2008,Biomaterials,41,1,The effect of devitalized trabecular bone on the formation of osteochondral tissue-engineered constructs,"[""chondrocyte"", ""material:agarose"", ""hydrogel_or_bioink"", ""cartilage"", ""abstract_kPa"", ""amass_fulltext_flag"", ""mvp_relevant"", ""uniform_training_relevant"", ""app:osteochondral""]",AMBC_EC5Zd3pwLAakEN7tClvOuW6nmBm
35,98.0,queued,16846364,10.1089/ten.2006.12.1699,2006,Tissue engineering,33,0,Differential cell viability of chondrocytes and progenitor cells in tissue-engineered constructs following implantation into osteochondral defects,"[""chondrocyte"", ""material:HA"", ""hydrogel_or_bioink"", ""cartilage"", ""abstract_viability_%"", ""mvp_relevant"", ""uniform_training_relevant"", ""app:osteochondral""]",AMBC_UfYpKolkrqtUSiJFx6H3iEJDAdF
36,98.0,queued,31054572,10.1186/s12891-019-2566-4,2019,BMC musculoskeletal disorders,26,1,Continuous low-intensity ultrasound attenuates IL-6 and TNFα-induced catabolic effects and repairs chondral fissures in bovine osteochondral explants,"[""chondrocyte"", ""material:collagen"", ""hydrogel_or_bioink"", ""cartilage"", ""abstract_kPa"", ""amass_fulltext_flag"", ""mvp_relevant"", ""uniform_training_relevant"", ""app:osteochondral""]",AMBC_99Lev97CdxuED6FMBaouoDm6CFK
37,98.0,queued,38002439,10.3390/bioengineering10111315,2023,"Bioengineering (Basel, Switzerland)",19,1,Controlled-Release Hydrogel Microspheres to Deliver Multipotent Stem Cells for Treatment of Knee Osteoarthritis,"[""MSC"", ""material:HA"", ""hydrogel_or_bioink"", ""cartilage"", ""abstract_viability_%"", ""amass_fulltext_flag"", ""mvp_relevant"", ""uniform_training_relevant"", ""arch:microsphere"", ""app:osteoarthritis""]",AMBC_2zCUGZFXtrHHVmaDj8ymIY4uYXQ
38,98.0,queued,42502318,10.1016/j.bioactmat.2026.07.024,2026,Bioactive materials,0,1,Chondrogenic niche hydrogel microspheres facilitate cartilage regeneration in osteoarthritis.,"[""chondrocyte"", ""MSC"", ""material:GelMA,HA,gelatin"", ""hydrogel_or_bioink"", ""cartilage"", ""TGF_b3"", ""amass_fulltext_flag"", ""mvp_relevant"", ""chem:methacrylated"", ""arch:microsphere"", ""app:osteoarthritis""]",EPMC_42502318
39,98.0,queued,42604837,10.1002/mabi.70243,2026,Macromolecular bioscience,0,1,Mesenchymal Stem Cell-Laden Nanofibril-Reinforced Injectable and Self-Healing Alginate Dialdehyde/Gelatin Hydrogels with Enhanced Mechanical and Chondrogenic Performance In Vitro.,"[""MSC"", ""material:alginate,cellulose,collagen,gelatin"", ""hydrogel_or_bioink"", ""cartilage"", ""abstract_kPa"", ""amass_fulltext_flag"", ""mvp_relevant"", ""uniform_training_relevant"", ""chem:oxidized"", ""arch:injectable""]",EPMC_42604837
40,97.0,queued,17806117,10.1002/jbm.a.31603,2008,Journal of biomedical materials research. Part A,100,0,Collagen-coated polylactide microcarriers/chitosan hydrogel composite: injectable scaffold for cartilage regeneration,"[""chondrocyte"", ""material:chitosan,collagen"", ""hydrogel_or_bioink"", ""cartilage"", ""abstract_kPa"", ""well_cited"", ""mvp_relevant"", ""uniform_training_relevant"", ""arch:injectable""]",AMBC_Dufss2U977rxLdWJfBis7wr6QmV
41,97.0,queued,32263038,10.1039/c5tb01645b,2015,Journal of materials chemistry. B,70,1,Biofabrication of reinforced 3D-scaffolds using two-component hydrogels,"[""chondrocyte"", ""material:HA"", ""hydrogel_or_bioink"", ""abstract_kPa"", ""culture_days"", ""amass_fulltext_flag"", ""mvp_relevant"", ""uniform_training_relevant"", ""arch:3d_printed"", ""app:bioprinting""]",AMBC_GKqMv2lqT6TNfrsBmpm81Kpr221
42,97.0,queued,36055611,10.1016/j.actbio.2022.08.062,2022,Acta biomaterialia,65,0,Double - network hydrogel based on exopolysaccharides as a biomimetic extracellular matrix to augment articular cartilage regeneration,"[""chondrocyte"", ""material:HA,collagen,gellan"", ""hydrogel_or_bioink"", ""cartilage"", ""abstract_kPa"", ""mvp_relevant"", ""uniform_training_relevant"", ""chem:sulfated"", ""app:osteochondral""]",AMBC_7sF1tRArLUSFNpLVnrpdIQoiDw9
43,97.0,queued,33798958,10.1016/j.biomaterials.2021.120773,2021,Biomaterials,53,1,An in vitro chondro-osteo-vascular triphasic model of the osteochondral complex,"[""chondrocyte"", ""MSC"", ""material:GelMA,HA,gelatin"", ""hydrogel_or_bioink"", ""cartilage"", ""amass_fulltext_flag"", ""mvp_relevant"", ""uniform_training_relevant"", ""chem:methacrylated"", ""app:osteochondral""]",AMBC_1C84xxrtOhffTWq8hZYlPAloS7g
44,97.0,queued,33367226,10.1016/j.mtla.2020.100954,2021,Materialia,48,1,In-situ stable injectable collagen-based hydrogels for cell and growth factor delivery,"[""MSC"", ""material:alginate,collagen"", ""hydrogel_or_bioink"", ""abstract_viability_%"", ""culture_days"", ""amass_fulltext_flag"", ""mvp_relevant"", ""uniform_training_relevant"", ""arch:injectable"", ""app:bone""]",AMBC_4sS9St5YJ4A24tNNtPFeI6EfWUo
45,97.0,queued,35224351,10.1021/acsomega.1c06102,2022,ACS omega,30,1,Bioprinting of Chondrocyte Stem Cell Co-Cultures for Auricular Cartilage Regeneration.,"[""chondrocyte"", ""MSC"", ""material:GelMA,HA"", ""hydrogel_or_bioink"", ""cartilage"", ""amass_fulltext_flag"", ""mvp_relevant"", ""uniform_training_relevant"", ""chem:methacrylated"", ""arch:3d_printed"", ""app:auricular""]",EPMC_35224351
46,97.0,queued,31470441,10.1088/1748-605X/ab401f,2020,"Biomedical materials (Bristol, England)",25,1,Hydrogel to guide chondrogenesis versus osteogenesis of mesenchymal stem cells for fabrication of cartilaginous tissues,"[""chondrocyte"", ""MSC"", ""material:GelMA,gelatin"", ""hydrogel_or_bioink"", ""cartilage"", ""amass_fulltext_flag"", ""mvp_relevant"", ""uniform_training_relevant"", ""chem:methacrylated"", ""arch:3d_printed"", ""app:osteochondral""]",AMBC_PSI5KdCPdvsPU4N5kjC6Gwmkn2o
47,97.0,queued,41837153,10.1039/d5ra07655b,2026,RSC advances,0,1,3D-printed GelMA/BC@PLLAms-Cur@TCP-PCL-PEG bilayer scaffold for osteochondral repair.,"[""chondrocyte"", ""MSC"", ""material:GelMA,collagen"", ""hydrogel_or_bioink"", ""cartilage"", ""amass_fulltext_flag"", ""mvp_relevant"", ""uniform_training_relevant"", ""chem:methacrylated"", ""arch:bilayer"", ""app:osteochondral""]",EPMC_41837153
48,96.0,queued,22394017,10.1089/ten.TEA.2011.0543,2012,Tissue engineering. Part A,667,0,Direct human cartilage repair using three-dimensional bioprinting technology,"[""chondrocyte"", ""material:PEG"", ""hydrogel_or_bioink"", ""cartilage"", ""abstract_kPa"", ""well_cited"", ""mvp_relevant"", ""uniform_training_relevant"", ""arch:3d_printed"", ""app:osteochondral""]",AMBC_SsBqQGiitbmY71kESvu9PD9L5TH
49,96.0,queued,28280669,10.1097/GOX.0000000000001227,2017,Plastic and reconstructive surgery. Global open,133,0,In Vivo Chondrogenesis in 3D Bioprinted Human Cell-laden Hydrogel Constructs,"[""chondrocyte"", ""MSC"", ""material:alginate,cellulose,collagen"", ""hydrogel_or_bioink"", ""cartilage"", ""culture_days"", ""well_cited"", ""mvp_relevant"", ""uniform_training_relevant"", ""arch:3d_printed"", ""app:nasal""]",AMBC_Ch0FtzydHfiVUke9k199apeQF4c
50,96.0,queued,16995800,10.1089/ten.2006.12.2665,2006,Tissue engineering,114,0,Effects of auricular chondrocyte expansion on neocartilage formation in photocrosslinked hyaluronic acid networks,"[""chondrocyte"", ""material:HA,collagen"", ""hydrogel_or_bioink"", ""cartilage"", ""abstract_kPa"", ""well_cited"", ""mvp_relevant"", ""uniform_training_relevant"", ""app:auricular""]",AMBC_WOgsQd2fVLbdPkkqwG3tpgG4q6L
51,96.0,queued,23225568,10.1002/adhm.201200345,2013,Advanced healthcare materials,98,1,Integrated bi-layered scaffold for osteochondral tissue engineering,"[""chondrocyte"", ""MSC"", ""material:HA"", ""hydrogel_or_bioink"", ""cartilage"", ""amass_fulltext_flag"", ""well_cited"", ""mvp_relevant"", ""uniform_training_relevant"", ""chem:methacrylated"", ""app:osteochondral""]",AMBC_DQ0lfvI3Xh4pmiriTlvOA70MONS
52,96.0,queued,27431861,10.1088/1758-5090/8/3/035004,2016,Biofabrication,59,1,Hydrogel-based reinforcement of 3D bioprinted constructs.,"[""chondrocyte"", ""material:gelatin"", ""hydrogel_or_bioink"", ""abstract_kPa"", ""amass_fulltext_flag"", ""mvp_relevant"", ""uniform_training_relevant"", ""chem:methacrylated"", ""arch:3d_printed"", ""app:bioprinting""]",EPMC_27431861
53,96.0,queued,23791084,10.1016/j.jbiomech.2013.05.017,2013,Journal of biomechanics,43,1,Tissue-engineered articular cartilage exhibits tension-compression nonlinearity reminiscent of the native cartilage,"[""chondrocyte"", ""material:agarose"", ""hydrogel_or_bioink"", ""cartilage"", ""abstract_kPa"", ""amass_fulltext_flag"", ""mvp_relevant"", ""uniform_training_relevant""]",AMBC_XN1YsHQTSVWmYYsvQFzPdTSJ6Em
54,96.0,queued,26753995,10.1002/mabi.201500377,2016,Macromolecular bioscience,34,0,Mimicking of Chondrocyte Microenvironment Using In Situ Forming Dendritic Polyglycerol Sulfate-Based Synthetic Polyanionic Hydrogels,"[""chondrocyte"", ""material:alginate,collagen"", ""hydrogel_or_bioink"", ""cartilage"", ""abstract_kPa"", ""culture_days"", ""mvp_relevant"", ""uniform_training_relevant"", ""chem:click""]",AMBC_1oHAp1Tqhi7BucvbXGpClpxiJDW
55,96.0,queued,35955850,10.3390/ijms23158717,2022,International journal of molecular sciences,27,1,Biodegradable-Glass-Fiber Reinforced Hydrogel Composite with Enhanced Mechanical Performance and Cell Proliferation for Potential Cartilage Repair,"[""chondrocyte"", ""material:PVA"", ""hydrogel_or_bioink"", ""cartilage"", ""abstract_kPa"", ""amass_fulltext_flag"", ""mvp_relevant"", ""uniform_training_relevant""]",AMBC_QSOAUHvZl0WuTCrfFWCGEKPJBPY
56,96.0,queued,32155233,10.1039/c9tb02963j,2020,Journal of materials chemistry. B,8,1,Spatiotemporal neocartilage growth in matrix-metalloproteinase-sensitive poly(ethylene glycol) hydrogels under dynamic compressive loading: an experimental and computational approach,"[""chondrocyte"", ""material:collagen"", ""hydrogel_or_bioink"", ""cartilage"", ""abstract_kPa"", ""amass_fulltext_flag"", ""mvp_relevant"", ""uniform_training_relevant""]",AMBC_B03vlAfROHLIFZTMieom0Q0LrE1
57,96.0,queued,35424939,10.1039/d2ra00311b,2022,RSC advances,7,0,Preparation and characterization of a novel drug-loaded Bi-layer scaffold for cartilage regeneration,"[""chondrocyte"", ""material:GelMA"", ""hydrogel_or_bioink"", ""cartilage"", ""abstract_kPa"", ""culture_days"", ""mvp_relevant"", ""uniform_training_relevant"", ""chem:methacrylated"", ""arch:fiber""]",AMBC_KwwKGlhJywutMCrsya4MOAMuIzh
58,96.0,queued,41867564,10.1021/acsomega.5c09665,2026,ACS omega,2,1,Balancing Strength and Cell Viability in Gelatin Methacrylate/Gellan Gum Bioink Formulations.,"[""material:GelMA,gellan"", ""hydrogel_or_bioink"", ""cartilage"", ""abstract_viability_%"", ""culture_days"", ""amass_fulltext_flag"", ""mvp_relevant"", ""uniform_training_relevant"", ""chem:methacrylated"", ""arch:3d_printed"", ""app:bioprinting""]",EPMC_41867564
59,96.0,queued,41096299,10.3390/polym17192653,2025,Polymers,2,1,Effects of Wharton's Jelly Mesenchymal Stem Cells and Its-Derived Small Extracellular Vesicles Loaded into Injectable Genipin-Crosslinked Gelatin Hydrogel on Vocal Fold Fibroblast,"[""MSC"", ""material:HA,gelatin"", ""hydrogel_or_bioink"", ""abstract_viability_%"", ""amass_fulltext_flag"", ""mvp_relevant"", ""uniform_training_relevant"", ""chem:genipin"", ""arch:injectable"", ""app:in_vivo_repair""]",AMBC_73xX9NX4CKhsra2jhUZV7JtjE5U
60,96.0,queued,41096299,10.3390/polym17192653,2025,Polymers,0,1,Effects of Wharton's Jelly Mesenchymal Stem Cells and Its-Derived Small Extracellular Vesicles Loaded into Injectable Genipin-Crosslinked Gelatin Hydrogel on Vocal Fold Fibroblast.,"[""MSC"", ""material:HA,gelatin"", ""hydrogel_or_bioink"", ""abstract_viability_%"", ""amass_fulltext_flag"", ""mvp_relevant"", ""uniform_training_relevant"", ""chem:genipin"", ""arch:injectable"", ""app:in_vivo_repair""]",EPMC_41096299
61,96.0,queued,,10.64898/2026.04.13.718180,2026,,0,0,Photocrosslinkable silk fibroin-hyaluronic acid hybrid hydrogels enable chondrocyte-driven matrix deposition and mechanical maturation for cartilage tissue engineering,"[""chondrocyte"", ""material:HA,silk_fibrin"", ""hydrogel_or_bioink"", ""cartilage"", ""abstract_kPa"", ""culture_days"", ""mvp_relevant"", ""uniform_training_relevant"", ""chem:methacrylated""]",EPMC_PPR1214884
62,95.0,queued,17343693,10.1111/j.1525-1594.2007.00363.x,2007,Artificial organs,87,0,In vivo cartilage tissue engineering using a cell-derived extracellular matrix scaffold,"[""chondrocyte"", ""material:collagen"", ""hydrogel_or_bioink"", ""cartilage"", ""abstract_kPa"", ""culture_days"", ""well_cited"", ""mvp_relevant"", ""chem:sulfated"", ""arch:monolayer"", ""app:in_vivo_repair""]",AMBC_1odvwRQqbvua0E6lZ4hKEqCXX9z
63,95.0,queued,23571151,10.1159/000348359,2013,"Cells, tissues, organs",84,1,Delivery of mesenchymal stem cells in chitosan/collagen microbeads for orthopedic tissue repair,"[""MSC"", ""material:chitosan,collagen"", ""hydrogel_or_bioink"", ""abstract_viability_%"", ""amass_fulltext_flag"", ""well_cited"", ""mvp_relevant"", ""uniform_training_relevant"", ""app:bone""]",AMBC_KCBZtV9fg7Ahcq4N3vWYgi6WMiI
64,95.0,queued,26363270,10.1016/j.colsurfb.2015.08.026,2015,"Colloids and surfaces. B, Biointerfaces",74,0,Composite hydrogel of chitosan-poly(hydroxybutyrate-co-valerate) with chondroitin sulfate nanoparticles for nucleus pulposus tissue engineering,"[""chondrocyte"", ""MSC"", ""material:chitosan"", ""hydrogel_or_bioink"", ""cartilage"", ""abstract_kPa"", ""mvp_relevant"", ""chem:sulfated"", ""app:nucleus_pulposus""]",AMBC_M3Xd3XFcCGXfkkHaPSyv63bgXVe
65,95.0,queued,26841115,10.1371/journal.pone.0148372,2016,PloS one,72,1,Flavonoid Compound Icariin Activates Hypoxia Inducible Factor-1α in Chondrocytes and Promotes Articular Cartilage Repair,"[""chondrocyte"", ""MSC"", ""material:alginate,collagen"", ""hydrogel_or_bioink"", ""cartilage"", ""culture_days"", ""amass_fulltext_flag"", ""mvp_relevant"", ""uniform_training_relevant"", ""app:osteochondral""]",AMBC_5EEJqQOUiUluS8x8rOz8Q7EODmi
66,95.0,queued,28917911,10.1016/j.carbpol.2017.07.063,2017,Carbohydrate polymers,44,0,Injectable glycosaminoglycan-protein nano-complex in semi-interpenetrating networks: A biphasic hydrogel for hyaline cartilage regeneration,"[""chondrocyte"", ""material:alginate,collagen"", ""hydrogel_or_bioink"", ""cartilage"", ""abstract_kPa"", ""mvp_relevant"", ""uniform_training_relevant"", ""chem:sulfated"", ""arch:ipn""]",AMBC_7EzRyQwZ3Qe5hJCtCtUJ95xOnX9
67,95.0,queued,32940136,10.1089/ten.TEA.2020.0158,2021,Tissue engineering. Part A,25,0,Gradient Hydrogels for Optimizing Niche Cues to Enhance Cell-Based Cartilage Regeneration,"[""chondrocyte"", ""MSC"", ""material:collagen"", ""hydrogel_or_bioink"", ""cartilage"", ""abstract_kPa"", ""mvp_relevant"", ""chem:sulfated"", ""app:in_vivo_repair""]",AMBC_Qz1OiLobbeFMmFbizMbbGaYIQU4
68,95.0,queued,37514135,10.3390/pharmaceutics15071949,2023,Pharmaceutics,16,1,Fabrication of Injectable Kartogenin-Conjugated Composite Hydrogel with a Sustained Drug Release for Cartilage Repair,"[""chondrocyte"", ""MSC"", ""material:alginate,chitosan"", ""hydrogel_or_bioink"", ""cartilage"", ""amass_fulltext_flag"", ""mvp_relevant"", ""uniform_training_relevant"", ""chem:oxidized"", ""arch:injectable""]",AMBC_UAY9zLQ1sSG8wPA0rP0fxyjO6Ye
69,95.0,queued,37177235,10.3390/polym15092092,2023,Polymers,14,1,Reinforcement of Injectable Hydrogel for Meniscus Tissue Engineering by Using Cellulose Nanofiber from Cassava Pulp,"[""material:GelMA,cellulose,collagen"", ""hydrogel_or_bioink"", ""cartilage"", ""abstract_viability_%"", ""amass_fulltext_flag"", ""mvp_relevant"", ""uniform_training_relevant"", ""chem:methacrylated"", ""arch:fiber"", ""app:meniscus""]",AMBC_GEeDcqARrbdPvEk8eHfO8EWe4SE
70,95.0,queued,41831997,10.1016/j.carbpol.2026.125081,2026,Carbohydrate polymers,2,0,Injectable gelatin/hyaluronic acid hydrogels incorporating oxidized alginate microparticles for controlled delivery of platelet-derived factors in cartilage regeneration,"[""chondrocyte"", ""material:HA,alginate,collagen,gelatin"", ""hydrogel_or_bioink"", ""cartilage"", ""abstract_kPa"", ""mvp_relevant"", ""chem:oxidized"", ""arch:injectable"", ""app:osteoarthritis""]",AMBC_AM3ZX8AQ2P1wOQhsz26G4Alp0Fx
71,95.0,queued,,,2026,Carbohydrate Polymers.,0,0,Injectable gelatin/hyaluronic acid hydrogels incorporating oxidized alginate microparticles for controlled delivery of platelet-derived factors in cartilage regeneration,"[""chondrocyte"", ""material:HA,alginate,collagen,gelatin"", ""hydrogel_or_bioink"", ""cartilage"", ""abstract_kPa"", ""mvp_relevant"", ""chem:oxidized"", ""arch:injectable"", ""app:osteoarthritis""]",EPMC_IND609436180
72,94.0,queued,27090590,10.1016/j.actbio.2016.04.019,2016,Acta biomaterialia,206,1,Approaching the compressive modulus of articular cartilage with a decellularized cartilage-based hydrogel,"[""MSC"", ""material:GelMA,gelatin"", ""hydrogel_or_bioink"", ""cartilage"", ""abstract_kPa"", ""amass_fulltext_flag"", ""well_cited"", ""mvp_relevant"", ""uniform_training_relevant"", ""chem:methacrylated""]",AMBC_RRptJOG7JPFUjjzHCfhgWYlKw3Z
73,94.0,queued,19631307,10.1016/j.joca.2009.07.003,2009,Osteoarthritis and cartilage,186,1,Macromer density influences mesenchymal stem cell chondrogenesis and maturation in photocrosslinked hyaluronic acid hydrogels,"[""MSC"", ""material:HA,agarose"", ""hydrogel_or_bioink"", ""cartilage"", ""abstract_kPa"", ""amass_fulltext_flag"", ""well_cited"", ""mvp_relevant"", ""uniform_training_relevant"", ""chem:methacrylated""]",AMBC_M34rnpN9AcTrnGJoYreeis1VUL3
74,94.0,queued,20797784,10.1016/j.biomaterials.2010.07.110,2010,Biomaterials,146,1,Bioactive polymer/extracellular matrix scaffolds fabricated with a flow perfusion bioreactor for cartilage tissue engineering,"[""chondrocyte"", ""MSC"", ""material:collagen"", ""hydrogel_or_bioink"", ""cartilage"", ""amass_fulltext_flag"", ""well_cited"", ""mvp_relevant"", ""uniform_training_relevant"", ""arch:fiber""]",AMBC_1aH8gyZueMKTGknqA2l3VqYKeOt
75,94.0,queued,16701801,10.1016/j.actbio.2004.11.003,2005,Acta biomaterialia,124,0,Incorporation of tissue-specific molecules alters chondrocyte metabolism and gene expression in photocrosslinked hydrogels,"[""chondrocyte"", ""material:collagen"", ""hydrogel_or_bioink"", ""cartilage"", ""abstract_kPa"", ""well_cited"", ""mvp_relevant"", ""uniform_training_relevant"", ""chem:sulfated""]",AMBC_54HVvcdpyTDvoZdj4VsitcKDKP4
76,94.0,queued,29134949,10.1088/1758-5090/aa90d7,2017,Biofabrication,112,0,PLA short sub-micron fiber reinforcement of 3D bioprinted alginate constructs for cartilage regeneration,"[""chondrocyte"", ""material:alginate"", ""hydrogel_or_bioink"", ""cartilage"", ""abstract_kPa"", ""well_cited"", ""mvp_relevant"", ""uniform_training_relevant"", ""arch:3d_printed""]",AMBC_Tbo0TwSGeBTKIXDa75OfH3VOoEo
77,94.0,queued,27612810,10.1016/j.msec.2016.08.019,2016,"Materials science & engineering. C, Materials for biological applications",61,1,"Injectable calcium phosphate with hydrogel fibers encapsulating induced pluripotent, dental pulp and bone marrow stem cells for bone repair","[""MSC"", ""material:collagen"", ""hydrogel_or_bioink"", ""abstract_viability_%"", ""culture_days"", ""amass_fulltext_flag"", ""mvp_relevant"", ""uniform_training_relevant"", ""arch:injectable"", ""app:bone""]",AMBC_QybXKgHCU4OdstxGS9f9UKUByEM
78,94.0,queued,38782958,10.1038/s41598-024-62656-1,2024,Scientific reports,21,1,Development of an alginate-chitosan biopolymer composite with dECM bioink additive for organ-on-a-chip articular cartilage,"[""chondrocyte"", ""MSC"", ""material:alginate,chitosan"", ""hydrogel_or_bioink"", ""cartilage"", ""amass_fulltext_flag"", ""mvp_relevant"", ""uniform_training_relevant"", ""arch:3d_printed"", ""app:bioprinting""]",AMBC_UNuKsquNtIdHL1wm9bVizjHTbsK
79,94.0,queued,30549205,10.1002/jbm.b.34293,2019,"Journal of biomedical materials research. Part B, Applied biomaterials",17,1,Toward zonally tailored scaffolds for osteochondral differentiation of synovial mesenchymal stem cells,"[""chondrocyte"", ""MSC"", ""material:HA,PEG,collagen"", ""hydrogel_or_bioink"", ""cartilage"", ""amass_fulltext_flag"", ""mvp_relevant"", ""uniform_training_relevant"", ""app:osteochondral""]",AMBC_HKkbz9NGCm7yHuEX6FscPCaVHxg
80,94.0,queued,38373601,10.1002/adhm.202304386,2024,Advanced healthcare materials,17,1,Deterministic Single-Cell Encapsulation in PEG Norbornene Microgels for Promoting Anti-Inflammatory Response and Therapeutic Delivery of Mesenchymal Stromal Cells,"[""MSC"", ""material:PEG"", ""hydrogel_or_bioink"", ""abstract_viability_%"", ""culture_days"", ""amass_fulltext_flag"", ""mvp_relevant"", ""uniform_training_relevant"", ""chem:norbornene"", ""app:in_vivo_repair""]",AMBC_WHKLupDntPshjKuSsc7PQJKzTEq
81,94.0,queued,37766897,10.1016/j.mtbio.2023.100800,2023,Materials today. Bio,7,1,Lineage-specific multifunctional double-layer scaffold accelerates the integrated regeneration of cartilage and subchondral bone.,"[""chondrocyte"", ""MSC"", ""material:GelMA,HA"", ""hydrogel_or_bioink"", ""cartilage"", ""amass_fulltext_flag"", ""mvp_relevant"", ""uniform_training_relevant"", ""chem:methacrylated"", ""app:osteochondral""]",EPMC_37766897
82,94.0,queued,42741508,10.34133/bmr.0412,2026,Biomaterials research,0,1,An Injectable and Photocrosslinkable Hydrogel Based on Recombinant Human Collagen Type XVII Promotes Osteochondral Regeneration by Activating the TGF β/SMAD Signaling Pathway,"[""chondrocyte"", ""MSC"", ""material:collagen"", ""hydrogel_or_bioink"", ""cartilage"", ""amass_fulltext_flag"", ""mvp_relevant"", ""uniform_training_relevant"", ""chem:methacrylated"", ""arch:injectable"", ""app:osteochondral""]",AMBC_aJHnlJfAsyGtoBU0DhbQWAU4OcE
83,94.0,queued,42210896,10.1039/d6bm00316h,2026,Biomaterials science,0,0,Biomimetic injectable methacrylated chondroitin sulfate-collagen hydrogels enhance chondrocyte function and promote osteochondral regeneration,"[""chondrocyte"", ""material:collagen"", ""hydrogel_or_bioink"", ""cartilage"", ""abstract_kPa"", ""mvp_relevant"", ""uniform_training_relevant"", ""chem:methacrylated"", ""arch:injectable"", ""app:osteochondral""]",AMBC_5ODEHZsCNkLIzh2KTtu7FAesGY
84,94.0,queued,42287189,10.1021/acsami.6c05203,2026,ACS applied materials & interfaces,0,0,Mung Bean Protein-Derived Bioink with Synergistic Antioxidant and Antibacterial Properties for Cartilage Regeneration,"[""chondrocyte"", ""material:GelMA"", ""hydrogel_or_bioink"", ""cartilage"", ""abstract_kPa"", ""mvp_relevant"", ""uniform_training_relevant"", ""chem:methacrylated"", ""arch:3d_printed"", ""app:osteochondral""]",AMBC_SLhPbOUsasn75PhbN7JzD3nhZKO
85,93.0,queued,22366523,10.1016/j.jconrel.2012.02.008,2012,Journal of controlled release : official journal of the Controlled Release Society,123,0,Platelet-rich plasma loaded hydrogel scaffold enhances chondrogenic differentiation and maturation with up-regulation of CB1 and CB2,"[""chondrocyte"", ""material:collagen"", ""hydrogel_or_bioink"", ""cartilage"", ""abstract_kPa"", ""well_cited"", ""mvp_relevant"", ""uniform_training_relevant"", ""app:osteochondral""]",AMBC_WyHTickZBjCEzfMxjlLFn4LKadz
86,93.0,queued,29852377,10.1016/j.biomaterials.2018.05.029,2018,Biomaterials,113,1,Glycosylated superparamagnetic nanoparticle gradients for osteochondral tissue engineering,"[""chondrocyte"", ""MSC"", ""material:agarose"", ""hydrogel_or_bioink"", ""cartilage"", ""amass_fulltext_flag"", ""well_cited"", ""mvp_relevant"", ""uniform_training_relevant"", ""app:osteochondral""]",AMBC_5kEPMSuC4HTBx0zWPI4WguW7dgx
87,93.0,queued,24239005,10.1016/j.jbiomech.2013.10.030,2014,Journal of biomechanics,63,1,Functional properties of bone marrow-derived MSC-based engineered cartilage are unstable with very long-term in vitro culture,"[""chondrocyte"", ""MSC"", ""material:HA,agarose"", ""hydrogel_or_bioink"", ""cartilage"", ""culture_days"", ""amass_fulltext_flag"", ""mvp_relevant"", ""uniform_training_relevant""]",AMBC_aIR3jClqMQXEN9C2avKycCXJTiY
88,93.0,queued,38723805,10.1016/j.ijbiomac.2024.132126,2024,International journal of biological macromolecules,30,0,In vitro and in vivo investigation of chitosan/silk fibroin injectable interpenetrating network hydrogel with microspheres for cartilage regeneration,"[""chondrocyte"", ""material:chitosan,collagen,silk_fibrin"", ""hydrogel_or_bioink"", ""cartilage"", ""abstract_kPa"", ""culture_days"", ""mvp_relevant"", ""arch:microsphere"", ""app:in_vivo_repair""]",AMBC_3L7O4JiKl8TWD9e8Gl8oa3CbrWM
89,93.0,queued,33842484,10.3389/fcell.2021.655440,2021,Frontiers in cell and developmental biology,29,1,Biofunctionalized Structure and Ingredient Mimicking Scaffolds Achieving Recruitment and Chondrogenesis for Staged Cartilage Regeneration,"[""material:collagen"", ""hydrogel_or_bioink"", ""cartilage"", ""abstract_viability_%"", ""culture_days"", ""TGF_b3"", ""amass_fulltext_flag"", ""mvp_relevant"", ""uniform_training_relevant"", ""app:in_vivo_repair""]",AMBC_IumH9b5lfhR6L4MziL5mrqe4P76
90,93.0,queued,40430705,10.3390/polym17101409,2025,Polymers,11,1,"Bioactive Hydrogel Scaffolds Integrating Chitosan, Silk Fibroin, and Aloe vera Extract for Enhanced Cartilage Tissue Regeneration","[""chondrocyte"", ""material:chitosan,silk_fibrin"", ""hydrogel_or_bioink"", ""cartilage"", ""abstract_kPa"", ""amass_fulltext_flag"", ""mvp_relevant"", ""app:in_vivo_repair""]",AMBC_6rzmHnlLSF9HWg6CtsRuR0Fe5uE
91,93.0,queued,39908269,10.14336/AD.2024.10016,2025,Aging and disease,11,1,Enhanced Chondrogenic Potential and Osteoarthritis Treatment Using Cyaonoside A-Induced MSC Delivered via a Hyaluronic Acid-Based Hydrogel System,"[""chondrocyte"", ""MSC"", ""material:HA,collagen"", ""hydrogel_or_bioink"", ""cartilage"", ""culture_days"", ""amass_fulltext_flag"", ""mvp_relevant"", ""chem:methacrylated"", ""arch:injectable"", ""app:osteoarthritis""]",AMBC_RtUKoiRdwZFHdiCrZvoVRhuoJIA
92,93.0,queued,41076582,10.1021/acsami.5c11890,2025,ACS applied materials & interfaces,1,1,Hyaluronic Acid Microplates for Intra-articular Lubrication and Cartilage Protection in Post-traumatic Osteoarthritis.,"[""chondrocyte"", ""material:HA"", ""hydrogel_or_bioink"", ""cartilage"", ""abstract_kPa"", ""amass_fulltext_flag"", ""mvp_relevant"", ""chem:methacrylated"", ""app:osteoarthritis""]",EPMC_41076582
93,92.0,queued,25281788,10.1016/j.actbio.2014.09.032,2015,Acta biomaterialia,257,1,Silk microfiber-reinforced silk hydrogel composites for functional cartilage tissue repair,"[""chondrocyte"", ""material:agarose,collagen,silk_fibrin"", ""hydrogel_or_bioink"", ""cartilage"", ""culture_days"", ""amass_fulltext_flag"", ""well_cited"", ""mvp_relevant"", ""uniform_training_relevant"", ""arch:fiber""]",AMBC_aCnJqZYqNLV1AOlfOb3RKj819O8
94,92.0,queued,19004029,10.1002/term.127,2009,Journal of tissue engineering and regenerative medicine,159,1,Evaluation of articular cartilage repair using biodegradable nanofibrous scaffolds in a swine model: a pilot study,"[""chondrocyte"", ""MSC"", ""hydrogel_or_bioink"", ""cartilage"", ""abstract_kPa"", ""amass_fulltext_flag"", ""well_cited"", ""mvp_relevant"", ""app:in_vivo_repair""]",AMBC_Puc7CJjQOuqnnxyzdhBWZcnD8TC
95,92.0,queued,27171342,10.1021/acs.biomac.6b00366,2016,Biomacromolecules,129,1,A Synthetic Thermosensitive Hydrogel for Cartilage Bioprinting and Its Biofunctionalization with Polysaccharides,"[""chondrocyte"", ""material:HA,PEG"", ""hydrogel_or_bioink"", ""cartilage"", ""culture_days"", ""amass_fulltext_flag"", ""well_cited"", ""mvp_relevant"", ""uniform_training_relevant"", ""chem:methacrylated"", ""arch:3d_printed""]",AMBC_EjY3nMGhZyzCjl9nXQFK6lEVvud
96,92.0,queued,32296538,10.1093/rb/rbz050,2020,Regenerative biomaterials,118,1,Preparation and characterization of methacrylated gelatin/bacterial cellulose composite hydrogels for cartilage tissue engineering,"[""chondrocyte"", ""material:GelMA,cellulose,gelatin"", ""hydrogel_or_bioink"", ""cartilage"", ""culture_days"", ""amass_fulltext_flag"", ""well_cited"", ""mvp_relevant"", ""uniform_training_relevant"", ""chem:methacrylated""]",AMBC_BsRnWC21MARKNXBREZMeSQ1wGNH
97,92.0,queued,30458242,10.1016/j.actbio.2018.11.022,2019,Acta biomaterialia,78,1,Enhancing chondrogenesis and mechanical strength retention in physiologically relevant hydrogels with incorporation of hyaluronic acid and direct loading of TGF-β,"[""chondrocyte"", ""MSC"", ""material:HA,PEG"", ""hydrogel_or_bioink"", ""cartilage"", ""TGF_b3"", ""amass_fulltext_flag"", ""mvp_relevant"", ""chem:sulfated"", ""app:in_vivo_repair""]",AMBC_XeX3fMFK9EYipuUxFWen8lwZS4G
98,92.0,queued,33036643,10.1186/s13287-020-01930-1,2020,Stem cell research & therapy,53,1,Inhibition of hypertrophy and improving chondrocyte differentiation by MMP-13 inhibitor small molecule encapsulated in alginate-chondroitin sulfate-platelet lysate hydrogel,"[""chondrocyte"", ""MSC"", ""material:alginate,collagen"", ""hydrogel_or_bioink"", ""cartilage"", ""amass_fulltext_flag"", ""mvp_relevant"", ""uniform_training_relevant"", ""chem:sulfated""]",AMBC_KXcyQfm0JerdPNCYp4xCmaMoAs8
99,92.0,queued,24115629,10.1002/jbm.a.34957,2014,Journal of biomedical materials research. Part A,52,0,Hybrid hyaluronic acid hydrogel/poly(ɛ-caprolactone) scaffold provides mechanically favorable platform for cartilage tissue engineering studies,"[""chondrocyte"", ""material:HA,collagen"", ""hydrogel_or_bioink"", ""cartilage"", ""abstract_kPa"", ""mvp_relevant"", ""uniform_training_relevant"", ""arch:monolayer""]",AMBC_Xe5fSQGiQkKoCX4Nd4aqtunsSnK
100,92.0,queued,15348352,10.1023/a:1012817317296,2004,Journal of materials science. Materials in medicine,52,0,Formulation of PEG-based hydrogels affects tissue-engineered cartilage construct characteristics,"[""chondrocyte"", ""material:PEG,collagen"", ""hydrogel_or_bioink"", ""cartilage"", ""abstract_kPa"", ""mvp_relevant"", ""uniform_training_relevant"", ""arch:ipn""]",AMBC_6hSEdWCxPtaIiSq6g7djsXcs2MK
101,92.0,queued,21820171,10.1016/j.biomaterials.2011.07.056,2011,Biomaterials,49,1,Changes of chondrocyte expression profiles in human MSC aggregates in the presence of PEG microspheres and TGF-β3,"[""chondrocyte"", ""MSC"", ""material:collagen"", ""hydrogel_or_bioink"", ""cartilage"", ""TGF_b3"", ""amass_fulltext_flag"", ""mvp_relevant"", ""chem:rgd_conjugated"", ""arch:microsphere"", ""app:drug_delivery""]",AMBC_9pcfAXLGOhdrKR4dT4ikmczJH4
102,92.0,queued,36684070,10.1002/btm2.10364,2023,Bioengineering & translational medicine,40,1,Kartogenin (KGN)/synthetic melanin nanoparticles (SMNP) loaded theranostic hydrogel scaffold system for multiparametric magnetic resonance imaging guided cartilage regeneration,"[""chondrocyte"", ""MSC"", ""material:GelMA,HA,cellulose,gelatin"", ""hydrogel_or_bioink"", ""cartilage"", ""amass_fulltext_flag"", ""mvp_relevant"", ""chem:methacrylated"", ""app:in_vivo_repair""]",AMBC_5QUIGWXT4b9joKzuiPzpr6j654H
103,92.0,queued,28536614,10.1186/s11658-016-0016-y,2016,Cellular & molecular biology letters,31,1,In vitro chondrogenesis of Wharton's jelly mesenchymal stem cells in hyaluronic acid-based hydrogels,"[""chondrocyte"", ""MSC"", ""material:HA,collagen"", ""hydrogel_or_bioink"", ""cartilage"", ""amass_fulltext_flag"", ""mvp_relevant"", ""uniform_training_relevant"", ""arch:monolayer""]",AMBC_RwrKyGGku5D3bV8ZCzsKtMUtMYe
104,92.0,queued,34356898,10.3390/biomedicines9070834,2021,Biomedicines,25,1,Alginate-Agarose Hydrogels Improve the In Vitro Differentiation of Human Dental Pulp Stem Cells in Chondrocytes. A Histological Study,"[""chondrocyte"", ""MSC"", ""material:agarose,alginate,collagen"", ""hydrogel_or_bioink"", ""cartilage"", ""amass_fulltext_flag"", ""mvp_relevant"", ""uniform_training_relevant""]",AMBC_Pxnol5kBdghKlQ1VHi4Fl8gr53G
105,92.0,queued,39009268,10.1016/j.ijbiomac.2024.133866,2024,International journal of biological macromolecules,22,0,Copper nanoparticles loaded gelatin/ polyvinyl alcohol/ guar gum-based 3D printable multimaterial hydrogel for tissue engineering applications,"[""chondrocyte"", ""material:PVA,collagen,gelatin"", ""hydrogel_or_bioink"", ""cartilage"", ""abstract_kPa"", ""mvp_relevant"", ""uniform_training_relevant""]",AMBC_IG1UtC9W0PWB7oT2ChFFpyS7h3d
106,92.0,queued,33010336,10.1016/j.jconrel.2020.09.048,2020,Journal of controlled release : official journal of the Controlled Release Society,20,1,Chondrogenesis of cocultures of mesenchymal stem cells and articular chondrocytes in poly(l-lysine)-loaded hydrogels,"[""chondrocyte"", ""MSC"", ""material:collagen"", ""hydrogel_or_bioink"", ""cartilage"", ""amass_fulltext_flag"", ""mvp_relevant"", ""uniform_training_relevant"", ""chem:sulfated"", ""arch:injectable""]",AMBC_8hwPkvMBcO2w2ciwU54FzxU0SAn
107,92.0,queued,33912558,10.3389/fcell.2021.641529,2021,Frontiers in cell and developmental biology,20,1,Timely Supplementation of Hydrogels Containing Sulfated or Unsulfated Chondroitin and Hyaluronic Acid Affects Mesenchymal Stromal Cells Commitment Toward Chondrogenic Differentiation,"[""chondrocyte"", ""MSC"", ""material:HA,collagen"", ""hydrogel_or_bioink"", ""cartilage"", ""amass_fulltext_flag"", ""mvp_relevant"", ""uniform_training_relevant"", ""chem:sulfated""]",AMBC_143DRVJpZPF8vLdX6QOki8rUJAm
108,92.0,queued,36769232,10.3390/ijms24032915,2023,International journal of molecular sciences,20,1,The Effects of Mechanical Load on Chondrogenic Responses of Bone Marrow Mesenchymal Stem Cells and Chondrocytes Encapsulated in Chondroitin Sulfate-Based Hydrogel,"[""chondrocyte"", ""MSC"", ""material:collagen,gelatin"", ""hydrogel_or_bioink"", ""cartilage"", ""TGF_b3"", ""amass_fulltext_flag"", ""mvp_relevant"", ""chem:tyramine"", ""app:osteoarthritis""]",AMBC_8sGDSCVmKVHjkY77NGBVZx8Qt93
109,92.0,queued,38816719,10.1186/s12951-024-02567-5,2024,Journal of nanobiotechnology,18,1,A quick and innovative pipeline for producing chondrocyte-homing peptide-modified extracellular vesicles by three-dimensional dynamic culture of hADSCs spheroids to modulate the fate of remaining ear chondrocytes in the M1 macrophage-infiltrated microenvironment,"[""chondrocyte"", ""MSC"", ""material:GelMA"", ""hydrogel_or_bioink"", ""cartilage"", ""amass_fulltext_flag"", ""mvp_relevant"", ""uniform_training_relevant"", ""chem:methacrylated"", ""arch:microsphere""]",AMBC_Y9T0Ib1LksxoETr8kTpDZngmf26
110,92.0,queued,24140603,10.1016/j.actbio.2013.10.005,2014,Acta biomaterialia,15,0,"A biomimetic extracellular matrix for cartilage tissue engineering centered on photocurable gelatin, hyaluronic acid and chondroitin sulfate","[""chondrocyte"", ""material:HA,gelatin"", ""hydrogel_or_bioink"", ""cartilage"", ""abstract_kPa"", ""mvp_relevant"", ""uniform_training_relevant"", ""chem:methacrylated""]",AMBC_5NazYTCsNfsx8PMv4Uu7tWyLkHE
111,92.0,queued,37403564,10.1080/09205063.2023.2230855,2023,Journal of biomaterials science. Polymer edition,9,0,"Fabrication and characterization of porous, degradable, biocompatible poly(vinyl alcohol)/tannic acid/gelatin/hyaluronic acid hydrogels with good mechanical properties for cartilage tissue engineering","[""chondrocyte"", ""material:HA,PVA,gelatin"", ""hydrogel_or_bioink"", ""cartilage"", ""abstract_kPa"", ""mvp_relevant"", ""uniform_training_relevant""]",AMBC_8fI8GSyLNLiNiFu6rLrNWvEsV6J
112,92.0,queued,36474989,10.1016/j.ocarto.2021.100173,2021,Osteoarthritis and cartilage open,4,1,Ex vivo osteochondral test system with control over cartilage defect depth - A pilot study to investigate the effect of oxygen tension and chondrocyte based treatments in chondral and full thickness defects in an organ model,"[""chondrocyte"", ""MSC"", ""material:collagen"", ""hydrogel_or_bioink"", ""cartilage"", ""culture_days"", ""amass_fulltext_flag"", ""mvp_relevant"", ""uniform_training_relevant"", ""app:osteochondral""]",AMBC_D1EDz9UuvvMg9VsVu0cOTrEfFaa
113,92.0,queued,39791725,10.3390/cells14010025,2024,Cells,4,1,In Vitro Induction of Hypertrophic Chondrocyte Differentiation of Naïve MSCs by Strain.,"[""chondrocyte"", ""MSC"", ""material:GelMA,collagen"", ""hydrogel_or_bioink"", ""cartilage"", ""amass_fulltext_flag"", ""mvp_relevant"", ""uniform_training_relevant"", ""chem:methacrylated""]",EPMC_39791725
114,92.0,queued,41228628,10.3390/polym17212867,2025,Polymers,2,1,"Comparing the Printability, Biological and Physicochemical Properties of Bio-Based Photo-Crosslinkable Hydrogels.","[""MSC"", ""material:GelMA,alginate,chitosan,gelatin"", ""hydrogel_or_bioink"", ""abstract_kPa"", ""amass_fulltext_flag"", ""mvp_relevant"", ""uniform_training_relevant"", ""chem:methacrylated"", ""arch:3d_printed"", ""app:bioprinting""]",EPMC_41228628
115,91.0,queued,16470881,10.1002/bit.20828,2006,Biotechnology and bioengineering,502,0,Chondrogenic differentiation of bovine bone marrow mesenchymal stem cells (MSCs) in different hydrogels: influence of collagen type II extracellular matrix on MSC chondrogenesis,"[""chondrocyte"", ""MSC"", ""material:alginate,collagen"", ""hydrogel_or_bioink"", ""cartilage"", ""culture_days"", ""well_cited"", ""mvp_relevant"", ""uniform_training_relevant"", ""arch:monolayer""]",AMBC_UAovgSEdmzc9WEeWkPGPYroCHZk
116,91.0,queued,19173557,10.1021/bm801197m,2009,Biomacromolecules,394,1,Effect of swelling ratio of injectable hydrogel composites on chondrogenic differentiation of encapsulated rabbit marrow mesenchymal stem cells in vitro,"[""chondrocyte"", ""MSC"", ""material:collagen,gelatin"", ""hydrogel_or_bioink"", ""cartilage"", ""amass_fulltext_flag"", ""well_cited"", ""mvp_relevant"", ""arch:injectable"", ""app:drug_delivery""]",AMBC_Ygq750AB4lEyKExNXXBzgmyyM1h
117,91.0,queued,15165468,10.1089/107632704323061870,2004,Tissue engineering,210,0,Bovine primary chondrocyte culture in synthetic matrix metalloproteinase-sensitive poly(ethylene glycol)-based hydrogels as a scaffold for cartilage repair,"[""chondrocyte"", ""material:collagen"", ""hydrogel_or_bioink"", ""cartilage"", ""abstract_kPa"", ""well_cited"", ""mvp_relevant"", ""uniform_training_relevant""]",AMBC_Fz5skaOXuTzkz4WoAo5n0VgOApB
118,91.0,queued,22695067,10.1016/j.biomaterials.2012.05.042,2012,Biomaterials,200,1,Enhanced chondrogenesis in co-cultures with articular chondrocytes and mesenchymal stem cells,"[""chondrocyte"", ""MSC"", ""material:collagen"", ""hydrogel_or_bioink"", ""cartilage"", ""amass_fulltext_flag"", ""well_cited"", ""mvp_relevant"", ""uniform_training_relevant""]",AMBC_M5NsAtAbL38s2K3bnlebZKxQ5Vl
119,91.0,queued,32263841,10.1039/c6tb02348g,2017,Journal of materials chemistry. B,170,0,Biohybrid methacrylated gelatin/polyacrylamide hydrogels for cartilage repair,"[""chondrocyte"", ""material:GelMA,gelatin"", ""hydrogel_or_bioink"", ""cartilage"", ""abstract_kPa"", ""well_cited"", ""mvp_relevant"", ""chem:methacrylated"", ""app:in_vivo_repair""]",AMBC_MlO3wovxwVnZl07NjnQy0Yh2Wn0
120,91.0,queued,23489925,10.1016/j.biomaterials.2013.02.064,2013,Biomaterials,134,1,The effect of hypoxia on the chondrogenic differentiation of co-cultured articular chondrocytes and mesenchymal stem cells in scaffolds,"[""chondrocyte"", ""MSC"", ""material:collagen"", ""hydrogel_or_bioink"", ""cartilage"", ""amass_fulltext_flag"", ""well_cited"", ""mvp_relevant"", ""uniform_training_relevant""]",AMBC_N3UH5DhNhFsJsnwCCbryDG7qba2
121,91.0,queued,33463160,10.1021/acsbiomaterials.9b01939,2020,ACS biomaterials science & engineering,105,1,Collagen Type I and II Blend Hydrogel with Autologous Mesenchymal Stem Cells as a Scaffold for Articular Cartilage Defect Repair,"[""chondrocyte"", ""MSC"", ""material:collagen"", ""hydrogel_or_bioink"", ""cartilage"", ""amass_fulltext_flag"", ""well_cited"", ""mvp_relevant"", ""uniform_training_relevant""]",AMBC_Fd9u17v1IkmOoTh1eKSiFHSRCS7
122,91.0,queued,34905737,10.1088/1758-5090/ac42de,2021,Biofabrication,91,0,Dynamic hyaluronic acid hydrogel with covalent linked gelatin as an anti-oxidative bioink for cartilage tissue engineering,"[""chondrocyte"", ""MSC"", ""material:HA,collagen,gelatin"", ""hydrogel_or_bioink"", ""cartilage"", ""culture_days"", ""well_cited"", ""mvp_relevant"", ""chem:thiolated"", ""arch:3d_printed"", ""app:osteoarthritis""]",AMBC_OmLz6eJcp3a5IN0HuVH9E5bmqfA
123,91.0,queued,26799859,10.1016/j.biomaterials.2016.01.020,2016,Biomaterials,90,1,Evaluation of cell-laden polyelectrolyte hydrogels incorporating poly(L-Lysine) for applications in cartilage tissue engineering,"[""chondrocyte"", ""MSC"", ""material:collagen"", ""hydrogel_or_bioink"", ""cartilage"", ""amass_fulltext_flag"", ""well_cited"", ""mvp_relevant"", ""uniform_training_relevant""]",AMBC_S4z6XrtAEL6QNfcQ17W4INpZtvD
124,91.0,queued,36973540,10.1002/advs.202207438,2023,"Advanced science (Weinheim, Baden-Wurttemberg, Germany)",89,1,Visualizable and Lubricating Hydrogel Microspheres Via NanoPOSS for Cartilage Regeneration,"[""chondrocyte"", ""MSC"", ""material:HA"", ""hydrogel_or_bioink"", ""cartilage"", ""amass_fulltext_flag"", ""well_cited"", ""mvp_relevant"", ""chem:methacrylated"", ""arch:microsphere"", ""app:osteoarthritis""]",AMBC_6hUCXYKwOtXMWjeckCFc0u2sYDj
125,91.0,queued,24365703,10.1016/j.actbio.2013.12.026,2014,Acta biomaterialia,81,1,Direct and indirect co-culture of chondrocytes and mesenchymal stem cells for the generation of polymer/extracellular matrix hybrid constructs,"[""chondrocyte"", ""MSC"", ""material:collagen"", ""hydrogel_or_bioink"", ""cartilage"", ""amass_fulltext_flag"", ""well_cited"", ""mvp_relevant"", ""uniform_training_relevant""]",AMBC_Jcd04ji2TYLfAjFS5auxJjtcMZk
126,91.0,queued,18704656,10.1007/s10856-008-3543-x,2009,Journal of materials science. Materials in medicine,54,0,A polylactide/fibrin gel composite scaffold for cartilage tissue engineering: fabrication and an in vitro evaluation,"[""chondrocyte"", ""material:fibrin"", ""hydrogel_or_bioink"", ""cartilage"", ""abstract_kPa"", ""mvp_relevant"", ""uniform_training_relevant"", ""chem:enzymatic"", ""app:auricular""]",AMBC_RVXfUQpUgsEAJjaZbnEjGpcX6Kj
127,91.0,queued,18954530,10.1111/j.1745-7254.2008.00880.x,2008,Acta pharmacologica Sinica,42,0,Resveratrol protects bone marrow mesenchymal stem cell derived chondrocytes cultured on chitosan-gelatin scaffolds from the inhibitory effect of interleukin-1beta,"[""chondrocyte"", ""MSC"", ""material:alginate,chitosan,collagen,gelatin"", ""hydrogel_or_bioink"", ""cartilage"", ""TGF_b3"", ""mvp_relevant"", ""uniform_training_relevant""]",AMBC_1UxqJ4AJFWun6fMr5toI4D7UZ8z
128,91.0,queued,25907036,10.1016/j.biomaterials.2015.03.010,2015,Biomaterials,31,1,A transient cell-shielding method for viable MSC delivery within hydrophobic scaffolds polymerized in situ,"[""MSC"", ""material:alginate"", ""hydrogel_or_bioink"", ""abstract_viability_%"", ""amass_fulltext_flag"", ""mvp_relevant"", ""uniform_training_relevant"", ""chem:oxidized"", ""arch:injectable""]",AMBC_X8YleJOBHi3T2GLVx3K7H66wsca
129,91.0,queued,37633565,10.1016/j.ijbiomac.2023.126294,2023,International journal of biological macromolecules,20,0,Chondrocyte-laden gelatin/sodium alginate hydrogel integrating 3D printed PU scaffold for auricular cartilage reconstruction,"[""chondrocyte"", ""material:alginate,gelatin"", ""hydrogel_or_bioink"", ""cartilage"", ""abstract_kPa"", ""mvp_relevant"", ""uniform_training_relevant"", ""app:auricular""]",AMBC_BhFArNQHUwzvrc96H7cWtwdaQb
130,91.0,queued,24832181,10.1007/s10561-014-9457-6,2015,Cell and tissue banking,18,0,Immortalised human mesenchymal stem cells undergo chondrogenic differentiation in alginate and PGA/PLLA scaffolds,"[""chondrocyte"", ""MSC"", ""material:alginate,collagen"", ""hydrogel_or_bioink"", ""cartilage"", ""culture_days"", ""mvp_relevant"", ""uniform_training_relevant"", ""chem:sulfated"", ""arch:monolayer"", ""app:nasal""]",AMBC_80BeYoOzkU8bLmkZP3KcFz3xxV3
131,91.0,queued,32708378,10.3390/polym12071598,2020,Polymers,16,1,Biomimetic Cell-Laden MeHA Hydrogels for the Regeneration of Cartilage Tissue,"[""chondrocyte"", ""MSC"", ""material:HA"", ""hydrogel_or_bioink"", ""cartilage"", ""amass_fulltext_flag"", ""mvp_relevant"", ""uniform_training_relevant"", ""chem:methacrylated"", ""app:osteochondral""]",AMBC_7x4Jq8m4SHAcR0uSTek6DMHVIOD
132,91.0,queued,38745590,10.1016/j.bioactmat.2024.05.004,2024,Bioactive materials,16,1,Diatomite-incorporated hierarchical scaffolds for osteochondral regeneration.,"[""chondrocyte"", ""MSC"", ""material:GelMA"", ""hydrogel_or_bioink"", ""cartilage"", ""amass_fulltext_flag"", ""mvp_relevant"", ""uniform_training_relevant"", ""chem:methacrylated"", ""app:osteochondral""]",EPMC_38745590
133,91.0,queued,36466342,10.3389/fbioe.2022.1057904,2022,Frontiers in bioengineering and biotechnology,14,1,A TGF-loading hydrogel scaffold capable of promoting chondrogenic differentiation for repairing rabbit nasal septum cartilage defect,"[""chondrocyte"", ""MSC"", ""material:GelMA"", ""hydrogel_or_bioink"", ""cartilage"", ""amass_fulltext_flag"", ""mvp_relevant"", ""uniform_training_relevant"", ""chem:methacrylated"", ""app:nasal""]",AMBC_LkMKKjuPCOfTKqeBXvG9glh86sj
134,91.0,queued,38675012,10.3390/polym16081093,2024,Polymers,11,1,Development of Biphasic Injectable Hydrogels for Meniscus Scaffold from Photocrosslinked Glycidyl Methacrylate-Modified Poly(Vinyl Alcohol)/Glycidyl Methacrylate-Modified Silk Fibroin,"[""chondrocyte"", ""material:PVA,silk_fibrin"", ""hydrogel_or_bioink"", ""abstract_kPa"", ""amass_fulltext_flag"", ""mvp_relevant"", ""chem:methacrylated"", ""arch:injectable"", ""app:meniscus""]",AMBC_FuljD9fjCnXR6ExoAD2eaTgciBD
135,91.0,queued,40040797,10.1016/j.mtbio.2025.101569,2025,Materials today. Bio,2,1,"An ""EVs-in-ECM"" mimicking system orchestrates transcription and translation of RUNX1 for in-situ cartilage regeneration.","[""chondrocyte"", ""MSC"", ""material:GelMA"", ""hydrogel_or_bioink"", ""cartilage"", ""amass_fulltext_flag"", ""mvp_relevant"", ""uniform_training_relevant"", ""chem:methacrylated"", ""app:osteochondral""]",EPMC_40040797
136,91.0,queued,40304399,10.1093/stcltm/szae098,2025,Stem cells translational medicine,1,1,Adipose-mesenchymal stem cells enhance the formation of auricular cartilage in vitro and in vivo.,"[""chondrocyte"", ""MSC"", ""material:collagen"", ""hydrogel_or_bioink"", ""cartilage"", ""amass_fulltext_flag"", ""mvp_relevant"", ""uniform_training_relevant"", ""arch:3d_printed"", ""app:auricular""]",EPMC_40304399
137,91.0,queued,42027395,10.3389/fbioe.2026.1749259,2026,Frontiers in bioengineering and biotechnology,0,1,Tissue maturation and development of mechanical properties in hyaluronic acid bioink-based cartilaginous constructs.,"[""MSC"", ""material:HA,collagen"", ""hydrogel_or_bioink"", ""cartilage"", ""abstract_kPa"", ""amass_fulltext_flag"", ""mvp_relevant"", ""uniform_training_relevant"", ""arch:3d_printed"", ""app:bioprinting""]",EPMC_42027395
138,91.0,queued,,10.21203/rs.3.rs-1764764/v1,2022,,0,0,Microtissue-Based Bioink as A Chondrocyte Micro-Shelter for DLP Bioprinting,"[""chondrocyte"", ""MSC"", ""material:GelMA,gelatin"", ""hydrogel_or_bioink"", ""cartilage"", ""culture_days"", ""mvp_relevant"", ""uniform_training_relevant"", ""chem:methacrylated"", ""arch:3d_printed"", ""app:auricular""]",EPMC_PPR512519
139,90.0,queued,25361212,10.1021/am505723k,2014,ACS applied materials & interfaces,199,0,Cartilaginous extracellular matrix-modified chitosan hydrogels for cartilage tissue engineering,"[""chondrocyte"", ""MSC"", ""material:chitosan,collagen"", ""hydrogel_or_bioink"", ""cartilage"", ""well_cited"", ""mvp_relevant"", ""uniform_training_relevant"", ""chem:sulfated"", ""arch:injectable""]",AMBC_2d5rXKEium1CvmdhOHQLuOEjZNB
140,90.0,queued,29446757,10.1088/1361-6528/aaafa1,2018,Nanotechnology,185,0,3D bioprinting mesenchymal stem cell-laden construct with core-shell nanospheres for cartilage tissue engineering,"[""chondrocyte"", ""MSC"", ""material:GelMA,PEG"", ""hydrogel_or_bioink"", ""cartilage"", ""well_cited"", ""mvp_relevant"", ""uniform_training_relevant"", ""chem:methacrylated"", ""arch:3d_printed""]",AMBC_JwbH2WREO7G2bdJ6SWAisiEdm7H
141,90.0,queued,19418224,10.1007/s10439-009-9704-3,2009,Annals of biomedical engineering,121,0,Poly-L-lactic acid/hydroxyapatite electrospun nanocomposites induce chondrogenic differentiation of human MSC,"[""chondrocyte"", ""MSC"", ""material:HA"", ""hydrogel_or_bioink"", ""cartilage"", ""culture_days"", ""well_cited"", ""mvp_relevant"", ""uniform_training_relevant"", ""arch:fiber"", ""app:osteochondral""]",AMBC_7S6vwViIfs3QLUq3utXtBKES9cM
142,90.0,queued,19279712,10.4161/org.6116,2008,Organogenesis,109,0,Tissue engineering and cartilage,"[""chondrocyte"", ""MSC"", ""material:HA,agarose,alginate,chitosan"", ""hydrogel_or_bioink"", ""cartilage"", ""well_cited"", ""mvp_relevant"", ""uniform_training_relevant""]",AMBC_Ro1EiWiK7t4Pp9ZuyInBS81FfLk
143,90.0,queued,34840547,10.1002/adfm.202103355,2021,Advanced functional materials,51,1,Recellularization and Integration of Dense Extracellular Matrix by Percolation of Tissue Microparticles,"[""chondrocyte"", ""material:HA"", ""hydrogel_or_bioink"", ""cartilage"", ""abstract_kPa"", ""amass_fulltext_flag"", ""mvp_relevant"", ""app:in_vivo_repair""]",AMBC_EGSmGlblbC7r3tvLV4rPb9Z4BPm
144,90.0,queued,25749296,10.1016/j.actbio.2015.02.024,2015,Acta biomaterialia,48,1,Enzymatic regulation of functional vascular networks using gelatin hydrogels,"[""MSC"", ""material:gelatin"", ""hydrogel_or_bioink"", ""abstract_viability_%"", ""amass_fulltext_flag"", ""mvp_relevant"", ""uniform_training_relevant"", ""arch:injectable"", ""app:in_vivo_repair""]",AMBC_9DR55XY4hNWdt6OGdd7TjQ5R3Ak
145,90.0,queued,34595487,10.1039/d1tb00518a,2021,Journal of materials chemistry. B,30,0,Heterogenous hydrogel mimicking the osteochondral ECM applied to tissue regeneration,"[""chondrocyte"", ""MSC"", ""material:GelMA,alginate,collagen"", ""hydrogel_or_bioink"", ""cartilage"", ""mvp_relevant"", ""uniform_training_relevant"", ""chem:methacrylated"", ""arch:bilayer"", ""app:osteochondral""]",AMBC_ITfIs33vAoERBoSWYRim2JkRJ8S
146,90.0,queued,41829253,10.3390/polym18050555,2026,Polymers,1,1,Lyophilized Catechol-Chitosan Mucoadhesive Hydrogels Loaded with Dental Follicle-Derived Mesenchymal Stem Cells Enhance Regenerative Healing of Palatal Donor Wounds.,"[""MSC"", ""material:chitosan"", ""hydrogel_or_bioink"", ""abstract_viability_%"", ""amass_fulltext_flag"", ""mvp_relevant"", ""uniform_training_relevant"", ""chem:dopamine"", ""app:drug_delivery""]",EPMC_41829253
147,89.0,queued,25453948,10.1016/j.biomaterials.2014.10.020,2015,Biomaterials,189,0,Endochondral bone formation in gelatin methacrylamide hydrogel with embedded cartilage-derived matrix particles,"[""chondrocyte"", ""MSC"", ""material:GelMA,gelatin"", ""hydrogel_or_bioink"", ""cartilage"", ""well_cited"", ""mvp_relevant"", ""uniform_training_relevant"", ""chem:methacrylated"", ""app:osteochondral""]",AMBC_2m6FJYs1wLpmYHIxDqstur7NxFD
148,89.0,queued,18406457,10.1016/j.biomaterials.2008.03.021,2008,Biomaterials,141,0,Evaluation of three-dimensional scaffolds prepared from poly(3-hydroxybutyrate-co-3-hydroxyhexanoate) for growth of allogeneic chondrocytes for cartilage repair in rabbits,"[""chondrocyte"", ""material:collagen"", ""hydrogel_or_bioink"", ""cartilage"", ""abstract_kPa"", ""culture_days"", ""well_cited"", ""mvp_relevant"", ""app:in_vivo_repair""]",AMBC_HZeLCXDPQZyMbdDuW0aIp5fi30O
149,89.0,queued,28332587,10.1038/srep45018,2017,Scientific reports,93,1,Bioreactor mechanically guided 3D mesenchymal stem cell chondrogenesis using a biocompatible novel thermo-reversible methylcellulose-based hydrogel,"[""chondrocyte"", ""MSC"", ""material:collagen"", ""hydrogel_or_bioink"", ""cartilage"", ""culture_days"", ""amass_fulltext_flag"", ""well_cited"", ""mvp_relevant"", ""app:in_vivo_repair""]",AMBC_BpQDFZ5Qzul8Lh5Q5WbYu7gzEyz
150,89.0,queued,19800683,10.1016/j.biomaterials.2009.09.021,2010,Biomaterials,91,0,The influence of fibrin based hydrogels on the chondrogenic differentiation of human bone marrow stromal cells,"[""chondrocyte"", ""MSC"", ""material:alginate,collagen,fibrin"", ""hydrogel_or_bioink"", ""cartilage"", ""well_cited"", ""mvp_relevant"", ""uniform_training_relevant"", ""app:osteochondral""]",AMBC_JZSyEFYgMoka2NX7Hr8sr1z1YYe
151,89.0,queued,36253092,10.1002/advs.202105571,2022,"Advanced science (Weinheim, Baden-Wurttemberg, Germany)",78,1,Kartogenin-Conjugated Double-Network Hydrogel Combined with Stem Cell Transplantation and Tracing for Cartilage Repair,"[""chondrocyte"", ""MSC"", ""material:PEG,chitosan"", ""hydrogel_or_bioink"", ""cartilage"", ""amass_fulltext_flag"", ""mvp_relevant"", ""uniform_training_relevant""]",AMBC_Rpkn5XWWUy2M6nnAUlK8vJIVQiw
152,89.0,queued,31894891,10.1002/jbm.a.36871,2020,Journal of biomedical materials research. Part A,76,0,Production and evaluation of decellularized extracellular matrix hydrogel for cartilage regeneration derived from knee cartilage,"[""chondrocyte"", ""material:collagen"", ""hydrogel_or_bioink"", ""cartilage"", ""abstract_kPa"", ""mvp_relevant"", ""uniform_training_relevant"", ""arch:injectable""]",AMBC_FTBZLdDZJ2HIRhifJMPQVt1LAef
153,89.0,queued,26117769,10.1016/j.msec.2015.05.062,2015,"Materials science & engineering. C, Materials for biological applications",62,0,Three-dimensional dynamic fabrication of engineered cartilage based on chitosan/gelatin hybrid hydrogel scaffold in a spinner flask with a special designed steel frame,"[""chondrocyte"", ""material:chitosan,gelatin"", ""hydrogel_or_bioink"", ""cartilage"", ""abstract_kPa"", ""mvp_relevant"", ""uniform_training_relevant""]",AMBC_ISkexWiE9M0eDCKIHwMprCOqz81
154,89.0,queued,31698227,10.1016/j.biomaterials.2019.119579,2020,Biomaterials,60,0,Microribbon-hydrogel composite scaffold accelerates cartilage regeneration in vivo with enhanced mechanical properties using mixed stem cells and chondrocytes,"[""chondrocyte"", ""material:gelatin"", ""hydrogel_or_bioink"", ""cartilage"", ""abstract_kPa"", ""TGF_b3"", ""mvp_relevant"", ""chem:sulfated"", ""app:in_vivo_repair""]",AMBC_QG8z0RMpRnteycH0iSCx5yftTY8
155,89.0,queued,34507313,10.1088/1748-605X/ac2595,2021,"Biomedical materials (Bristol, England)",44,0,"Long-term stability, high strength, and 3D printable alginate hydrogel for cartilage tissue engineering application","[""chondrocyte"", ""MSC"", ""material:alginate,collagen"", ""hydrogel_or_bioink"", ""cartilage"", ""culture_days"", ""mvp_relevant"", ""uniform_training_relevant"", ""chem:norbornene"", ""arch:3d_printed""]",AMBC_ZHPMsMV3s8cCkDQpNyYEABWcvpt
156,89.0,queued,38014647,10.1002/adhm.202302571,2024,Advanced healthcare materials,39,1,Mind the Viscous Modulus: The Mechanotransductive Response to the Viscous Nature of Isoelastic Matrices Regulates Stem Cell Chondrogenesis,"[""MSC"", ""material:PEG"", ""hydrogel_or_bioink"", ""cartilage"", ""abstract_kPa"", ""amass_fulltext_flag"", ""mvp_relevant"", ""uniform_training_relevant"", ""chem:rgd_conjugated"", ""arch:monolayer""]",AMBC_SEj5j6FEXnGn3ReL9MSM5JJ5Qru
157,89.0,queued,23323769,10.3109/03008207.2012.762360,2013,Connective tissue research,37,0,Response of sheep chondrocytes to changes in substrate stiffness from 2 to 20 Pa: effect of cell passaging,"[""chondrocyte"", ""material:collagen"", ""hydrogel_or_bioink"", ""cartilage"", ""abstract_kPa"", ""mvp_relevant"", ""uniform_training_relevant"", ""arch:monolayer""]",AMBC_6MS91v56s5cA6dfixdptQppKYNU
158,89.0,queued,21256989,10.1016/j.actbio.2011.01.025,2011,Acta biomaterialia,34,0,An in vitro study of two GAG-like marine polysaccharides incorporated into injectable hydrogels for bone and cartilage tissue engineering,"[""chondrocyte"", ""material:HA"", ""hydrogel_or_bioink"", ""cartilage"", ""abstract_kPa"", ""mvp_relevant"", ""uniform_training_relevant"", ""arch:injectable""]",AMBC_5415bhiJ2cmbXrdINE1YAZGRBfA
159,89.0,queued,35133126,10.1021/acsbiomaterials.1c01248,2022,ACS biomaterials science & engineering,30,1,Incorporation of a Collagen-Binding Chondroitin Sulfate Molecule to a Collagen Type I and II Blend Hydrogel for Cartilage Tissue Engineering,"[""chondrocyte"", ""MSC"", ""material:collagen"", ""hydrogel_or_bioink"", ""cartilage"", ""amass_fulltext_flag"", ""mvp_relevant"", ""uniform_training_relevant"", ""chem:sulfated""]",AMBC_CHpDOHaYQnVICq6cDRSabcmmxv8
160,89.0,queued,39220741,10.1093/rb/rbae097,2024,Regenerative biomaterials,25,1,3D printing of recombinant collagen/chitosan methacrylate/nanoclay hydrogels loaded with Kartogenin nanoparticles for cartilage regeneration,"[""chondrocyte"", ""MSC"", ""material:chitosan,collagen"", ""hydrogel_or_bioink"", ""cartilage"", ""amass_fulltext_flag"", ""mvp_relevant"", ""chem:methacrylated"", ""arch:3d_printed"", ""app:in_vivo_repair""]",AMBC_O458YljZcduoFRXzqSKJaqUgrVP
161,89.0,queued,32033151,10.3390/jcm9020423,2020,Journal of clinical medicine,20,1,Are the Immune Properties of Mesenchymal Stem Cells from Wharton's Jelly Maintained during Chondrogenic Differentiation?,"[""chondrocyte"", ""MSC"", ""material:HA,alginate"", ""hydrogel_or_bioink"", ""cartilage"", ""amass_fulltext_flag"", ""mvp_relevant"", ""uniform_training_relevant""]",AMBC_EwL47eLjtAvAaapve6XiXVmioN0
162,89.0,queued,37400079,10.1002/mabi.202300153,2023,Macromolecular bioscience,17,0,Bioactive Phenylboronic Acid-Functionalized Hyaluronic Acid Hydrogels Induce Chondro-Aggregates and Promote Chondrocyte Phenotype,"[""chondrocyte"", ""material:HA,collagen"", ""hydrogel_or_bioink"", ""cartilage"", ""abstract_kPa"", ""mvp_relevant"", ""uniform_training_relevant""]",AMBC_6iH8d6TznNOkiR8DjtsVxzlYuUl
163,89.0,queued,38567084,10.3389/fbioe.2024.1363241,2024,Frontiers in bioengineering and biotechnology,11,1,Natural based hydrogels promote chondrogenic differentiation of human mesenchymal stem cells,"[""chondrocyte"", ""MSC"", ""material:alginate,chitosan"", ""hydrogel_or_bioink"", ""cartilage"", ""amass_fulltext_flag"", ""mvp_relevant"", ""uniform_training_relevant""]",AMBC_TLu1RHub19qjs9e0E3OquzCmYMU
164,89.0,queued,36297870,10.3390/polym14204292,2022,Polymers,9,1,Injectable Cell-Laden Polysaccharide Hydrogels: In Vivo Evaluation of Cartilage Regeneration,"[""chondrocyte"", ""MSC"", ""material:HA,dextran"", ""hydrogel_or_bioink"", ""cartilage"", ""amass_fulltext_flag"", ""mvp_relevant"", ""chem:tyramine"", ""arch:injectable"", ""app:in_vivo_repair""]",AMBC_MYMxQVl8gvQ29fbseMpN3shont5
165,89.0,queued,34891148,10.1088/1748-605X/ac41fc,2021,"Biomedical materials (Bristol, England)",8,0,Hydrogels with tunable modulus regulate chondrocyte microaggregates growth for cartilage repair,"[""chondrocyte"", ""material:PVA,chitosan"", ""hydrogel_or_bioink"", ""cartilage"", ""abstract_kPa"", ""mvp_relevant"", ""chem:methacrylated"", ""arch:ipn"", ""app:in_vivo_repair""]",AMBC_7poYrIR8g4hTh1B4Azf6nj2MhIf
166,89.0,queued,37453976,10.1007/s10439-023-03313-y,2023,Annals of biomedical engineering,7,1,Investigating the Interplay Between Matrix Compliance and Passaging History on Chondrogenic Differentiation of Mesenchymal Stem Cells Encapsulated Within Alginate-Gelatin Hybrid Hydrogels,"[""MSC"", ""material:alginate,collagen,gelatin"", ""hydrogel_or_bioink"", ""cartilage"", ""abstract_kPa"", ""amass_fulltext_flag"", ""mvp_relevant"", ""uniform_training_relevant""]",AMBC_DLwTUFFEfP7bpjdB3zXBrB6b3mB
167,89.0,queued,40799372,10.3389/fbioe.2025.1606726,2025,Frontiers in bioengineering and biotechnology,6,1,Bioadhesive chitosan hydrogel with dynamic covalent bonds and sustained kartogenin release for endogenous cartilage regeneration,"[""MSC"", ""material:PEG,chitosan,collagen"", ""hydrogel_or_bioink"", ""cartilage"", ""abstract_kPa"", ""amass_fulltext_flag"", ""mvp_relevant"", ""chem:dopamine"", ""arch:injectable"", ""app:in_vivo_repair""]",AMBC_UVBUS7v9mg2unEIaqR6KqxRctdU
168,89.0,queued,30311630,10.22203/eCM.v036a12,2018,European cells & materials,3,1,Lentiviral-based reporter constructs for profiling chondrogenic activity in primary equine cell populations,"[""chondrocyte"", ""MSC"", ""material:HA,PEG"", ""hydrogel_or_bioink"", ""cartilage"", ""TGF_b3"", ""amass_fulltext_flag"", ""mvp_relevant"", ""app:in_vivo_repair""]",AMBC_1cWQdCIgMfArOAu29okzZE27W8B
169,89.0,queued,41297804,10.1016/j.ijbiomac.2025.149228,2026,International journal of biological macromolecules,3,0,Chondroprotective effects of madecassoside incorporated alginate di-aldehyde gelatin hydrogel on IL-1 β induced in vitro osteoarthritic model,"[""chondrocyte"", ""material:alginate,gelatin"", ""hydrogel_or_bioink"", ""cartilage"", ""abstract_kPa"", ""mvp_relevant"", ""chem:oxidized"", ""arch:injectable"", ""app:osteoarthritis""]",AMBC_FTYcffnrHu2dKn6F7AYHkmhkXJ
170,89.0,queued,40609599,10.1088/1748-605X/adebd2,2025,"Biomedical materials (Bristol, England)",1,0,Decellularized lucky bamboo scaffolds for cartilage tissue engineering,"[""chondrocyte"", ""material:cellulose,collagen"", ""hydrogel_or_bioink"", ""cartilage"", ""abstract_kPa"", ""mvp_relevant"", ""uniform_training_relevant""]",AMBC_4l2xjSXPBbQQ3GcCfOW56yRnmlc
171,89.0,queued,42641414,10.1016/j.bioadv.2026.215130,2026,Biomaterials advances,0,0,A stiffness-tunable 3D alginate-collagen-hyaluronic acid model reveals the matrix-dependent chondroprotection of quercetin in osteoarthritis,"[""chondrocyte"", ""material:HA,alginate,collagen"", ""hydrogel_or_bioink"", ""cartilage"", ""abstract_kPa"", ""mvp_relevant"", ""arch:monolayer"", ""app:osteoarthritis""]",AMBC_ApxCIN6MVTCRH81InWLUncW6KGq
172,89.0,queued,20803451,,2004,Journal of applied biomaterials & biomechanics : JABB,0,0,A comparative evaluation of chondrocyte/scaffold constructs for cartilage tissue engineering,"[""chondrocyte"", ""material:collagen,fibrin"", ""hydrogel_or_bioink"", ""cartilage"", ""abstract_kPa"", ""mvp_relevant"", ""uniform_training_relevant""]",AMBC_MlTt14Xx0scyA1cPMMRgUEL82yB
173,88.0,queued,16691412,10.1007/s10237-006-0042-1,2007,Biomechanics and modeling in mechanobiology,237,0,Regulation of cartilaginous ECM gene transcription by chondrocytes and MSCs in 3D culture in response to dynamic loading,"[""chondrocyte"", ""MSC"", ""material:agarose,collagen"", ""hydrogel_or_bioink"", ""cartilage"", ""culture_days"", ""well_cited"", ""mvp_relevant"", ""uniform_training_relevant""]",AMBC_7Nb3ievl2j7JyGNgIsZGqCg9tft
174,88.0,queued,22314040,10.1186/ar3735,2012,Arthritis research & therapy,215,1,Direct transplantation of mesenchymal stem cells into the knee joints of Hartley strain guinea pigs with spontaneous osteoarthritis,"[""chondrocyte"", ""MSC"", ""material:HA,collagen"", ""hydrogel_or_bioink"", ""cartilage"", ""amass_fulltext_flag"", ""well_cited"", ""mvp_relevant"", ""app:osteoarthritis""]",AMBC_OBFbgi0VYd2DpEhL572m9WvZa91
175,88.0,queued,22546516,10.1016/j.actbio.2012.04.033,2012,Acta biomaterialia,179,1,High mesenchymal stem cell seeding densities in hyaluronic acid hydrogels produce engineered cartilage with native tissue properties,"[""MSC"", ""material:HA"", ""hydrogel_or_bioink"", ""cartilage"", ""abstract_kPa"", ""amass_fulltext_flag"", ""well_cited"", ""mvp_relevant"", ""uniform_training_relevant""]",AMBC_YuV4Bg2V80lepws0adlZmknyUK
176,88.0,queued,29208903,10.1038/s41598-017-16523-x,2017,Scientific reports,128,1,A novel bioreactor system for biaxial mechanical loading enhances the properties of tissue-engineered human cartilage,"[""chondrocyte"", ""material:GelMA,HA,gelatin"", ""hydrogel_or_bioink"", ""cartilage"", ""amass_fulltext_flag"", ""well_cited"", ""mvp_relevant"", ""uniform_training_relevant"", ""chem:methacrylated""]",AMBC_XIGHKROzCHpsQqPw5SddRA0jtT8
177,88.0,queued,34991615,10.1186/s12951-021-01230-7,2022,Journal of nanobiotechnology,112,1,Hydrogel composite scaffolds achieve recruitment and chondrogenesis in cartilage tissue engineering applications,"[""chondrocyte"", ""MSC"", ""material:GelMA"", ""hydrogel_or_bioink"", ""cartilage"", ""amass_fulltext_flag"", ""well_cited"", ""mvp_relevant"", ""chem:methacrylated"", ""app:in_vivo_repair""]",AMBC_W0fU6VIBgyspdUGspI3hpwMM4cC
178,88.0,queued,17724095,10.1177/0363546507305017,2007,The American journal of sports medicine,110,0,Analysis of cartilage tissue on a cellular level in fresh osteochondral allograft retrievals,"[""chondrocyte"", ""hydrogel_or_bioink"", ""cartilage"", ""abstract_viability_%"", ""well_cited"", ""mvp_relevant"", ""uniform_training_relevant"", ""app:osteochondral""]",AMBC_ZnrqS20zVmd0PGpvaOkMP9x7gGG
179,88.0,queued,28888201,10.1016/j.colsurfb.2017.08.035,2017,"Colloids and surfaces. B, Biointerfaces",50,0,TGF-β1 presenting enzymatically cross-linked injectable hydrogels for improved chondrogenesis,"[""chondrocyte"", ""MSC"", ""material:cellulose,collagen,gelatin"", ""hydrogel_or_bioink"", ""cartilage"", ""mvp_relevant"", ""uniform_training_relevant"", ""chem:sulfated"", ""arch:injectable""]",AMBC_2qIObieLdvBEpeae16wR4TR5z9T
180,88.0,queued,28773410,10.3390/ma9040285,2016,"Materials (Basel, Switzerland)",40,1,A Hydrogel Model Incorporating 3D-Plotted Hydroxyapatite for Osteochondral Tissue Engineering,"[""chondrocyte"", ""material:GelMA,HA,alginate,gelatin"", ""hydrogel_or_bioink"", ""cartilage"", ""amass_fulltext_flag"", ""mvp_relevant"", ""uniform_training_relevant"", ""chem:methacrylated"", ""app:osteochondral""]",AMBC_7tezYYJ3Ecm70l1y3duUYOPF04V
181,88.0,queued,38229196,10.1186/s13287-024-03632-4,2024,Stem cell research & therapy,23,1,Comparison of the ability of exosomes and ectosomes derived from adipose-derived stromal cells to promote cartilage regeneration in a rat osteochondral defect model,"[""chondrocyte"", ""MSC"", ""material:collagen"", ""hydrogel_or_bioink"", ""cartilage"", ""amass_fulltext_flag"", ""mvp_relevant"", ""uniform_training_relevant"", ""app:osteochondral""]",AMBC_HOruJmo23iup2rlEhrZL7psgzUe
182,88.0,queued,37208690,10.1186/s40824-023-00370-1,2023,Biomaterials research,22,1,Regenerated silk fibroin based on small aperture scaffolds and marginal sealing hydrogel for osteochondral defect repair,"[""chondrocyte"", ""MSC"", ""material:silk_fibrin"", ""hydrogel_or_bioink"", ""cartilage"", ""amass_fulltext_flag"", ""mvp_relevant"", ""uniform_training_relevant"", ""app:osteochondral""]",AMBC_T3ArQ5bM5pyqnue3ClvPLlfG1bN
183,88.0,queued,30223736,10.1177/0885328218794163,2018,Journal of biomaterials applications,21,0,Development of a novel hybrid bioactive hydrogel for future clinical applications,"[""MSC"", ""material:PVA,alginate,collagen"", ""hydrogel_or_bioink"", ""cartilage"", ""abstract_kPa"", ""culture_days"", ""mvp_relevant"", ""uniform_training_relevant"", ""chem:methacrylated"", ""app:auricular""]",AMBC_7LMq9B01Jw9bNAVge5q7ncN7u2j
184,88.0,queued,30793536,10.1002/term.2827,2019,Journal of tissue engineering and regenerative medicine,18,1,The effects of dynamic compressive loading on human mesenchymal stem cell osteogenesis in the stiff layer of a bilayer hydrogel,"[""MSC"", ""material:collagen"", ""hydrogel_or_bioink"", ""cartilage"", ""abstract_kPa"", ""amass_fulltext_flag"", ""mvp_relevant"", ""uniform_training_relevant"", ""arch:bilayer"", ""app:osteochondral""]",AMBC_QCyWR2xpAaJfRfbt5kvht3n1sZL
185,88.0,queued,30214515,10.3892/etm.2018.6551,2018,Experimental and therapeutic medicine,13,1,Co-culture of bone marrow stromal cells and chondrocytes <i>in vivo</i> for the repair of the goat condylar cartilage defects.,"[""chondrocyte"", ""MSC"", ""material:collagen"", ""hydrogel_or_bioink"", ""cartilage"", ""amass_fulltext_flag"", ""mvp_relevant"", ""uniform_training_relevant"", ""app:auricular""]",EPMC_30214515
186,88.0,queued,34440671,10.3390/cells10081903,2021,Cells,10,1,An In Vitro System to Study the Effect of Subchondral Bone Health on Articular Cartilage Repair in Humans,"[""chondrocyte"", ""MSC"", ""material:agarose"", ""hydrogel_or_bioink"", ""cartilage"", ""amass_fulltext_flag"", ""mvp_relevant"", ""uniform_training_relevant"", ""app:osteochondral""]",AMBC_aHE8XcZjmrir2p5tIUShPQHrOpI
187,88.0,queued,38247833,10.3390/cells13020141,2024,Cells,4,1,Suitability of Ex Vivo-Expanded Microtic Perichondrocytes for Auricular Reconstruction,"[""chondrocyte"", ""MSC"", ""material:collagen"", ""hydrogel_or_bioink"", ""cartilage"", ""amass_fulltext_flag"", ""mvp_relevant"", ""uniform_training_relevant"", ""app:auricular""]",AMBC_QeQf8tdWolJe54i0E5tO2hdU40V
188,88.0,queued,31381498,10.1051/rmr/190001,2019,Regenerative medicine research,2,1,Implant-type tissue-engineered cartilage derived from human auricular chondrocyte may maintain cartilaginous property even under osteoinductive condition.,"[""chondrocyte"", ""MSC"", ""material:collagen"", ""hydrogel_or_bioink"", ""cartilage"", ""amass_fulltext_flag"", ""mvp_relevant"", ""uniform_training_relevant"", ""app:auricular""]",EPMC_31381498
189,88.0,queued,41332939,10.1016/j.mtbio.2025.102560,2025,Materials today. Bio,0,1,Cryogenic 3D printing of heterogeneous scaffolds with capability to spatially tune cellular morphology of mesenchymal stem cells for integrated osteochondral regeneration,"[""chondrocyte"", ""MSC"", ""material:gelatin"", ""hydrogel_or_bioink"", ""cartilage"", ""amass_fulltext_flag"", ""mvp_relevant"", ""uniform_training_relevant"", ""app:osteochondral""]",AMBC_5EB4Ocyz1soOIdnr7yRLENdOlwp
190,88.0,queued,41549308,10.1186/s41065-026-00635-4,2026,Hereditas,0,1,Efficacy of nano-silver small intestine submucosa repair of osteochondral defect in rabbit model by the AMPK-mTOR-ULK1 pathway,"[""chondrocyte"", ""MSC"", ""material:collagen"", ""hydrogel_or_bioink"", ""cartilage"", ""amass_fulltext_flag"", ""mvp_relevant"", ""uniform_training_relevant"", ""app:osteochondral""]",AMBC_N1bez1JGKNOGRPkmqF0vze55iqj
191,88.0,queued,42434726,10.1016/j.mtbio.2026.103415,2026,Materials today. Bio,0,1,Photopolymerizable placenta-derived ECM hydrogel enhances hUC-MSC-mediated wound healing via coordinated immunomodulation and angiogenesis.,"[""MSC"", ""material:HA"", ""hydrogel_or_bioink"", ""abstract_viability_%"", ""amass_fulltext_flag"", ""mvp_relevant"", ""uniform_training_relevant"", ""chem:methacrylated""]",EPMC_42434726
192,88.0,queued,42502318,10.1016/j.bioactmat.2026.07.024,2026,Bioactive materials,0,0,Chondrogenic niche hydrogel microspheres facilitate cartilage regeneration in osteoarthritis,"[""chondrocyte"", ""MSC"", ""material:GelMA,HA,gelatin"", ""hydrogel_or_bioink"", ""cartilage"", ""TGF_b3"", ""mvp_relevant"", ""chem:methacrylated"", ""arch:microsphere"", ""app:osteoarthritis""]",AMBC_Cqet7i7TOt6ql1hF4gyWcuBme8A
193,87.0,queued,32427838,10.1038/s41598-020-65050-9,2020,Scientific reports,135,1,3D Bioprinting of osteochondral tissue substitutes - in vitro-chondrogenesis in multi-layered mineralized constructs,"[""chondrocyte"", ""material:alginate,collagen"", ""hydrogel_or_bioink"", ""cartilage"", ""amass_fulltext_flag"", ""well_cited"", ""mvp_relevant"", ""uniform_training_relevant"", ""arch:3d_printed"", ""app:osteochondral""]",AMBC_Y1E11Q1ouTA26HxhvvPppZPcorP
194,87.0,queued,23541928,10.1016/j.jconrel.2013.03.013,2013,Journal of controlled release : official journal of the Controlled Release Society,133,1,Osteochondral tissue regeneration using a bilayered composite hydrogel with modulating dual growth factor release kinetics in a rabbit model,"[""chondrocyte"", ""material:gelatin"", ""hydrogel_or_bioink"", ""cartilage"", ""TGF_b3"", ""amass_fulltext_flag"", ""well_cited"", ""mvp_relevant"", ""uniform_training_relevant"", ""app:osteochondral""]",AMBC_32EcmHPSn5UvyvRDyF73R8xPD1h
195,87.0,queued,21216457,10.1016/j.biomaterials.2010.12.024,2011,Biomaterials,110,1,"Controlling the adhesion and differentiation of mesenchymal stem cells using hyaluronic acid-based, doubly crosslinked networks","[""MSC"", ""material:HA,collagen,gelatin"", ""hydrogel_or_bioink"", ""abstract_kPa"", ""culture_days"", ""amass_fulltext_flag"", ""well_cited"", ""mvp_relevant"", ""chem:methacrylated"", ""app:bone""]",AMBC_NbUd8vs3kDWOBZNw5W4rgcOIEzm
196,87.0,queued,20020100,10.1007/s00167-009-1017-4,2010,"Knee surgery, sports traumatology, arthroscopy : official journal of the ESSKA",96,0,Chondrogenesis in a hyaluronic acid scaffold: comparison between chondrocytes and MSC from bone marrow and adipose tissue,"[""chondrocyte"", ""MSC"", ""material:HA,collagen"", ""hydrogel_or_bioink"", ""cartilage"", ""well_cited"", ""mvp_relevant"", ""uniform_training_relevant"", ""arch:monolayer""]",AMBC_93BqaRukiu0VBM0zT0MvDiPxP8O
197,87.0,queued,19033681,10.1159/000178024,2009,"Cells, tissues, organs",88,0,Low oxygen expansion improves subsequent chondrogenesis of ovine bone-marrow-derived mesenchymal stem cells in collagen type I hydrogel,"[""chondrocyte"", ""MSC"", ""material:collagen"", ""hydrogel_or_bioink"", ""cartilage"", ""well_cited"", ""mvp_relevant"", ""uniform_training_relevant"", ""chem:sulfated"", ""arch:monolayer""]",AMBC_PKPTgnweu2OwYWz9K7Dk2MrvYV0
198,87.0,queued,30914256,10.1016/j.actbio.2019.03.046,2019,Acta biomaterialia,58,1,An in vitro and in vivo comparison of cartilage growth in chondrocyte-laden matrix metalloproteinase-sensitive poly(ethylene glycol) hydrogels with localized transforming growth factor β3,"[""chondrocyte"", ""material:PEG,collagen"", ""hydrogel_or_bioink"", ""cartilage"", ""culture_days"", ""TGF_b3"", ""amass_fulltext_flag"", ""mvp_relevant"", ""chem:sulfated"", ""arch:monolayer"", ""app:in_vivo_repair""]",AMBC_UgFFHZMYgVNosMv6zLxurnu7ur8
199,87.0,queued,26602826,10.1016/j.actbio.2015.11.024,2016,Acta biomaterialia,38,1,A micro-architecturally biomimetic collagen template for mesenchymal condensation based cartilage regeneration,"[""MSC"", ""material:collagen"", ""hydrogel_or_bioink"", ""cartilage"", ""abstract_kPa"", ""culture_days"", ""amass_fulltext_flag"", ""mvp_relevant"", ""uniform_training_relevant""]",AMBC_HM4TXDSMfkWdMIzqJ8V9FVqqQaw
200,87.0,queued,38056750,10.1016/j.ijbiomac.2023.128593,2024,International journal of biological macromolecules,32,0,Biomimetic injectable and bilayered hydrogel scaffold based on collagen and chondroitin sulfate for the repair of osteochondral defects,"[""chondrocyte"", ""MSC"", ""material:PEG,collagen"", ""hydrogel_or_bioink"", ""cartilage"", ""mvp_relevant"", ""uniform_training_relevant"", ""chem:sulfated"", ""arch:bilayer"", ""app:osteochondral""]",AMBC_C5f0uCCjAx5hOFz4v1sPLpNn3CF
201,87.0,queued,34068542,10.3390/polym13091526,2021,Polymers,27,1,Engineering of Optimized Hydrogel Formulations for Cartilage Repair,"[""chondrocyte"", ""material:HA,dextran"", ""hydrogel_or_bioink"", ""cartilage"", ""culture_days"", ""amass_fulltext_flag"", ""mvp_relevant"", ""uniform_training_relevant"", ""chem:tyramine"", ""arch:injectable""]",AMBC_ZFdsNEY3somX5IIMTjeah9c2eRx
202,87.0,queued,39347711,10.1039/d4bm00233d,2024,Biomaterials science,25,1,Porosity dominates over microgel stiffness for promoting chondrogenesis in zwitterionic granular hydrogels,"[""chondrocyte"", ""hydrogel_or_bioink"", ""cartilage"", ""abstract_kPa"", ""amass_fulltext_flag"", ""mvp_relevant"", ""uniform_training_relevant"", ""chem:methacrylated"", ""arch:microgel""]",AMBC_YLxy8Yn93SaGGou1cEbeet9LifK
203,87.0,queued,36074133,10.1021/acsbiomaterials.2c00445,2022,ACS biomaterials science & engineering,16,0,"Implementation of Photosensitive, Injectable, Interpenetrating, and Kartogenin-Modified GELMA/PEDGA Biomimetic Scaffolds to Restore Cartilage Integrity in a Full-Thickness Osteochondral Defect Model","[""chondrocyte"", ""MSC"", ""material:GelMA,PEG"", ""hydrogel_or_bioink"", ""cartilage"", ""mvp_relevant"", ""uniform_training_relevant"", ""chem:methacrylated"", ""arch:ipn"", ""app:osteochondral""]",AMBC_8HObaLFIUvwALWL0aANN6xbVg9u
204,87.0,queued,39988676,10.1186/s13287-025-04215-7,2025,Stem cell research & therapy,14,1,Autologous iPSC- and MSC-derived chondrocyte implants for cartilage repair in a miniature pig model,"[""chondrocyte"", ""MSC"", ""material:fibrin"", ""hydrogel_or_bioink"", ""cartilage"", ""culture_days"", ""amass_fulltext_flag"", ""mvp_relevant"", ""arch:fiber"", ""app:in_vivo_repair""]",AMBC_MF432ba9PYL9PEjAHjyH1UsN7B2
205,87.0,queued,38700242,10.1039/d4tb00323c,2024,Journal of materials chemistry. B,12,0,Bioprinted biomimetic hydrogel matrices guiding stem cell aggregates for enhanced chondrogenesis and cartilage regeneration,"[""material:GelMA,chitosan,collagen"", ""hydrogel_or_bioink"", ""cartilage"", ""abstract_viability_%"", ""culture_days"", ""mvp_relevant"", ""uniform_training_relevant"", ""chem:methacrylated"", ""arch:3d_printed""]",AMBC_Kn1HnYI3S1QDpWOaOTmpF7lcBuC
206,87.0,queued,40047248,10.1002/mabi.202400515,2025,Macromolecular bioscience,9,1,Silk Fibroin-Based Hydrogels Supplemented with Decellularized Extracellular Matrix and Gelatin Facilitate 3D Bioprinting for Meniscus Tissue Engineering.,"[""MSC"", ""material:gelatin,silk_fibrin"", ""hydrogel_or_bioink"", ""cartilage"", ""abstract_kPa"", ""culture_days"", ""amass_fulltext_flag"", ""mvp_relevant"", ""arch:3d_printed"", ""app:osteoarthritis""]",EPMC_40047248
207,87.0,queued,40047248,10.1002/mabi.202400515,2025,Macromolecular bioscience,8,1,Silk Fibroin-Based Hydrogels Supplemented with Decellularized Extracellular Matrix and Gelatin Facilitate 3D Bioprinting for Meniscus Tissue Engineering,"[""MSC"", ""material:gelatin,silk_fibrin"", ""hydrogel_or_bioink"", ""cartilage"", ""abstract_kPa"", ""culture_days"", ""amass_fulltext_flag"", ""mvp_relevant"", ""arch:3d_printed"", ""app:osteoarthritis""]",AMBC_9AmDPU5BUSCpaPT5IepjVKtbpfp
208,87.0,queued,41440628,10.3390/jfb16120451,2025,Journal of functional biomaterials,2,1,Three-Dimensional Bioprinting of Regenerative Cartilage Constructs with Directional Ionically Derived Stiffness Gradients,"[""chondrocyte"", ""hydrogel_or_bioink"", ""cartilage"", ""abstract_kPa"", ""amass_fulltext_flag"", ""mvp_relevant"", ""uniform_training_relevant"", ""chem:sulfated"", ""arch:3d_printed""]",AMBC_IUkwrpC41KnaXKBWu57hYbfx8yE
209,87.0,queued,39886992,10.1039/d4bm01251h,2025,Biomaterials science,2,1,3D bioprinted ferret mesenchymal stem cell-laden cartilage grafts for laryngotracheal reconstruction in a ferret surgical model.,"[""chondrocyte"", ""MSC"", ""material:collagen"", ""hydrogel_or_bioink"", ""cartilage"", ""culture_days"", ""amass_fulltext_flag"", ""mvp_relevant"", ""arch:3d_printed"", ""app:in_vivo_repair""]",EPMC_39886992
210,87.0,queued,41437626,10.1177/19476035251407298,2025,Cartilage,1,1,Starch-Gelatin-Based Scaffolds for Cartilage Defect Repair: An in vitro Study Supporting Its Potential Clinical Use,"[""chondrocyte"", ""material:HA,chitosan,collagen,gelatin"", ""hydrogel_or_bioink"", ""cartilage"", ""culture_days"", ""amass_fulltext_flag"", ""mvp_relevant"", ""uniform_training_relevant""]",AMBC_KhMRpKAjrQIg7ZUVhEMJJeT7AEl
211,87.0,queued,38671796,10.3390/bioengineering11040375,2024,"Bioengineering (Basel, Switzerland)",1,1,Evaluation of Alginate Hydrogel Microstrands for Stromal Cell Encapsulation and Maintenance.,"[""MSC"", ""material:alginate"", ""hydrogel_or_bioink"", ""abstract_viability_%"", ""amass_fulltext_flag"", ""mvp_relevant"", ""uniform_training_relevant"", ""app:in_vivo_repair""]",EPMC_38671796
212,87.0,queued,38671796,10.3390/bioengineering11040375,2024,"Bioengineering (Basel, Switzerland)",1,1,Evaluation of Alginate Hydrogel Microstrands for Stromal Cell Encapsulation and Maintenance,"[""MSC"", ""material:alginate"", ""hydrogel_or_bioink"", ""abstract_viability_%"", ""amass_fulltext_flag"", ""mvp_relevant"", ""uniform_training_relevant"", ""app:in_vivo_repair""]",AMBC_MUaKXY5ZI8SyvcUrn4QfSwy3GzN
213,86.0,queued,15866954,10.2106/JBJS.D.02104,2005,The Journal of bone and joint surgery. American volume,196,0,Tissue-engineered osteochondral constructs in the shape of an articular condyle,"[""chondrocyte"", ""MSC"", ""material:PEG,collagen"", ""hydrogel_or_bioink"", ""cartilage"", ""well_cited"", ""mvp_relevant"", ""uniform_training_relevant"", ""app:osteochondral""]",AMBC_A3AU4UWRX5t0unM68fVw0PmQ2Ku
214,86.0,queued,31320905,10.1155/2019/2186728,2019,Stem cells international,59,1,Characterization of Different Sources of Human MSCs Expanded in Serum-Free Conditions with Quantification of Chondrogenic Induction in 3D,"[""chondrocyte"", ""MSC"", ""material:collagen"", ""hydrogel_or_bioink"", ""cartilage"", ""amass_fulltext_flag"", ""mvp_relevant"", ""uniform_training_relevant""]",AMBC_JxO22TNOsq9AMKGveUd4dnMjrFM
215,86.0,queued,30488014,10.7717/peerj.5809,2018,PeerJ,55,1,Chondrogenic differentiation of adipose-derived mesenchymal stem cells induced by L-ascorbic acid and platelet rich plasma on silk fibroin scaffold,"[""chondrocyte"", ""MSC"", ""material:silk_fibrin"", ""hydrogel_or_bioink"", ""cartilage"", ""amass_fulltext_flag"", ""mvp_relevant"", ""uniform_training_relevant""]",AMBC_OxdlUMhd1c39PR05b6mUgz55KDy
216,86.0,queued,32254371,10.1039/c7tb02172k,2018,Journal of materials chemistry. B,52,0,Chondroinductive factor-free chondrogenic differentiation of human mesenchymal stem cells in graphene oxide-incorporated hydrogels,"[""MSC"", ""material:PEG,collagen"", ""hydrogel_or_bioink"", ""cartilage"", ""abstract_viability_%"", ""mvp_relevant"", ""uniform_training_relevant""]",AMBC_UAs81jU5ByPLUIydIk4P490oVjc
217,86.0,queued,34350163,10.3389/fbioe.2021.697281,2021,Frontiers in bioengineering and biotechnology,45,1,Effects of Mechanical Compression on Chondrogenesis of Human Synovium-Derived Mesenchymal Stem Cells in Agarose Hydrogel,"[""chondrocyte"", ""MSC"", ""material:agarose"", ""hydrogel_or_bioink"", ""cartilage"", ""amass_fulltext_flag"", ""mvp_relevant"", ""uniform_training_relevant""]",AMBC_VAbPUyovTKJowRx07jMnenQe9HV
218,86.0,queued,36135266,10.3390/gels8090555,2022,"Gels (Basel, Switzerland)",42,1,Hydroxyapatite Reinforced Polyvinyl Alcohol/Polyvinyl Pyrrolidone Based Hydrogel for Cartilage Replacement,"[""MSC"", ""material:PVA"", ""hydrogel_or_bioink"", ""cartilage"", ""abstract_kPa"", ""amass_fulltext_flag"", ""mvp_relevant"", ""uniform_training_relevant"", ""chem:freeze_thaw""]",AMBC_Ve5ib4b7yNi7if99HeW4Pwapgzb
219,86.0,queued,34245894,10.1016/j.actbio.2021.07.007,2021,Acta biomaterialia,41,0,Stimuli-responsive biphenyl-tripeptide supramolecular hydrogels as biomimetic extracellular matrix scaffolds for cartilage tissue engineering,"[""chondrocyte"", ""material:collagen"", ""hydrogel_or_bioink"", ""cartilage"", ""abstract_kPa"", ""mvp_relevant"", ""uniform_training_relevant""]",AMBC_N1MBYBOrIHzX7eVAyarspYjaaRp
220,86.0,queued,25746258,10.1016/j.msec.2015.01.082,2015,"Materials science & engineering. C, Materials for biological applications",38,0,Chondrogenesis of human bone marrow mesenchymal stromal cells in highly porous alginate-foams supplemented with chondroitin sulfate,"[""chondrocyte"", ""MSC"", ""material:alginate,collagen"", ""hydrogel_or_bioink"", ""cartilage"", ""culture_days"", ""mvp_relevant"", ""uniform_training_relevant"", ""chem:sulfated""]",AMBC_EFCwpcRIyh25RL7Upqsj1yHoKhR
221,86.0,queued,25207597,10.3390/ijms150915821,2014,International journal of molecular sciences,36,1,The influence of IL-10 and TNFα on chondrogenesis of human mesenchymal stromal cells in three-dimensional cultures,"[""chondrocyte"", ""MSC"", ""material:collagen"", ""hydrogel_or_bioink"", ""cartilage"", ""amass_fulltext_flag"", ""mvp_relevant"", ""uniform_training_relevant""]",AMBC_3MulJUZIQBM8ponL8QO5gNLanbm
222,86.0,queued,40113809,10.1038/s41467-025-58059-z,2025,Nature communications,33,1,Injectable bioadhesive and lubricating hydrogel with polyphenol mediated single atom nanozyme for rheumatoid arthritis therapy.,"[""chondrocyte"", ""MSC"", ""material:HA"", ""hydrogel_or_bioink"", ""cartilage"", ""amass_fulltext_flag"", ""mvp_relevant"", ""chem:dopamine"", ""arch:injectable"", ""app:in_vivo_repair""]",EPMC_40113809
223,86.0,queued,36662086,10.3390/jfb14010039,2023,Journal of functional biomaterials,32,1,BMSCs-Seeded Interpenetrating Network GelMA/SF Composite Hydrogel for Articular Cartilage Repair,"[""MSC"", ""material:GelMA,silk_fibrin"", ""hydrogel_or_bioink"", ""cartilage"", ""abstract_kPa"", ""amass_fulltext_flag"", ""mvp_relevant"", ""chem:methacrylated"", ""arch:ipn"", ""app:in_vivo_repair""]",AMBC_GPaHbrj1yyQQAXeWylx5ozgp1gL
224,86.0,queued,36177180,10.3389/fbioe.2022.994816,2022,Frontiers in bioengineering and biotechnology,28,1,Dual role of injectable curcumin-loaded microgels for efficient repair of osteoarthritic cartilage injury,"[""chondrocyte"", ""MSC"", ""material:GelMA"", ""hydrogel_or_bioink"", ""cartilage"", ""amass_fulltext_flag"", ""mvp_relevant"", ""chem:methacrylated"", ""arch:microgel"", ""app:osteoarthritis""]",AMBC_4v0ofRYdm84yroHV837KHIO7kDn
225,86.0,queued,33463171,10.1021/acsbiomaterials.9b01792,2020,ACS biomaterials science & engineering,23,1,Gelatin-Based Microribbon Hydrogels Support Robust MSC Osteogenesis across a Broad Range of Stiffness,"[""MSC"", ""material:HA,collagen,gelatin"", ""hydrogel_or_bioink"", ""cartilage"", ""abstract_kPa"", ""amass_fulltext_flag"", ""mvp_relevant"", ""arch:injectable"", ""app:bone""]",AMBC_FnNCg1b3fxQIQSlPovY09xzRax2
226,86.0,queued,33842448,10.3389/fbioe.2021.653509,2021,Frontiers in bioengineering and biotechnology,19,1,3D Silk Fiber Construct Embedded Dual-Layer PEG Hydrogel for Articular Cartilage Repair - In vitro Assessment,"[""MSC"", ""material:PEG"", ""hydrogel_or_bioink"", ""cartilage"", ""abstract_kPa"", ""amass_fulltext_flag"", ""mvp_relevant"", ""uniform_training_relevant"", ""chem:norbornene""]",AMBC_XRrhHIxSsH6jWpBfX4e1Ai64dmE
227,86.0,queued,30881462,10.1155/2019/5130152,2019,Stem cells international,19,1,Coculture of hWJMSCs and pACs in Oriented Scaffold Enhances Hyaline Cartilage Regeneration In Vitro,"[""chondrocyte"", ""MSC"", ""material:collagen"", ""hydrogel_or_bioink"", ""cartilage"", ""amass_fulltext_flag"", ""mvp_relevant"", ""uniform_training_relevant""]",AMBC_IpyxuJBZdaJWMxnL35NG2nfU1Po
228,86.0,queued,28536617,10.1186/s11658-016-0012-2,2016,Cellular & molecular biology letters,18,1,Changes in expression of cartilaginous genes during chondrogenesis of Wharton's jelly mesenchymal stem cells on three-dimensional biodegradable poly(L-lactide-co-glycolide) scaffolds,"[""chondrocyte"", ""MSC"", ""material:collagen"", ""hydrogel_or_bioink"", ""cartilage"", ""amass_fulltext_flag"", ""mvp_relevant"", ""uniform_training_relevant""]",AMBC_LiIdsEMlC4LlGlmkg2Yb5PXj9ud
229,86.0,queued,39057446,10.3390/gels10070422,2024,"Gels (Basel, Switzerland)",16,1,Fabrication and Characterization of Porous PEGDA Hydrogels for Articular Cartilage Regeneration,"[""chondrocyte"", ""MSC"", ""material:PEG"", ""hydrogel_or_bioink"", ""cartilage"", ""amass_fulltext_flag"", ""mvp_relevant"", ""uniform_training_relevant""]",AMBC_ZyKw4aAOOgLYbtqlmYBqVgs6vdA
230,86.0,queued,17822149,10.1243/09544119JEIM205,2007,"Proceedings of the Institution of Mechanical Engineers. Part H, Journal of engineering in medicine",13,0,Nanomechanical properties of alginate-recovered chondrocyte matrices for cartilage regeneration,"[""chondrocyte"", ""material:alginate"", ""hydrogel_or_bioink"", ""cartilage"", ""abstract_kPa"", ""mvp_relevant"", ""uniform_training_relevant""]",AMBC_PeKoYJuFbfuqRrWtHtgjnb765Mo
231,86.0,queued,23251354,10.1371/journal.pone.0049971,2012,PloS one,11,1,MR imaging features of gadofluorine-labeled matrix-associated stem cell implants in cartilage defects,"[""chondrocyte"", ""MSC"", ""material:collagen"", ""hydrogel_or_bioink"", ""cartilage"", ""amass_fulltext_flag"", ""mvp_relevant"", ""uniform_training_relevant""]",AMBC_DNNEzObfwaPWFr3nLZNJWBgzAVj
232,86.0,queued,40349364,10.1002/jbm.a.37928,2025,Journal of biomedical materials research. Part A,6,1,Mesenchymal Stromal Cell Chondrogenic Differentiation Induced by Continuous Stiffness Gradient in Photocrosslinkable Hydrogels.,"[""MSC"", ""material:alginate"", ""hydrogel_or_bioink"", ""cartilage"", ""abstract_kPa"", ""amass_fulltext_flag"", ""mvp_relevant"", ""uniform_training_relevant"", ""chem:methacrylated""]",EPMC_40349364
233,86.0,queued,40349364,10.1002/jbm.a.37928,2025,Journal of biomedical materials research. Part A,6,1,Mesenchymal Stromal Cell Chondrogenic Differentiation Induced by Continuous Stiffness Gradient in Photocrosslinkable Hydrogels,"[""MSC"", ""material:alginate"", ""hydrogel_or_bioink"", ""cartilage"", ""abstract_kPa"", ""amass_fulltext_flag"", ""mvp_relevant"", ""uniform_training_relevant"", ""chem:methacrylated""]",AMBC_YtAtUFPgrcLlRksaQZrtseciMWU
234,86.0,queued,39580987,10.1016/j.bioadv.2024.214115,2025,Biomaterials advances,5,0,Thermomagneto-responsive injectable hydrogel for chondrogenic differentiation of mesenchymal stem cells,"[""MSC"", ""material:HA"", ""hydrogel_or_bioink"", ""cartilage"", ""abstract_viability_%"", ""mvp_relevant"", ""uniform_training_relevant"", ""arch:injectable""]",AMBC_M8rLoigbMlACycGpomHEQbQaxPI
235,86.0,queued,36387356,10.1155/2022/3450672,2022,Evidence-based complementary and alternative medicine : eCAM,5,1,ECM-Mimicking Hydrogels Loaded with Bone Mesenchymal Stem Cell-Derived Exosomes for the Treatment of Cartilage Defects.,"[""chondrocyte"", ""MSC"", ""material:GelMA,gelatin"", ""hydrogel_or_bioink"", ""cartilage"", ""amass_fulltext_flag"", ""mvp_relevant"", ""chem:methacrylated"", ""app:in_vivo_repair""]",EPMC_36387356
236,86.0,queued,42308286,10.1126/sciadv.aec1031,2026,Science advances,1,1,Aptamer-functionalized apoptotic vesicles ameliorate osteoarthritis via resuming mitochondria OXPHOS of chondrocytes.,"[""chondrocyte"", ""MSC"", ""material:HA"", ""hydrogel_or_bioink"", ""cartilage"", ""amass_fulltext_flag"", ""mvp_relevant"", ""chem:methacrylated"", ""arch:injectable"", ""app:osteoarthritis""]",EPMC_42308286
237,86.0,queued,42605633,10.1002/adma.74656,2026,"Advanced materials (Deerfield Beach, Fla.)",0,0,Engineering Cartilage-Like PVA Hydrogels: Dual-Stage Crystallization Kinetics Regulations Overcome the Strength-Water Content Trade-Off,"[""chondrocyte"", ""material:PVA"", ""hydrogel_or_bioink"", ""cartilage"", ""abstract_kPa"", ""mvp_relevant"", ""uniform_training_relevant""]",AMBC_LtiTmHBcXVcBW76vRNjO24y0GPe
238,86.0,queued,41892583,10.3390/gels12030261,2026,"Gels (Basel, Switzerland)",0,0,Formulation and 3D Printing of Collagen/Chitosan Inks: Tailoring the Scaffold Properties,"[""chondrocyte"", ""MSC"", ""material:chitosan,collagen"", ""hydrogel_or_bioink"", ""cartilage"", ""culture_days"", ""mvp_relevant"", ""uniform_training_relevant"", ""chem:sulfated""]",AMBC_JSry4SMkK9DvhrKWQ6ziQqp4wOC
239,86.0,queued,42306631,10.1016/j.mtbio.2026.103300,2026,Materials today. Bio,0,1,Microfluidic methacrylated hyaluronic acid microspheres incorporating MnO&lt;sub&gt;2&lt;/sub&gt; and exosomes for antioxidant defense and inflammation regulation in osteoarthritis.,"[""chondrocyte"", ""MSC"", ""material:HA"", ""hydrogel_or_bioink"", ""cartilage"", ""amass_fulltext_flag"", ""mvp_relevant"", ""chem:methacrylated"", ""arch:microsphere"", ""app:osteoarthritis""]",EPMC_42306631
240,85.0,queued,17445882,10.1016/j.biomaterials.2007.03.030,2007,Biomaterials,334,0,Injectable biodegradable hydrogel composites for rabbit marrow mesenchymal stem cell and growth factor delivery for cartilage tissue engineering,"[""chondrocyte"", ""MSC"", ""material:collagen,gelatin"", ""hydrogel_or_bioink"", ""cartilage"", ""culture_days"", ""well_cited"", ""mvp_relevant"", ""arch:injectable"", ""app:drug_delivery""]",AMBC_KbpoeWWr6YT1rcmQKNZNkvRKJGZ
241,85.0,queued,21601277,10.1016/j.biomaterials.2011.04.061,2011,Biomaterials,197,1,Potential of 3-D tissue constructs engineered from bovine chondrocytes/silk fibroin-chitosan for in vitro cartilage tissue engineering,"[""chondrocyte"", ""material:chitosan,collagen,silk_fibrin"", ""hydrogel_or_bioink"", ""cartilage"", ""amass_fulltext_flag"", ""well_cited"", ""mvp_relevant"", ""uniform_training_relevant""]",AMBC_7LV71ru68mBJjn6FzKznH9cvcxz
242,85.0,queued,19737049,10.1089/ten.TEA.2009.0262,2010,Tissue engineering. Part A,147,0,Chondrogenesis of human bone marrow mesenchymal stem cells in fibrin-polyurethane composites is modulated by frequency and amplitude of dynamic compression and shear stress,"[""chondrocyte"", ""MSC"", ""material:fibrin"", ""hydrogel_or_bioink"", ""cartilage"", ""culture_days"", ""well_cited"", ""mvp_relevant"", ""uniform_training_relevant""]",AMBC_7DXtCUkWipA2FFK8D76KbUG1ZuO
243,85.0,queued,20650328,10.1016/j.joca.2010.07.004,2010,Osteoarthritis and cartilage,106,0,Oxygen tension differentially regulates the functional properties of cartilaginous tissues engineered from infrapatellar fat pad derived MSCs and articular chondrocytes,"[""chondrocyte"", ""MSC"", ""material:agarose"", ""hydrogel_or_bioink"", ""cartilage"", ""culture_days"", ""TGF_b3"", ""well_cited"", ""mvp_relevant"", ""app:in_vivo_repair""]",AMBC_JAD3wDEERuFmRmao2apr8sVsXFW
244,85.0,queued,18381637,10.1002/jbm.a.31948,2009,Journal of biomedical materials research. Part A,101,0,Effect of dual growth factor delivery on chondrogenic differentiation of rabbit marrow mesenchymal stem cells encapsulated in injectable hydrogel composites,"[""chondrocyte"", ""MSC"", ""material:collagen,gelatin"", ""hydrogel_or_bioink"", ""cartilage"", ""culture_days"", ""well_cited"", ""mvp_relevant"", ""arch:injectable"", ""app:drug_delivery""]",AMBC_Ww7eaXvD7gC9no0sHnW0UAN7PaI
245,85.0,queued,29945065,10.1016/j.biomaterials.2018.06.023,2018,Biomaterials,99,1,Mechanically cartilage-mimicking poly(PCL-PTHF urethane)/collagen nanofibers induce chondrogenesis by blocking NF-kappa B signaling pathway,"[""MSC"", ""material:collagen"", ""hydrogel_or_bioink"", ""cartilage"", ""abstract_kPa"", ""amass_fulltext_flag"", ""well_cited"", ""mvp_relevant"", ""arch:fiber"", ""app:in_vivo_repair""]",AMBC_Fs00NtvYBWhdGZnWrIWSpvSiyaV
246,85.0,queued,24616326,10.1002/jbm.a.35115,2014,Journal of biomedical materials research. Part A,87,1,Covalently tethered TGF-β1 with encapsulated chondrocytes in a PEG hydrogel system enhances extracellular matrix production,"[""chondrocyte"", ""material:PEG,collagen"", ""hydrogel_or_bioink"", ""cartilage"", ""amass_fulltext_flag"", ""well_cited"", ""mvp_relevant"", ""uniform_training_relevant"", ""chem:norbornene""]",AMBC_QbdJrSKZD03ssiYo5vDg3fnVttz
247,85.0,queued,21262395,10.1016/j.actbio.2011.01.012,2011,Acta biomaterialia,82,1,The effects of fixed electrical charge on chondrocyte behavior,"[""chondrocyte"", ""material:collagen"", ""hydrogel_or_bioink"", ""cartilage"", ""amass_fulltext_flag"", ""well_cited"", ""mvp_relevant"", ""uniform_training_relevant"", ""chem:methacrylated"", ""arch:monolayer""]",AMBC_QTgK2U91sOXnhz32qcbOvYuFbwD
248,85.0,queued,25296398,10.1002/adhm.201400277,2015,Advanced healthcare materials,81,1,An enzyme-sensitive PEG hydrogel based on aggrecan catabolism for cartilage tissue engineering,"[""chondrocyte"", ""material:PEG,collagen"", ""hydrogel_or_bioink"", ""cartilage"", ""amass_fulltext_flag"", ""well_cited"", ""mvp_relevant"", ""uniform_training_relevant"", ""chem:norbornene""]",AMBC_ftwnIJI8CGwbznkcc40exclgpP
249,85.0,queued,24770944,10.1088/1748-6041/9/3/035008,2014,"Biomedical materials (Bristol, England)",59,0,Directing chondrogenic differentiation of mesenchymal stem cells with a solid-supported chitosan thermogel for cartilage tissue engineering,"[""MSC"", ""material:chitosan"", ""hydrogel_or_bioink"", ""cartilage"", ""abstract_viability_%"", ""mvp_relevant"", ""uniform_training_relevant"", ""app:osteochondral""]",AMBC_Oj9bwTBdHyHL8Z8gwr3LhZpBQbW
250,85.0,queued,32264611,10.1039/c6tb00684a,2016,Journal of materials chemistry. B,47,0,Nanostrontium ranelate incorporated injectable hydrogel enhanced matrix production supporting chondrogenesis in vitro,"[""MSC"", ""material:alginate,chitosan,collagen,fibrin"", ""hydrogel_or_bioink"", ""cartilage"", ""abstract_kPa"", ""mvp_relevant"", ""uniform_training_relevant"", ""arch:injectable""]",AMBC_Mbw0QPwXohdqRXVVisnIrg1GDAl
