material_class,crosslinking,cell_type,species,culture_model,growth_factor,surface_chemistry,polymer_concentration_wt_pct,stiffness_kpa,porosity_pct,degradation_half_life_days,culture_time_days,cell_density_million_per_ml,passage,has_adhesion_ligand,viability_pct,proliferation_score,differentiation_score,ecm_deposition_score,record_id,source,citation,doi,year,notes,imputed_fields
GelMA,photocrosslink,articular_chondrocyte,bovine,3D_encapsulation,none,native,10.0,3.8,88.0,8.0,14.0,20.0,2,1.0,93.0,52.0,38.0,32.0,lit-li2016-gelma-3p8,literature,"Li et al., Polymers 2016",10.3390/polym8080269,2016,"Low stiffness: elongated morphology, weak safranin-O, DNA similar across groups.","[""viability_pct"", ""proliferation_score"", ""differentiation_score"", ""ecm_deposition_score"", ""porosity_pct"", ""degradation_half_life_days""]"
GelMA,photocrosslink,articular_chondrocyte,bovine,3D_encapsulation,none,native,10.0,17.1,82.0,14.0,14.0,20.0,2,1.0,93.0,52.0,58.0,50.0,lit-li2016-gelma-17p1,literature,"Li et al., Polymers 2016",10.3390/polym8080269,2016,"Medium stiffness: mixed morphology, partial proteoglycan staining.","[""viability_pct"", ""proliferation_score"", ""differentiation_score"", ""ecm_deposition_score"", ""porosity_pct"", ""degradation_half_life_days""]"
GelMA,photocrosslink,articular_chondrocyte,bovine,3D_encapsulation,none,native,10.0,29.9,78.0,21.0,14.0,20.0,2,1.0,93.0,52.0,82.0,80.0,lit-li2016-gelma-29p9,literature,"Li et al., Polymers 2016",10.3390/polym8080269,2016,"High stiffness best for round morphology, sGAG/DNA, Col2a1 and aggrecan.","[""viability_pct"", ""proliferation_score"", ""differentiation_score"", ""ecm_deposition_score"", ""porosity_pct"", ""degradation_half_life_days""]"
fibrin,enzymatic,articular_chondrocyte,human,3D_encapsulation,TGF_b3,native,1.2,1.0,92.0,6.0,21.0,1.0,2,1.0,92.0,70.0,42.0,40.0,lit-bachmann2020-fibrin-1-tgf,literature,"Bachmann et al., Front. Bioeng. Biotechnol. 2020",10.3389/fbioe.2020.00373,2020,"Soft fibrin + TGF-β3: high viability, fibroblastic morphology, diffuse sGAG.","[""polymer_concentration_wt_pct"", ""porosity_pct"", ""degradation_half_life_days"", ""proliferation_score"", ""differentiation_score"", ""ecm_deposition_score""]"
fibrin,enzymatic,articular_chondrocyte,human,3D_encapsulation,TGF_b3,native,2.4,15.0,86.0,10.0,21.0,1.0,2,1.0,96.0,62.0,64.0,62.0,lit-bachmann2020-fibrin-15-tgf,literature,"Bachmann et al., Front. Bioeng. Biotechnol. 2020",10.3389/fbioe.2020.00373,2020,Intermediate fibrin stiffness; mixed morphology.,"[""polymer_concentration_wt_pct"", ""porosity_pct"", ""degradation_half_life_days"", ""viability_pct"", ""proliferation_score"", ""differentiation_score"", ""ecm_deposition_score""]"
fibrin,enzymatic,articular_chondrocyte,human,3D_encapsulation,TGF_b3,native,3.5,30.0,80.0,14.0,21.0,1.0,2,1.0,99.0,58.0,88.0,90.0,lit-bachmann2020-fibrin-30-tgf,literature,"Bachmann et al., Front. Bioeng. Biotechnol. 2020",10.3389/fbioe.2020.00373,2020,"30 kPa fibrin + TGF-β3: best redifferentiation, chondron-like sGAG halos, collagen II.","[""polymer_concentration_wt_pct"", ""porosity_pct"", ""degradation_half_life_days"", ""proliferation_score"", ""differentiation_score"", ""ecm_deposition_score""]"
fibrin,enzymatic,articular_chondrocyte,human,3D_encapsulation,none,native,3.5,30.0,80.0,14.0,21.0,1.0,2,1.0,97.0,50.0,70.0,68.0,lit-bachmann2020-fibrin-30-notgf,literature,"Bachmann et al., Front. Bioeng. Biotechnol. 2020",10.3389/fbioe.2020.00373,2020,30 kPa fibrin without TGF-β3 still supports spherical morphology; less ECM than +TGF.,"[""polymer_concentration_wt_pct"", ""porosity_pct"", ""degradation_half_life_days"", ""viability_pct"", ""proliferation_score"", ""differentiation_score"", ""ecm_deposition_score""]"
silk_fibrin,enzymatic,articular_chondrocyte,human,3D_encapsulation,TGF_b3,native,2.0,1.0,90.0,12.0,21.0,1.0,2,1.0,89.0,66.0,44.0,42.0,lit-bachmann2020-silkfibrin-1-tgf,literature,"Bachmann et al., Front. Bioeng. Biotechnol. 2020",10.3389/fbioe.2020.00373,2020,"Soft silk/fibrin + TGF: high viability, fibroblastic morphology.","[""polymer_concentration_wt_pct"", ""porosity_pct"", ""degradation_half_life_days"", ""proliferation_score"", ""differentiation_score"", ""ecm_deposition_score""]"
silk_fibrin,enzymatic,articular_chondrocyte,human,3D_encapsulation,TGF_b3,native,4.0,30.0,78.0,21.0,21.0,1.0,2,1.0,98.0,55.0,86.0,88.0,lit-bachmann2020-silkfibrin-30-tgf,literature,"Bachmann et al., Front. Bioeng. Biotechnol. 2020",10.3389/fbioe.2020.00373,2020,"30 kPa silk/fibrin + TGF: chondron-like clusters, strong collagen II.","[""polymer_concentration_wt_pct"", ""porosity_pct"", ""degradation_half_life_days"", ""proliferation_score"", ""differentiation_score"", ""ecm_deposition_score""]"
PEG_dextran,chemical,articular_chondrocyte,human,3D_encapsulation,none,none,4.0,1.0,70.0,180.0,21.0,1.0,2,0.0,67.0,22.0,18.0,12.0,lit-bachmann2020-pegdex-1,literature,"Bachmann et al., Front. Bioeng. Biotechnol. 2020",10.3389/fbioe.2020.00373,2020,"Bioinert PEG-dextran 1 kPa: viability 67%, poor ECM.","[""polymer_concentration_wt_pct"", ""porosity_pct"", ""degradation_half_life_days"", ""proliferation_score"", ""differentiation_score"", ""ecm_deposition_score""]"
PEG_dextran,chemical,articular_chondrocyte,human,3D_encapsulation,none,none,10.0,30.0,45.0,300.0,21.0,1.0,2,0.0,5.0,5.0,5.0,4.0,lit-bachmann2020-pegdex-30,literature,"Bachmann et al., Front. Bioeng. Biotechnol. 2020",10.3389/fbioe.2020.00373,2020,PEG-dextran 30 kPa: no measurable viability (pore size / motility restriction).,"[""polymer_concentration_wt_pct"", ""porosity_pct"", ""degradation_half_life_days"", ""viability_pct"", ""proliferation_score"", ""differentiation_score"", ""ecm_deposition_score""]"
gelatin_alginate,ionic,articular_chondrocyte,human,3D_bioprint,none,native,6.0,8.0,85.0,10.0,21.0,5.0,2,1.0,93.24,68.0,78.0,72.0,lit-zhang2024-gelalg-low,literature,"Zhang et al., Front. Mater. 2024",10.3389/fmats.2024.1501505,2024,"Low concentration: viability 93.24%, high SOX9/Agg/Col2 vs high-concentration group.","[""stiffness_kpa"", ""porosity_pct"", ""degradation_half_life_days"", ""cell_density_million_per_ml"", ""passage"", ""species"", ""proliferation_score"", ""differentiation_score"", ""ecm_deposition_score""]"
gelatin_alginate,ionic,articular_chondrocyte,human,3D_bioprint,none,native,9.0,18.0,78.0,16.0,21.0,5.0,2,1.0,92.04,72.0,80.0,76.0,lit-zhang2024-gelalg-med,literature,"Zhang et al., Front. Mater. 2024",10.3389/fmats.2024.1501505,2024,"Medium concentration: best chondrosphere formation, high chondrogenic genes.","[""stiffness_kpa"", ""porosity_pct"", ""degradation_half_life_days"", ""cell_density_million_per_ml"", ""passage"", ""species"", ""proliferation_score"", ""differentiation_score"", ""ecm_deposition_score""]"
gelatin_alginate,ionic,articular_chondrocyte,human,3D_bioprint,none,native,12.0,32.0,68.0,24.0,21.0,5.0,2,1.0,88.46,48.0,52.0,50.0,lit-zhang2024-gelalg-high,literature,"Zhang et al., Front. Mater. 2024",10.3389/fmats.2024.1501505,2024,"High concentration: viability 88.46%, significantly lower SOX9/Agg/Col2.","[""stiffness_kpa"", ""porosity_pct"", ""degradation_half_life_days"", ""cell_density_million_per_ml"", ""passage"", ""species"", ""proliferation_score"", ""differentiation_score"", ""ecm_deposition_score""]"
agarose,thermal,articular_chondrocyte,bovine,3D_encapsulation,none,none,2.0,28.0,84.0,120.0,21.0,10.0,2,0.0,86.0,35.0,72.0,70.0,lit-dekosky2010-agarose,literature,"DeKosky et al., Tissue Eng. Part A 2010",10.1089/ten.tea.2010.0159,2010,"Agarose: low adhesion, round cells, GAG synthesis reference for IPN comparison.","[""porosity_pct"", ""degradation_half_life_days"", ""cell_density_million_per_ml"", ""passage"", ""viability_pct"", ""proliferation_score"", ""differentiation_score"", ""ecm_deposition_score""]"
PEG,photocrosslink,articular_chondrocyte,bovine,3D_encapsulation,none,none,10.0,36.0,72.0,90.0,21.0,10.0,2,0.0,82.0,32.0,60.0,58.0,lit-dekosky2010-peg,literature,"DeKosky et al., Tissue Eng. Part A 2010",10.1089/ten.tea.2010.0159,2010,"PEG-DA: higher failure strain than agarose, moderate GAG vs agarose.","[""porosity_pct"", ""degradation_half_life_days"", ""cell_density_million_per_ml"", ""passage"", ""viability_pct"", ""proliferation_score"", ""differentiation_score"", ""ecm_deposition_score""]"
PEG,photocrosslink,articular_chondrocyte,bovine,3D_encapsulation,none,none,12.0,100.0,65.0,80.0,21.0,10.0,2,0.0,80.0,30.0,68.0,68.0,lit-dekosky2010-ipn,literature,"DeKosky et al., Tissue Eng. Part A 2010",10.1089/ten.tea.2010.0159,2010,Agarose/PEG IPN Young's modulus ~149 kPa acellular / ~100 kPa with cells; GAG comparable to agarose.,"[""porosity_pct"", ""degradation_half_life_days"", ""cell_density_million_per_ml"", ""passage"", ""viability_pct"", ""proliferation_score"", ""differentiation_score"", ""ecm_deposition_score""]"
agarose,thermal,articular_chondrocyte,porcine,3D_encapsulation,none,none,0.75,3.7,94.0,150.0,14.0,0.6,2,0.0,90.0,72.0,60.0,58.0,lit-schuh2012-agarose-soft,literature,"Schuh et al., 2012 (as summarized in Bachmann 2020 Table 1)",10.1002/jbm.a.33250,2012,"Softer agarose: increased proliferation, little phenotype effect vs stiff gel.","[""porosity_pct"", ""degradation_half_life_days"", ""viability_pct"", ""proliferation_score"", ""differentiation_score"", ""ecm_deposition_score""]"
agarose,thermal,articular_chondrocyte,porcine,3D_encapsulation,none,none,3.5,53.2,80.0,180.0,14.0,0.6,2,0.0,88.0,40.0,62.0,60.0,lit-schuh2012-agarose-stiff,literature,"Schuh et al., 2012 (as summarized in Bachmann 2020 Table 1)",10.1002/jbm.a.33250,2012,"Stiffer agarose: lower proliferation, phenotype similar to soft gel.","[""porosity_pct"", ""degradation_half_life_days"", ""viability_pct"", ""proliferation_score"", ""differentiation_score"", ""ecm_deposition_score""]"
chitosan_HA,chemical,articular_chondrocyte,rabbit,3D_encapsulation,none,native,2.5,130.8,74.0,28.0,28.0,5.0,3,0.5,82.0,48.0,58.0,55.0,lit-thomas2017-chitosan-soft,literature,"Thomas et al., Int. J. Biol. Macromol. 2017",10.1016/j.ijbiomac.2017.05.116,2017,Lower-stiffness chitosan-HA in the paper's series; less spherical than stiffer gels.,"[""porosity_pct"", ""degradation_half_life_days"", ""passage"", ""viability_pct"", ""proliferation_score"", ""differentiation_score"", ""ecm_deposition_score""]"
chitosan_HA,chemical,articular_chondrocyte,rabbit,3D_encapsulation,none,native,3.5,199.4,68.0,35.0,28.0,5.0,3,0.5,80.0,42.0,74.0,76.0,lit-thomas2017-chitosan-stiff,literature,"Thomas et al., Int. J. Biol. Macromol. 2017",10.1016/j.ijbiomac.2017.05.116,2017,Stiffer chitosan-HA: spherical morphology and increased matrix synthesis.,"[""porosity_pct"", ""degradation_half_life_days"", ""passage"", ""viability_pct"", ""proliferation_score"", ""differentiation_score"", ""ecm_deposition_score""]"
PEG,photocrosslink,articular_chondrocyte,bovine,3D_encapsulation,none,MMP_degradable,10.0,60.0,76.0,21.0,28.0,50.0,1,0.0,85.0,40.0,70.0,72.0,lit-bryant2004-peg-10,literature,"Bryant et al., Biotechnol. Bioeng. 2004",10.1002/bit.20160,2004,"10% degrading PEG, compressive modulus ~60 kPa; GAG and collagen produced.","[""porosity_pct"", ""cell_density_million_per_ml"", ""passage"", ""viability_pct"", ""proliferation_score"", ""differentiation_score"", ""ecm_deposition_score""]"
PEG,photocrosslink,articular_chondrocyte,bovine,3D_encapsulation,none,MMP_degradable,15.0,180.0,68.0,18.0,28.0,50.0,1,0.0,82.0,36.0,74.0,78.0,lit-bryant2004-peg-15,literature,"Bryant et al., Biotechnol. Bioeng. 2004",10.1002/bit.20160,2004,15% macromer: mass loss best matched tissue secretion.,"[""porosity_pct"", ""cell_density_million_per_ml"", ""passage"", ""viability_pct"", ""proliferation_score"", ""differentiation_score"", ""ecm_deposition_score""]"
PEG,photocrosslink,articular_chondrocyte,bovine,3D_encapsulation,none,MMP_degradable,20.0,500.0,55.0,16.0,28.0,50.0,1,0.0,78.0,28.0,66.0,70.0,lit-bryant2004-peg-20,literature,"Bryant et al., Biotechnol. Bioeng. 2004",10.1002/bit.20160,2004,20% macromer: initial modulus ~500 kPa; ECM still produced because gels degrade.,"[""porosity_pct"", ""cell_density_million_per_ml"", ""passage"", ""viability_pct"", ""proliferation_score"", ""differentiation_score"", ""ecm_deposition_score""]"
PEG,chemical,articular_chondrocyte,human,3D_encapsulation,TGF_b1,MMP_degradable,10.0,40.0,74.0,12.0,14.0,20.0,2,0.0,90.0,45.0,80.0,84.0,lit-sridhar2015-peg-mmp,literature,"Sridhar et al., Adv. Healthcare Mater. 2015",10.1002/adhm.201400695,2015,MMP-degradable PEG-norbornene + tethered TGF-β1: higher GAG/collagen vs non-degradable.,"[""stiffness_kpa"", ""porosity_pct"", ""degradation_half_life_days"", ""cell_density_million_per_ml"", ""passage"", ""viability_pct"", ""proliferation_score"", ""differentiation_score"", ""ecm_deposition_score""]"
PEG,chemical,articular_chondrocyte,human,3D_encapsulation,TGF_b1,none,10.0,45.0,72.0,200.0,14.0,20.0,2,0.0,88.0,38.0,62.0,55.0,lit-sridhar2015-peg-nondeg,literature,"Sridhar et al., Adv. Healthcare Mater. 2015",10.1002/adhm.201400695,2015,"Non-degradable PEG control: high viability, less distributed ECM.","[""stiffness_kpa"", ""porosity_pct"", ""degradation_half_life_days"", ""cell_density_million_per_ml"", ""passage"", ""viability_pct"", ""proliferation_score"", ""differentiation_score"", ""ecm_deposition_score""]"
alginate,ionic,articular_chondrocyte,human,3D_encapsulation,none,none,1.5,12.0,90.0,40.0,84.0,8.0,2,0.0,88.0,34.0,88.0,80.0,lit-appelman2011-alginate,literature,"Appelman et al., Soft Matter 2011",10.1039/c0sm00229a,2011,"Alginate: round morphology, COL2A1/aggrecan up to ~90-fold vs PEG in the paper.","[""stiffness_kpa"", ""porosity_pct"", ""degradation_half_life_days"", ""cell_density_million_per_ml"", ""viability_pct"", ""proliferation_score"", ""differentiation_score"", ""ecm_deposition_score""]"
PEG,enzymatic,articular_chondrocyte,human,3D_encapsulation,none,MMP_degradable,2.5,8.0,88.0,25.0,84.0,8.0,2,0.0,86.0,50.0,55.0,60.0,lit-appelman2011-peg-2p5,literature,"Appelman et al., Soft Matter 2011",10.1039/c0sm00229a,2011,"2.5% MMP-sensitive PEG: cells spread, lower COL2 vs alginate, higher modulus at 12 weeks.","[""stiffness_kpa"", ""porosity_pct"", ""degradation_half_life_days"", ""cell_density_million_per_ml"", ""viability_pct"", ""proliferation_score"", ""differentiation_score"", ""ecm_deposition_score""]"
HA,photocrosslink,MSC,human,3D_encapsulation,TGF_b3,native,2.0,6.0,90.0,7.0,14.0,20.0,3,0.7,90.0,58.0,64.0,60.0,lit-chung2009-ha-fast,literature,"Chung et al., Biomaterials 2009 (HA degradation; Burdick group)",10.1016/j.biomaterials.2009.04.040,2009,Faster-degrading HA: more distributed matrix; MSCs rather than chondrocytes.,"[""stiffness_kpa"", ""porosity_pct"", ""viability_pct"", ""proliferation_score"", ""differentiation_score"", ""ecm_deposition_score""]"
HA,photocrosslink,MSC,human,3D_encapsulation,TGF_b3,native,5.0,22.0,80.0,28.0,14.0,20.0,3,0.7,88.0,46.0,76.0,74.0,lit-chung2009-ha-slow,literature,"Chung et al., Biomaterials 2009 (HA degradation; Burdick group)",10.1016/j.biomaterials.2009.04.040,2009,Slower-degrading HA: more neocartilage matrix by MSCs with TGF-β3.,"[""stiffness_kpa"", ""porosity_pct"", ""viability_pct"", ""proliferation_score"", ""differentiation_score"", ""ecm_deposition_score""]"
collagen,ionic,articular_chondrocyte,bovine,3D_encapsulation,none,native,0.5,5.0,95.0,20.0,21.0,15.0,0,1.0,91.0,64.0,75.0,73.0,lit-kisiday2002-peptide,literature,"Kisiday et al., PNAS 2002 (self-assembling peptide hydrogel)",10.1073/pnas.142309999,2002,Self-assembling peptide gel mapped to collagen-like adhesive network; ECM + division.,"[""stiffness_kpa"", ""porosity_pct"", ""degradation_half_life_days"", ""viability_pct"", ""proliferation_score"", ""differentiation_score"", ""ecm_deposition_score""]"
GelMA,photocrosslink,articular_chondrocyte,human,3D_bioprint,TGF_b3,RGD,2.8,10.74,94.9,4.6,28.0,4.69,2,1.0,93.4481215220652,71.04226712409155,91.62244981096599,62.1321017892556,sim-0000,simulated_literature_informed,TissueLab literature-informed simulator v0.1,,2026,"Generated from published directional relationships, not a real experiment.",[]
agarose,thermal,articular_chondrocyte,rabbit,3D_bioprint,TGF_b3,RGD,9.21,55.19,75.6,129.6,21.0,3.5,4,1.0,91.14131975964374,45.84289740176346,86.63259725035773,61.59427202350217,sim-0001,simulated_literature_informed,TissueLab literature-informed simulator v0.1,,2026,"Generated from published directional relationships, not a real experiment.",[]
PEG_dextran,chemical,articular_chondrocyte,human,3D_encapsulation,none,native,6.06,20.13,87.2,10.2,21.0,7.54,1,0.0,27.896783117103773,23.728789942494885,42.94569612057129,51.157940343635566,sim-0002,simulated_literature_informed,TissueLab literature-informed simulator v0.1,,2026,"Generated from published directional relationships, not a real experiment.",[]
alginate,ionic,articular_chondrocyte,bovine,3D_encapsulation,none,native,6.68,36.03,84.8,195.7,21.0,3.58,3,0.0,92.3200175168721,27.131729411915735,98.98259830444155,65.04044738097058,sim-0003,simulated_literature_informed,TissueLab literature-informed simulator v0.1,,2026,"Generated from published directional relationships, not a real experiment.",[]
HA,photocrosslink,articular_chondrocyte,bovine,3D_bioprint,TGF_b3,native,3.49,7.59,96.1,8.4,14.0,3.51,2,0.7,95.21000308567761,78.79694734800589,100.0,85.08051378760693,sim-0004,simulated_literature_informed,TissueLab literature-informed simulator v0.1,,2026,"Generated from published directional relationships, not a real experiment.",[]
alginate,ionic,articular_chondrocyte,bovine,3D_encapsulation,none,none,3.84,12.19,88.6,121.9,21.0,3.61,3,0.0,100.0,35.982074076879634,90.63167956273796,56.23994056664654,sim-0005,simulated_literature_informed,TissueLab literature-informed simulator v0.1,,2026,"Generated from published directional relationships, not a real experiment.",[]
PEG_dextran,chemical,articular_chondrocyte,human,3D_encapsulation,none,none,3.44,9.61,88.6,153.8,21.0,1.38,2,0.0,43.404449335905085,44.542711611205135,21.58820593933163,11.405588649547871,sim-0006,simulated_literature_informed,TissueLab literature-informed simulator v0.1,,2026,"Generated from published directional relationships, not a real experiment.",[]
agarose,thermal,articular_chondrocyte,human,3D_bioprint,TGF_b1,none,2.23,9.47,88.1,132.0,7.0,3.53,2,0.0,86.85922317151166,53.31184920544473,97.113928446621,54.58877676842529,sim-0007,simulated_literature_informed,TissueLab literature-informed simulator v0.1,,2026,"Generated from published directional relationships, not a real experiment.",[]
fibrin,enzymatic,articular_chondrocyte,bovine,3D_encapsulation,TGF_b3,RGD,1.92,5.87,93.7,9.7,21.0,2.19,2,1.0,100.0,86.34984008724415,77.29234792515135,75.54309111587965,sim-0008,simulated_literature_informed,TissueLab literature-informed simulator v0.1,,2026,"Generated from published directional relationships, not a real experiment.",[]
alginate,ionic,MSC,bovine,3D_encapsulation,TGF_b3,none,5.47,13.94,92.1,205.4,21.0,3.84,2,0.0,94.96982940789941,55.98151957639156,100.0,78.30888766331432,sim-0009,simulated_literature_informed,TissueLab literature-informed simulator v0.1,,2026,"Generated from published directional relationships, not a real experiment.",[]
fibrin,enzymatic,articular_chondrocyte,human,3D_encapsulation,TGF_b1,native,2.83,12.94,94.3,40.4,21.0,2.92,2,1.0,100.0,70.9698316349902,100.0,84.61085173755829,sim-0010,simulated_literature_informed,TissueLab literature-informed simulator v0.1,,2026,"Generated from published directional relationships, not a real experiment.",[]
gelatin_alginate,ionic,articular_chondrocyte,bovine,3D_encapsulation,none,MMP_degradable,4.58,13.55,88.8,12.3,21.0,8.92,3,1.0,99.03948507283665,58.27852224767517,88.14584488495737,84.63446986314656,sim-0011,simulated_literature_informed,TissueLab literature-informed simulator v0.1,,2026,"Generated from published directional relationships, not a real experiment.",[]
HA,photocrosslink,MSC,human,3D_encapsulation,TGF_b3,MMP_degradable,2.58,4.91,88.8,43.4,14.0,2.83,2,0.7,92.3709915254647,86.07002745941438,99.31239864837146,79.96472913756351,sim-0012,simulated_literature_informed,TissueLab literature-informed simulator v0.1,,2026,"Generated from published directional relationships, not a real experiment.",[]
gelatin_alginate,ionic,MSC,bovine,3D_bioprint,TGF_b3,RGD,6.33,8.92,80.6,6.7,21.0,3.36,2,1.0,95.5731352195738,86.30450237809252,97.77310347190422,68.96688176596867,sim-0013,simulated_literature_informed,TissueLab literature-informed simulator v0.1,,2026,"Generated from published directional relationships, not a real experiment.",[]
PEG_dextran,chemical,articular_chondrocyte,porcine,3D_encapsulation,none,RGD,6.27,35.89,85.3,323.1,14.0,7.03,1,1.0,41.42663701227173,41.02875466926917,38.166343728482346,24.738960297139627,sim-0014,simulated_literature_informed,TissueLab literature-informed simulator v0.1,,2026,"Generated from published directional relationships, not a real experiment.",[]
PEG_dextran,chemical,articular_chondrocyte,porcine,3D_encapsulation,TGF_b3,native,3.99,25.22,81.9,4.4,21.0,4.58,3,0.0,33.13595742043023,26.065971432451178,52.16560080044568,44.12803879395317,sim-0015,simulated_literature_informed,TissueLab literature-informed simulator v0.1,,2026,"Generated from published directional relationships, not a real experiment.",[]
PEG_dextran,chemical,articular_chondrocyte,bovine,3D_encapsulation,TGF_b1,native,6.48,27.93,83.2,28.1,7.0,5.26,1,0.0,34.080955650606505,29.833085623467312,52.87643458659716,53.3828789710805,sim-0016,simulated_literature_informed,TissueLab literature-informed simulator v0.1,,2026,"Generated from published directional relationships, not a real experiment.",[]
fibrin,enzymatic,articular_chondrocyte,porcine,3D_encapsulation,TGF_b3,native,19.78,78.67,57.8,11.5,14.0,4.0,3,1.0,92.292944961327,54.19589100774236,96.81204874218254,89.13191763738915,sim-0017,simulated_literature_informed,TissueLab literature-informed simulator v0.1,,2026,"Generated from published directional relationships, not a real experiment.",[]
agarose,thermal,articular_chondrocyte,porcine,3D_encapsulation,none,none,3.7,20.81,93.7,98.0,7.0,3.46,1,0.0,95.85504912882942,28.452760504866493,100.0,50.83846721607533,sim-0018,simulated_literature_informed,TissueLab literature-informed simulator v0.1,,2026,"Generated from published directional relationships, not a real experiment.",[]
HA,photocrosslink,articular_chondrocyte,human,3D_encapsulation,none,RGD,5.98,24.07,81.5,11.8,7.0,5.27,0,1.0,92.98608306430101,56.64116787608668,100.0,92.21557732769472,sim-0019,simulated_literature_informed,TissueLab literature-informed simulator v0.1,,2026,"Generated from published directional relationships, not a real experiment.",[]
chitosan_HA,chemical,articular_chondrocyte,human,3D_encapsulation,TGF_b1,RGD,6.42,111.31,83.9,13.9,21.0,5.87,1,1.0,87.99446447176506,70.90445568845392,73.32325966105202,70.39862352615005,sim-0020,simulated_literature_informed,TissueLab literature-informed simulator v0.1,,2026,"Generated from published directional relationships, not a real experiment.",[]
GelMA,photocrosslink,articular_chondrocyte,porcine,2D,none,MMP_degradable,3.26,8.53,91.5,7.3,42.0,3.22,4,1.0,97.00921213013524,77.64130724322791,27.44705002315816,17.00888808074983,sim-0021,simulated_literature_informed,TissueLab literature-informed simulator v0.1,,2026,"Generated from published directional relationships, not a real experiment.",[]
HA,photocrosslink,articular_chondrocyte,bovine,3D_encapsulation,TGF_b1,native,5.1,19.9,86.6,11.7,7.0,1.31,2,0.7,95.46406578559667,59.09366447659142,100.0,100.0,sim-0022,simulated_literature_informed,TissueLab literature-informed simulator v0.1,,2026,"Generated from published directional relationships, not a real experiment.",[]
agarose,thermal,MSC,porcine,3D_encapsulation,TGF_b3,none,5.93,28.81,79.2,161.6,14.0,6.09,2,0.0,87.25546309690267,46.10423915887296,100.0,76.32890652641011,sim-0023,simulated_literature_informed,TissueLab literature-informed simulator v0.1,,2026,"Generated from published directional relationships, not a real experiment.",[]
gelatin_alginate,ionic,articular_chondrocyte,porcine,3D_encapsulation,TGF_b3,native,6.31,18.37,84.0,14.0,21.0,7.58,1,1.0,97.49426962344383,66.73306570010917,100.0,100.0,sim-0024,simulated_literature_informed,TissueLab literature-informed simulator v0.1,,2026,"Generated from published directional relationships, not a real experiment.",[]
chitosan_HA,chemical,MSC,rabbit,3D_bioprint,TGF_b3,MMP_degradable,13.48,209.4,71.0,7.1,21.0,2.8,1,0.5,80.35787776265629,67.8470933365639,86.41032031508004,84.83170795407358,sim-0025,simulated_literature_informed,TissueLab literature-informed simulator v0.1,,2026,"Generated from published directional relationships, not a real experiment.",[]
alginate,ionic,articular_chondrocyte,rabbit,3D_encapsulation,TGF_b3,native,3.46,15.34,92.3,201.6,7.0,12.59,1,0.0,89.47126989038082,42.226898055827796,100.0,76.98718547940143,sim-0026,simulated_literature_informed,TissueLab literature-informed simulator v0.1,,2026,"Generated from published directional relationships, not a real experiment.",[]
HA,photocrosslink,articular_chondrocyte,human,3D_bioprint,TGF_b1,native,6.07,17.77,83.3,21.1,14.0,5.86,2,0.7,94.61592124016286,58.29168411107136,100.0,100.0,sim-0027,simulated_literature_informed,TissueLab literature-informed simulator v0.1,,2026,"Generated from published directional relationships, not a real experiment.",[]
GelMA,photocrosslink,articular_chondrocyte,rabbit,3D_encapsulation,TGF_b3,RGD,2.77,7.32,97.0,8.9,42.0,6.61,3,1.0,98.14766516164924,73.59047551058525,72.24247098805132,68.84629283753239,sim-0028,simulated_literature_informed,TissueLab literature-informed simulator v0.1,,2026,"Generated from published directional relationships, not a real experiment.",[]
gelatin_alginate,ionic,MSC,human,3D_encapsulation,none,MMP_degradable,17.82,46.0,57.6,32.5,14.0,6.1,2,1.0,91.37967051036104,58.10644294808536,79.26045160878037,60.15183812645678,sim-0029,simulated_literature_informed,TissueLab literature-informed simulator v0.1,,2026,"Generated from published directional relationships, not a real experiment.",[]
alginate,ionic,articular_chondrocyte,bovine,2D,none,RGD,5.77,16.13,76.9,153.7,28.0,6.5,1,1.0,95.0901496211058,63.31043567645568,82.03689952066313,31.703235331058153,sim-0030,simulated_literature_informed,TissueLab literature-informed simulator v0.1,,2026,"Generated from published directional relationships, not a real experiment.",[]
gelatin_alginate,ionic,articular_chondrocyte,human,3D_encapsulation,TGF_b3,RGD,3.36,5.39,91.2,21.1,28.0,1.59,2,1.0,100.0,77.4422503513163,73.198030308284,67.05759031591553,sim-0031,simulated_literature_informed,TissueLab literature-informed simulator v0.1,,2026,"Generated from published directional relationships, not a real experiment.",[]
PEG,photocrosslink,articular_chondrocyte,porcine,3D_bioprint,TGF_b3,native,3.41,36.04,89.9,13.0,21.0,2.41,1,0.0,76.60664895165898,38.00672174173968,89.97736520101289,83.76519768808541,sim-0032,simulated_literature_informed,TissueLab literature-informed simulator v0.1,,2026,"Generated from published directional relationships, not a real experiment.",[]
chitosan_HA,chemical,articular_chondrocyte,human,3D_bioprint,none,MMP_degradable,4.07,119.35,80.8,16.7,14.0,2.12,1,0.5,84.6550987562771,63.44389437603709,77.18284164586129,62.45177191770122,sim-0033,simulated_literature_informed,TissueLab literature-informed simulator v0.1,,2026,"Generated from published directional relationships, not a real experiment.",[]
HA,photocrosslink,articular_chondrocyte,bovine,3D_encapsulation,none,RGD,6.27,22.05,86.4,16.4,7.0,4.09,4,1.0,89.43811810950888,51.48887445144059,100.0,80.90770804297757,sim-0034,simulated_literature_informed,TissueLab literature-informed simulator v0.1,,2026,"Generated from published directional relationships, not a real experiment.",[]
alginate,ionic,articular_chondrocyte,human,3D_encapsulation,none,native,6.0,24.64,93.7,14.7,14.0,1.05,2,0.0,93.60947547177784,31.0689115869396,100.0,90.82956713354757,sim-0035,simulated_literature_informed,TissueLab literature-informed simulator v0.1,,2026,"Generated from published directional relationships, not a real experiment.",[]
HA,photocrosslink,articular_chondrocyte,bovine,3D_encapsulation,TGF_b3,MMP_degradable,3.85,11.28,97.0,24.7,21.0,9.44,2,0.7,100.0,65.02067522467217,100.0,100.0,sim-0036,simulated_literature_informed,TissueLab literature-informed simulator v0.1,,2026,"Generated from published directional relationships, not a real experiment.",[]
PEG,photocrosslink,articular_chondrocyte,porcine,3D_bioprint,TGF_b3,native,2.64,24.6,91.7,18.5,7.0,7.14,2,0.0,76.8810737023065,34.26604003070851,85.83887915172251,82.18455946771954,sim-0037,simulated_literature_informed,TissueLab literature-informed simulator v0.1,,2026,"Generated from published directional relationships, not a real experiment.",[]
chitosan_HA,chemical,MSC,human,3D_bioprint,none,MMP_degradable,6.06,68.94,82.3,22.5,21.0,1.57,1,0.5,90.18509393090085,62.343702945572026,62.93080155905023,65.37453590482944,sim-0038,simulated_literature_informed,TissueLab literature-informed simulator v0.1,,2026,"Generated from published directional relationships, not a real experiment.",[]
chitosan_HA,chemical,articular_chondrocyte,human,3D_encapsulation,TGF_b3,MMP_degradable,0.97,33.94,94.8,9.9,21.0,7.16,1,0.5,90.87319366668252,52.51417486536846,100.0,100.0,sim-0039,simulated_literature_informed,TissueLab literature-informed simulator v0.1,,2026,"Generated from published directional relationships, not a real experiment.",[]
collagen,chemical,articular_chondrocyte,human,3D_encapsulation,none,RGD,8.12,24.19,78.2,8.3,14.0,13.4,3,1.0,100.0,55.143654640551944,87.7620738603589,75.6442506706401,sim-0040,simulated_literature_informed,TissueLab literature-informed simulator v0.1,,2026,"Generated from published directional relationships, not a real experiment.",[]
fibrin,enzymatic,articular_chondrocyte,human,3D_encapsulation,none,native,4.06,10.84,87.3,17.3,14.0,2.51,1,1.0,100.0,77.15922335711355,93.3474925034572,71.45959370318143,sim-0041,simulated_literature_informed,TissueLab literature-informed simulator v0.1,,2026,"Generated from published directional relationships, not a real experiment.",[]
chitosan_HA,chemical,articular_chondrocyte,bovine,3D_bioprint,none,native,4.49,109.11,86.4,7.7,21.0,3.61,3,0.5,87.15942455124585,43.3516288911415,62.69357570906203,40.288375689276776,sim-0042,simulated_literature_informed,TissueLab literature-informed simulator v0.1,,2026,"Generated from published directional relationships, not a real experiment.",[]
collagen,chemical,articular_chondrocyte,human,3D_encapsulation,TGF_b1,native,3.27,8.94,85.4,8.3,7.0,2.84,1,1.0,100.0,81.75456763111865,74.94138242071102,67.62021920568651,sim-0043,simulated_literature_informed,TissueLab literature-informed simulator v0.1,,2026,"Generated from published directional relationships, not a real experiment.",[]
collagen,chemical,articular_chondrocyte,human,2D,TGF_b3,MMP_degradable,5.49,12.51,86.4,15.6,28.0,0.83,3,1.0,100.0,93.02055741536162,53.59906427259064,45.65115778790828,sim-0044,simulated_literature_informed,TissueLab literature-informed simulator v0.1,,2026,"Generated from published directional relationships, not a real experiment.",[]
PEG_dextran,chemical,articular_chondrocyte,bovine,3D_encapsulation,TGF_b1,RGD,2.62,25.22,77.5,15.3,7.0,1.83,2,1.0,40.52873850220837,47.82366311985787,59.136384888785706,57.00899111224629,sim-0045,simulated_literature_informed,TissueLab literature-informed simulator v0.1,,2026,"Generated from published directional relationships, not a real experiment.",[]
alginate,ionic,MSC,rabbit,3D_encapsulation,none,native,3.72,22.13,90.1,217.1,7.0,1.38,3,0.0,90.0756916453243,38.511335848007576,89.98616260998197,56.509492865651666,sim-0046,simulated_literature_informed,TissueLab literature-informed simulator v0.1,,2026,"Generated from published directional relationships, not a real experiment.",[]
agarose,thermal,articular_chondrocyte,human,3D_bioprint,TGF_b3,RGD,6.66,27.9,85.2,211.9,28.0,4.58,2,1.0,96.69302127616835,49.389787020894076,100.0,87.68666908404315,sim-0047,simulated_literature_informed,TissueLab literature-informed simulator v0.1,,2026,"Generated from published directional relationships, not a real experiment.",[]
gelatin_alginate,ionic,articular_chondrocyte,porcine,3D_bioprint,none,MMP_degradable,3.52,4.86,88.0,10.7,21.0,3.61,2,1.0,92.85681107328723,74.29291104219459,54.23899817521108,61.47988363053014,sim-0048,simulated_literature_informed,TissueLab literature-informed simulator v0.1,,2026,"Generated from published directional relationships, not a real experiment.",[]
alginate,ionic,articular_chondrocyte,human,2D,TGF_b3,MMP_degradable,4.23,23.66,83.8,18.0,21.0,1.33,1,0.0,99.27303684299547,50.918568163483904,99.68061005536026,81.88300357109357,sim-0049,simulated_literature_informed,TissueLab literature-informed simulator v0.1,,2026,"Generated from published directional relationships, not a real experiment.",[]
GelMA,photocrosslink,articular_chondrocyte,bovine,3D_encapsulation,none,native,4.0,11.72,88.4,33.7,14.0,1.37,2,1.0,100.0,67.38347881345007,77.588824700654,48.144028706106376,sim-0050,simulated_literature_informed,TissueLab literature-informed simulator v0.1,,2026,"Generated from published directional relationships, not a real experiment.",[]
PEG_dextran,chemical,articular_chondrocyte,bovine,3D_bioprint,TGF_b3,RGD,4.91,23.99,85.8,103.0,14.0,8.05,2,1.0,41.531667167250845,52.11004752105293,66.9581104562231,44.40699830977174,sim-0051,simulated_literature_informed,TissueLab literature-informed simulator v0.1,,2026,"Generated from published directional relationships, not a real experiment.",[]
fibrin,enzymatic,articular_chondrocyte,porcine,2D,none,native,18.36,71.05,65.3,12.3,21.0,3.2,4,1.0,100.0,69.50400339757503,52.66427229364687,34.8366970244176,sim-0052,simulated_literature_informed,TissueLab literature-informed simulator v0.1,,2026,"Generated from published directional relationships, not a real experiment.",[]
fibrin,enzymatic,MSC,human,3D_encapsulation,none,native,7.65,18.52,81.2,10.7,14.0,2.28,0,1.0,100.0,64.59798101815456,100.0,79.75048833145131,sim-0053,simulated_literature_informed,TissueLab literature-informed simulator v0.1,,2026,"Generated from published directional relationships, not a real experiment.",[]
gelatin_alginate,ionic,articular_chondrocyte,human,3D_encapsulation,none,native,4.43,8.6,87.6,7.6,14.0,4.44,2,1.0,96.77722930606176,76.41231475045046,75.27379071868761,52.638963145487885,sim-0054,simulated_literature_informed,TissueLab literature-informed simulator v0.1,,2026,"Generated from published directional relationships, not a real experiment.",[]
alginate,ionic,MSC,human,3D_bioprint,none,none,7.29,40.11,82.7,118.4,14.0,1.57,2,0.0,88.09907840301639,45.61486212205835,88.01007959268978,57.94647153857804,sim-0055,simulated_literature_informed,TissueLab literature-informed simulator v0.1,,2026,"Generated from published directional relationships, not a real experiment.",[]
chitosan_HA,chemical,articular_chondrocyte,porcine,3D_encapsulation,none,MMP_degradable,11.06,220.0,70.5,7.3,14.0,7.88,0,0.5,86.5528075954167,61.46038076414587,69.458779876536,53.2253686762742,sim-0056,simulated_literature_informed,TissueLab literature-informed simulator v0.1,,2026,"Generated from published directional relationships, not a real experiment.",[]
collagen,chemical,MSC,bovine,3D_encapsulation,TGF_b3,MMP_degradable,2.03,4.71,96.6,25.9,21.0,2.4,1,1.0,97.42872153874409,98.26617064636991,70.62017642007221,70.67653762868625,sim-0057,simulated_literature_informed,TissueLab literature-informed simulator v0.1,,2026,"Generated from published directional relationships, not a real experiment.",[]
PEG,photocrosslink,articular_chondrocyte,human,3D_encapsulation,TGF_b3,MMP_degradable,4.2,33.91,95.1,21.5,7.0,1.29,0,0.0,78.35505391889018,41.60880951322699,88.93211615069593,80.54744967555798,sim-0058,simulated_literature_informed,TissueLab literature-informed simulator v0.1,,2026,"Generated from published directional relationships, not a real experiment.",[]
silk_fibrin,enzymatic,articular_chondrocyte,human,3D_bioprint,none,MMP_degradable,5.19,15.54,82.0,34.0,21.0,5.92,1,1.0,94.61393006577975,59.47678499188205,95.11484343839388,90.29762032183358,sim-0059,simulated_literature_informed,TissueLab literature-informed simulator v0.1,,2026,"Generated from published directional relationships, not a real experiment.",[]
agarose,thermal,articular_chondrocyte,bovine,3D_bioprint,TGF_b1,none,2.42,8.76,91.5,247.9,7.0,1.87,2,0.0,90.7172722708829,53.17298282346882,79.21869019004973,41.681604077827515,sim-0060,simulated_literature_informed,TissueLab literature-informed simulator v0.1,,2026,"Generated from published directional relationships, not a real experiment.",[]
alginate,ionic,articular_chondrocyte,bovine,3D_encapsulation,TGF_b1,native,6.56,31.42,77.1,23.3,21.0,11.04,2,0.0,90.15910272488956,43.226576755366004,100.0,100.0,sim-0061,simulated_literature_informed,TissueLab literature-informed simulator v0.1,,2026,"Generated from published directional relationships, not a real experiment.",[]
agarose,thermal,articular_chondrocyte,porcine,3D_encapsulation,TGF_b3,native,4.61,41.04,85.7,168.9,21.0,5.43,2,0.0,87.03237085083515,38.8440519542063,100.0,71.86492394830167,sim-0062,simulated_literature_informed,TissueLab literature-informed simulator v0.1,,2026,"Generated from published directional relationships, not a real experiment.",[]
HA,photocrosslink,articular_chondrocyte,bovine,3D_bioprint,TGF_b3,native,2.65,6.04,97.0,7.1,21.0,5.91,3,0.7,94.33760134940191,75.95753066241281,89.60367604856049,75.5697497729512,sim-0063,simulated_literature_informed,TissueLab literature-informed simulator v0.1,,2026,"Generated from published directional relationships, not a real experiment.",[]
gelatin_alginate,ionic,articular_chondrocyte,rabbit,3D_bioprint,none,native,2.66,8.28,88.4,8.2,21.0,4.2,2,1.0,95.46805420513819,76.95068198957628,72.65443932779236,61.95902538961636,sim-0064,simulated_literature_informed,TissueLab literature-informed simulator v0.1,,2026,"Generated from published directional relationships, not a real experiment.",[]
HA,photocrosslink,articular_chondrocyte,human,2D,TGF_b3,native,5.32,14.17,97.0,21.5,14.0,4.53,2,0.7,100.0,78.70619403279069,92.15694738416633,60.02605549787817,sim-0065,simulated_literature_informed,TissueLab literature-informed simulator v0.1,,2026,"Generated from published directional relationships, not a real experiment.",[]
PEG,photocrosslink,articular_chondrocyte,human,3D_encapsulation,TGF_b3,none,6.26,74.89,66.4,242.5,42.0,4.68,2,0.0,73.56267503805019,39.823011607785794,62.71612658021028,41.921754930962116,sim-0066,simulated_literature_informed,TissueLab literature-informed simulator v0.1,,2026,"Generated from published directional relationships, not a real experiment.",[]
fibrin,enzymatic,MSC,rabbit,2D,TGF_b1,MMP_degradable,1.75,4.28,93.0,11.9,7.0,5.49,4,1.0,98.37847102118238,100.0,33.76736650663429,34.48921538267088,sim-0067,simulated_literature_informed,TissueLab literature-informed simulator v0.1,,2026,"Generated from published directional relationships, not a real experiment.",[]
gelatin_alginate,ionic,articular_chondrocyte,porcine,3D_encapsulation,none,native,3.91,5.91,82.7,8.5,21.0,6.27,2,1.0,98.13498316646736,76.40977213349585,65.03953012790443,55.66966796767468,sim-0068,simulated_literature_informed,TissueLab literature-informed simulator v0.1,,2026,"Generated from published directional relationships, not a real experiment.",[]
PEG,photocrosslink,articular_chondrocyte,human,3D_encapsulation,TGF_b3,native,2.13,28.98,85.1,6.7,21.0,10.08,1,0.0,65.35182697743238,33.984997551985145,98.03816885687522,85.11141415620291,sim-0069,simulated_literature_informed,TissueLab literature-informed simulator v0.1,,2026,"Generated from published directional relationships, not a real experiment.",[]
HA,photocrosslink,articular_chondrocyte,bovine,3D_bioprint,TGF_b1,native,2.92,9.43,96.4,4.8,21.0,5.99,2,0.7,100.0,62.661628263863925,100.0,65.77867673594207,sim-0070,simulated_literature_informed,TissueLab literature-informed simulator v0.1,,2026,"Generated from published directional relationships, not a real experiment.",[]
chitosan_HA,chemical,articular_chondrocyte,human,3D_encapsulation,none,RGD,4.36,31.36,89.6,25.6,7.0,5.2,0,1.0,96.94356328541832,58.81208208144358,97.72113305703489,74.52705757940728,sim-0071,simulated_literature_informed,TissueLab literature-informed simulator v0.1,,2026,"Generated from published directional relationships, not a real experiment.",[]
GelMA,photocrosslink,articular_chondrocyte,human,3D_bioprint,TGF_b1,native,6.49,18.5,86.0,11.1,28.0,1.99,1,1.0,100.0,66.5107270137477,100.0,97.81100081328348,sim-0072,simulated_literature_informed,TissueLab literature-informed simulator v0.1,,2026,"Generated from published directional relationships, not a real experiment.",[]
PEG,photocrosslink,articular_chondrocyte,rabbit,3D_encapsulation,none,RGD,3.35,24.32,97.0,32.8,7.0,8.56,2,1.0,88.43293246184619,49.50931917752386,83.80774052337908,54.938857309867196,sim-0073,simulated_literature_informed,TissueLab literature-informed simulator v0.1,,2026,"Generated from published directional relationships, not a real experiment.",[]
agarose,thermal,articular_chondrocyte,human,3D_encapsulation,none,native,4.24,29.74,88.9,127.8,14.0,5.26,4,0.0,86.27725410842987,29.049066117753416,95.46745294232431,48.61274770070597,sim-0074,simulated_literature_informed,TissueLab literature-informed simulator v0.1,,2026,"Generated from published directional relationships, not a real experiment.",[]
fibrin,enzymatic,articular_chondrocyte,bovine,2D,TGF_b3,RGD,7.42,35.37,85.2,6.2,28.0,15.74,2,1.0,100.0,81.47485188162281,100.0,63.696291532386454,sim-0075,simulated_literature_informed,TissueLab literature-informed simulator v0.1,,2026,"Generated from published directional relationships, not a real experiment.",[]
agarose,thermal,articular_chondrocyte,human,3D_encapsulation,TGF_b3,none,4.66,30.93,90.4,189.8,7.0,7.16,1,0.0,96.38937839530736,40.3596146097679,100.0,78.86495529199715,sim-0076,simulated_literature_informed,TissueLab literature-informed simulator v0.1,,2026,"Generated from published directional relationships, not a real experiment.",[]
agarose,thermal,articular_chondrocyte,human,3D_encapsulation,TGF_b1,native,4.03,28.94,89.9,300.3,7.0,6.92,2,0.0,87.48556582407056,38.01221342681699,100.0,69.46814035876524,sim-0077,simulated_literature_informed,TissueLab literature-informed simulator v0.1,,2026,"Generated from published directional relationships, not a real experiment.",[]
PEG,photocrosslink,articular_chondrocyte,bovine,2D,none,MMP_degradable,5.89,36.88,76.7,13.7,14.0,4.48,0,0.0,73.00287540904561,56.07219692553503,44.464374059979505,32.72827049261995,sim-0078,simulated_literature_informed,TissueLab literature-informed simulator v0.1,,2026,"Generated from published directional relationships, not a real experiment.",[]
collagen,chemical,articular_chondrocyte,human,3D_encapsulation,TGF_b3,native,8.52,17.03,84.9,19.5,28.0,6.55,1,1.0,98.85038991029218,67.85354932002616,93.90421538042806,92.0810890980847,sim-0079,simulated_literature_informed,TissueLab literature-informed simulator v0.1,,2026,"Generated from published directional relationships, not a real experiment.",[]
PEG,photocrosslink,articular_chondrocyte,human,3D_encapsulation,none,native,6.3,64.04,83.8,303.4,28.0,9.9,1,0.0,76.24053726454322,32.733014807291525,62.91177461390929,30.230247387962518,sim-0080,simulated_literature_informed,TissueLab literature-informed simulator v0.1,,2026,"Generated from published directional relationships, not a real experiment.",[]
chitosan_HA,chemical,articular_chondrocyte,rabbit,3D_encapsulation,TGF_b3,native,3.48,28.21,91.1,29.8,14.0,11.28,1,0.5,87.84114096136418,46.17222917739251,100.0,93.43407850225036,sim-0081,simulated_literature_informed,TissueLab literature-informed simulator v0.1,,2026,"Generated from published directional relationships, not a real experiment.",[]
PEG_dextran,chemical,articular_chondrocyte,bovine,3D_encapsulation,TGF_b3,native,3.59,40.08,82.6,10.8,21.0,5.08,2,0.0,23.29193058187721,37.890427506118286,52.966558318863605,58.148753765937826,sim-0082,simulated_literature_informed,TissueLab literature-informed simulator v0.1,,2026,"Generated from published directional relationships, not a real experiment.",[]
HA,photocrosslink,articular_chondrocyte,human,3D_encapsulation,TGF_b1,MMP_degradable,3.45,15.53,89.6,32.1,21.0,2.08,0,0.7,98.36609775678843,51.687991747087906,100.0,99.03019595688967,sim-0083,simulated_literature_informed,TissueLab literature-informed simulator v0.1,,2026,"Generated from published directional relationships, not a real experiment.",[]
PEG,photocrosslink,articular_chondrocyte,human,3D_bioprint,none,RGD,2.35,25.17,94.6,7.1,7.0,6.14,2,1.0,92.61644509018953,51.42640968892741,80.06740922784653,52.46924659020174,sim-0084,simulated_literature_informed,TissueLab literature-informed simulator v0.1,,2026,"Generated from published directional relationships, not a real experiment.",[]
agarose,thermal,MSC,porcine,3D_encapsulation,none,MMP_degradable,4.96,29.55,85.9,11.6,28.0,11.79,2,0.0,79.0882286697784,38.69090327297779,99.80656534603135,96.62815014308836,sim-0085,simulated_literature_informed,TissueLab literature-informed simulator v0.1,,2026,"Generated from published directional relationships, not a real experiment.",[]
PEG_dextran,chemical,articular_chondrocyte,human,3D_encapsulation,none,native,10.06,37.65,78.5,34.7,14.0,9.15,1,0.0,31.470515268447947,29.727005648951334,43.318128753981384,45.31613046702233,sim-0086,simulated_literature_informed,TissueLab literature-informed simulator v0.1,,2026,"Generated from published directional relationships, not a real experiment.",[]
PEG_dextran,chemical,articular_chondrocyte,bovine,3D_encapsulation,TGF_b1,RGD,8.73,59.95,74.9,181.4,21.0,2.25,2,1.0,30.478900989097074,50.87167669889524,41.415270088617085,27.69409745603879,sim-0087,simulated_literature_informed,TissueLab literature-informed simulator v0.1,,2026,"Generated from published directional relationships, not a real experiment.",[]
agarose,thermal,articular_chondrocyte,porcine,3D_encapsulation,none,native,19.14,90.0,60.5,7.2,14.0,5.79,2,0.0,74.49933053562245,41.59155510443991,79.94151403208735,48.84562966715411,sim-0088,simulated_literature_informed,TissueLab literature-informed simulator v0.1,,2026,"Generated from published directional relationships, not a real experiment.",[]
HA,photocrosslink,MSC,bovine,3D_encapsulation,none,native,6.23,16.51,88.8,8.7,28.0,13.1,1,0.7,91.39005562358184,68.24586131220181,100.0,93.50049267682469,sim-0089,simulated_literature_informed,TissueLab literature-informed simulator v0.1,,2026,"Generated from published directional relationships, not a real experiment.",[]
chitosan_HA,chemical,articular_chondrocyte,human,3D_encapsulation,none,MMP_degradable,4.3,32.16,95.7,6.9,7.0,2.84,1,0.5,92.05180746951588,47.19916017924771,94.00712656407109,78.02926635044332,sim-0090,simulated_literature_informed,TissueLab literature-informed simulator v0.1,,2026,"Generated from published directional relationships, not a real experiment.",[]
alginate,ionic,MSC,human,3D_bioprint,none,native,3.42,12.64,86.5,201.2,7.0,0.93,1,0.0,96.47756586395592,44.449366779405054,84.7607440144851,43.72809330504287,sim-0091,simulated_literature_informed,TissueLab literature-informed simulator v0.1,,2026,"Generated from published directional relationships, not a real experiment.",[]
PEG_dextran,chemical,articular_chondrocyte,porcine,2D,none,native,10.26,59.07,82.4,8.2,42.0,1.96,1,0.0,24.969534605781284,52.79570180144737,0.0,2.414911657605569,sim-0092,simulated_literature_informed,TissueLab literature-informed simulator v0.1,,2026,"Generated from published directional relationships, not a real experiment.",[]
fibrin,enzymatic,MSC,bovine,3D_encapsulation,none,native,5.19,17.41,83.8,13.7,14.0,9.31,2,1.0,98.66979981547412,69.31182640760959,95.64555033583359,75.69435562008545,sim-0093,simulated_literature_informed,TissueLab literature-informed simulator v0.1,,2026,"Generated from published directional relationships, not a real experiment.",[]
agarose,thermal,articular_chondrocyte,human,3D_encapsulation,none,native,3.95,34.1,87.6,254.3,14.0,15.15,2,0.0,94.98608030971853,35.792147798840375,100.0,59.32093034746825,sim-0094,simulated_literature_informed,TissueLab literature-informed simulator v0.1,,2026,"Generated from published directional relationships, not a real experiment.",[]
HA,photocrosslink,MSC,rabbit,3D_encapsulation,TGF_b3,MMP_degradable,3.8,14.26,89.7,20.9,21.0,13.14,2,0.7,94.29059814327098,75.4456564425348,100.0,100.0,sim-0095,simulated_literature_informed,TissueLab literature-informed simulator v0.1,,2026,"Generated from published directional relationships, not a real experiment.",[]
collagen,chemical,articular_chondrocyte,bovine,3D_encapsulation,TGF_b3,native,4.03,11.54,86.6,13.6,14.0,7.82,3,1.0,100.0,66.56247298484263,80.7225764725304,72.48239803826151,sim-0096,simulated_literature_informed,TissueLab literature-informed simulator v0.1,,2026,"Generated from published directional relationships, not a real experiment.",[]
gelatin_alginate,ionic,articular_chondrocyte,bovine,3D_encapsulation,TGF_b3,native,5.12,14.73,81.9,13.3,21.0,8.1,2,1.0,100.0,69.32759684523143,100.0,93.01623158020315,sim-0097,simulated_literature_informed,TissueLab literature-informed simulator v0.1,,2026,"Generated from published directional relationships, not a real experiment.",[]
GelMA,photocrosslink,articular_chondrocyte,bovine,3D_bioprint,none,native,3.44,7.41,86.3,13.9,21.0,10.62,5,1.0,92.62585278891316,70.72942678644196,44.77414590290877,42.98737403176154,sim-0098,simulated_literature_informed,TissueLab literature-informed simulator v0.1,,2026,"Generated from published directional relationships, not a real experiment.",[]
gelatin_alginate,ionic,MSC,human,3D_encapsulation,none,MMP_degradable,1.07,2.31,89.5,21.0,14.0,10.31,2,1.0,100.0,100.0,41.67582431976083,51.99005961916988,sim-0099,simulated_literature_informed,TissueLab literature-informed simulator v0.1,,2026,"Generated from published directional relationships, not a real experiment.",[]
HA,photocrosslink,articular_chondrocyte,human,3D_encapsulation,TGF_b3,native,3.64,10.25,83.5,15.3,7.0,8.28,2,0.7,88.29594963560656,68.10663836988597,100.0,93.2780668933724,sim-0100,simulated_literature_informed,TissueLab literature-informed simulator v0.1,,2026,"Generated from published directional relationships, not a real experiment.",[]
fibrin,enzymatic,articular_chondrocyte,human,3D_encapsulation,TGF_b1,MMP_degradable,5.75,26.71,93.2,17.4,21.0,2.18,0,1.0,96.57652095896175,57.063263649784886,100.0,100.0,sim-0101,simulated_literature_informed,TissueLab literature-informed simulator v0.1,,2026,"Generated from published directional relationships, not a real experiment.",[]
alginate,ionic,articular_chondrocyte,porcine,3D_encapsulation,TGF_b3,RGD,5.93,29.29,89.0,165.9,21.0,3.14,1,1.0,96.51592118872898,49.434478367217615,100.0,88.11908909749553,sim-0102,simulated_literature_informed,TissueLab literature-informed simulator v0.1,,2026,"Generated from published directional relationships, not a real experiment.",[]
gelatin_alginate,ionic,articular_chondrocyte,rabbit,3D_encapsulation,none,RGD,3.95,8.33,87.8,22.3,28.0,8.77,1,1.0,93.30411916503225,71.91074506149863,79.10030946640175,69.8943054115373,sim-0103,simulated_literature_informed,TissueLab literature-informed simulator v0.1,,2026,"Generated from published directional relationships, not a real experiment.",[]
alginate,ionic,MSC,bovine,3D_bioprint,TGF_b3,native,7.81,42.45,75.4,16.5,14.0,3.99,2,0.0,91.2178524114998,44.81367945513288,100.0,100.0,sim-0104,simulated_literature_informed,TissueLab literature-informed simulator v0.1,,2026,"Generated from published directional relationships, not a real experiment.",[]
chitosan_HA,chemical,articular_chondrocyte,human,3D_encapsulation,TGF_b1,native,1.89,16.98,88.0,16.2,42.0,6.83,1,0.5,84.5255977115713,46.28757645391992,98.61081646305597,96.98247000630828,sim-0105,simulated_literature_informed,TissueLab literature-informed simulator v0.1,,2026,"Generated from published directional relationships, not a real experiment.",[]
PEG_dextran,chemical,articular_chondrocyte,porcine,3D_encapsulation,TGF_b3,RGD,6.8,58.48,82.4,231.2,28.0,10.83,2,1.0,30.704486735097426,49.39967039181411,47.20144067408686,44.813922431495044,sim-0106,simulated_literature_informed,TissueLab literature-informed simulator v0.1,,2026,"Generated from published directional relationships, not a real experiment.",[]
alginate,ionic,articular_chondrocyte,human,3D_encapsulation,TGF_b3,none,10.51,28.65,87.0,254.7,21.0,7.98,3,0.0,94.96626608655282,24.928100620423365,100.0,90.39439724613987,sim-0107,simulated_literature_informed,TissueLab literature-informed simulator v0.1,,2026,"Generated from published directional relationships, not a real experiment.",[]
agarose,thermal,articular_chondrocyte,rabbit,3D_encapsulation,TGF_b3,none,7.1,32.03,82.3,133.8,14.0,2.81,2,0.0,84.12276836111396,27.710794039511804,100.0,79.29605839882778,sim-0108,simulated_literature_informed,TissueLab literature-informed simulator v0.1,,2026,"Generated from published directional relationships, not a real experiment.",[]
silk_fibrin,enzymatic,MSC,human,3D_encapsulation,TGF_b1,native,6.04,27.39,91.0,12.4,28.0,4.16,0,1.0,100.0,63.99967079576861,100.0,100.0,sim-0109,simulated_literature_informed,TissueLab literature-informed simulator v0.1,,2026,"Generated from published directional relationships, not a real experiment.",[]
agarose,thermal,articular_chondrocyte,human,2D,TGF_b3,native,11.1,78.2,84.3,338.6,21.0,1.82,3,0.0,91.34540766744871,59.078064360481385,65.15203461261284,23.43685511288038,sim-0110,simulated_literature_informed,TissueLab literature-informed simulator v0.1,,2026,"Generated from published directional relationships, not a real experiment.",[]
agarose,thermal,articular_chondrocyte,human,3D_bioprint,TGF_b3,MMP_degradable,2.34,11.17,84.7,25.0,14.0,14.79,4,0.0,90.9020498906469,34.491114564454904,93.15576911669514,87.49247488898607,sim-0111,simulated_literature_informed,TissueLab literature-informed simulator v0.1,,2026,"Generated from published directional relationships, not a real experiment.",[]
PEG_dextran,chemical,articular_chondrocyte,human,3D_encapsulation,none,none,6.75,42.37,84.8,246.5,21.0,3.5,2,0.0,22.96389973725984,26.3606190677837,40.81818877773401,22.990081523917834,sim-0112,simulated_literature_informed,TissueLab literature-informed simulator v0.1,,2026,"Generated from published directional relationships, not a real experiment.",[]
PEG,photocrosslink,articular_chondrocyte,human,3D_encapsulation,none,native,2.7,28.15,93.4,9.5,14.0,4.92,3,0.0,71.46230804867146,28.054635366760504,70.04932585532428,62.03507951156733,sim-0113,simulated_literature_informed,TissueLab literature-informed simulator v0.1,,2026,"Generated from published directional relationships, not a real experiment.",[]
PEG_dextran,chemical,MSC,porcine,3D_encapsulation,TGF_b1,RGD,6.7,43.59,61.9,162.3,14.0,10.37,3,1.0,29.74817811582794,61.62051527909452,52.82093859450907,32.19432101285933,sim-0114,simulated_literature_informed,TissueLab literature-informed simulator v0.1,,2026,"Generated from published directional relationships, not a real experiment.",[]
fibrin,enzymatic,articular_chondrocyte,human,3D_bioprint,TGF_b3,MMP_degradable,4.51,16.25,90.6,18.3,28.0,2.34,3,1.0,100.0,62.19673974429855,100.0,100.0,sim-0115,simulated_literature_informed,TissueLab literature-informed simulator v0.1,,2026,"Generated from published directional relationships, not a real experiment.",[]
collagen,chemical,articular_chondrocyte,human,3D_encapsulation,TGF_b1,MMP_degradable,4.29,7.58,89.8,12.7,14.0,2.7,1,1.0,95.12721673992908,81.65455794742213,63.42387950266413,67.39277726558181,sim-0116,simulated_literature_informed,TissueLab literature-informed simulator v0.1,,2026,"Generated from published directional relationships, not a real experiment.",[]
chitosan_HA,chemical,MSC,human,3D_encapsulation,TGF_b3,native,3.6,73.91,84.8,9.0,28.0,2.32,3,0.5,93.4777459317492,62.820571791516684,88.39720469726007,73.19199799489996,sim-0117,simulated_literature_informed,TissueLab literature-informed simulator v0.1,,2026,"Generated from published directional relationships, not a real experiment.",[]
gelatin_alginate,ionic,articular_chondrocyte,porcine,3D_bioprint,TGF_b3,native,2.61,4.82,94.5,5.6,7.0,9.21,1,1.0,96.29139331762002,88.94159896640245,80.40439422555588,47.03783864775341,sim-0118,simulated_literature_informed,TissueLab literature-informed simulator v0.1,,2026,"Generated from published directional relationships, not a real experiment.",[]
PEG,photocrosslink,articular_chondrocyte,human,3D_encapsulation,none,native,1.47,7.44,92.7,173.9,28.0,3.97,2,0.0,77.3455240832969,48.25406878263407,49.873299297969155,24.192242213159165,sim-0119,simulated_literature_informed,TissueLab literature-informed simulator v0.1,,2026,"Generated from published directional relationships, not a real experiment.",[]
agarose,thermal,articular_chondrocyte,human,3D_encapsulation,TGF_b3,native,6.1,35.51,86.1,314.9,14.0,6.4,1,0.0,80.36813886348446,34.60163963969465,100.0,75.9871132204857,sim-0120,simulated_literature_informed,TissueLab literature-informed simulator v0.1,,2026,"Generated from published directional relationships, not a real experiment.",[]
collagen,chemical,MSC,human,3D_encapsulation,none,native,5.51,15.63,85.0,15.8,28.0,5.62,1,1.0,88.91640096409779,68.69072655122493,70.82375387580048,64.5480076227134,sim-0121,simulated_literature_informed,TissueLab literature-informed simulator v0.1,,2026,"Generated from published directional relationships, not a real experiment.",[]
silk_fibrin,enzymatic,articular_chondrocyte,human,3D_bioprint,TGF_b1,RGD,6.8,31.99,86.9,25.7,14.0,2.51,4,1.0,100.0,49.44244173473778,100.0,100.0,sim-0122,simulated_literature_informed,TissueLab literature-informed simulator v0.1,,2026,"Generated from published directional relationships, not a real experiment.",[]
GelMA,photocrosslink,articular_chondrocyte,bovine,3D_bioprint,none,MMP_degradable,5.37,10.75,88.1,24.4,21.0,3.25,3,1.0,99.43261838987756,65.31100688615209,65.61235320831491,70.01041453315446,sim-0123,simulated_literature_informed,TissueLab literature-informed simulator v0.1,,2026,"Generated from published directional relationships, not a real experiment.",[]
PEG_dextran,chemical,articular_chondrocyte,bovine,3D_bioprint,none,RGD,2.18,10.33,91.6,142.2,21.0,1.31,1,1.0,45.997298862766485,58.78783558308891,33.09779864708806,14.29810345105961,sim-0124,simulated_literature_informed,TissueLab literature-informed simulator v0.1,,2026,"Generated from published directional relationships, not a real experiment.",[]
fibrin,enzymatic,articular_chondrocyte,human,2D,none,MMP_degradable,7.49,37.38,92.1,7.4,14.0,2.75,4,1.0,100.0,62.7217809456622,58.10339241550015,45.48652454272971,sim-0125,simulated_literature_informed,TissueLab literature-informed simulator v0.1,,2026,"Generated from published directional relationships, not a real experiment.",[]
HA,photocrosslink,MSC,human,3D_encapsulation,TGF_b3,native,2.06,8.61,94.2,11.9,21.0,3.08,1,0.7,92.82507099556993,75.84210854805674,100.0,98.58343708490884,sim-0126,simulated_literature_informed,TissueLab literature-informed simulator v0.1,,2026,"Generated from published directional relationships, not a real experiment.",[]
PEG_dextran,chemical,articular_chondrocyte,porcine,3D_bioprint,none,RGD,9.73,28.46,81.8,172.5,28.0,1.87,3,1.0,40.779380334458395,34.5883584825066,38.85702323940637,28.062642194410635,sim-0127,simulated_literature_informed,TissueLab literature-informed simulator v0.1,,2026,"Generated from published directional relationships, not a real experiment.",[]
HA,photocrosslink,articular_chondrocyte,bovine,3D_encapsulation,TGF_b3,RGD,3.83,9.44,82.5,15.1,14.0,5.38,2,1.0,95.41948702748677,74.74004812368979,100.0,97.26789427548297,sim-0128,simulated_literature_informed,TissueLab literature-informed simulator v0.1,,2026,"Generated from published directional relationships, not a real experiment.",[]
alginate,ionic,MSC,human,2D,TGF_b1,none,8.7,48.71,77.8,226.9,14.0,9.33,1,0.0,95.89162550321464,73.73816246463635,88.52332685322072,41.75946200159868,sim-0129,simulated_literature_informed,TissueLab literature-informed simulator v0.1,,2026,"Generated from published directional relationships, not a real experiment.",[]
silk_fibrin,enzymatic,articular_chondrocyte,porcine,3D_bioprint,TGF_b3,MMP_degradable,3.44,20.51,94.2,14.2,21.0,1.63,2,1.0,97.78867088291598,63.87008260787118,100.0,100.0,sim-0130,simulated_literature_informed,TissueLab literature-informed simulator v0.1,,2026,"Generated from published directional relationships, not a real experiment.",[]
fibrin,enzymatic,articular_chondrocyte,porcine,3D_encapsulation,none,MMP_degradable,3.73,11.89,84.1,12.1,21.0,2.61,2,1.0,100.0,73.52454949684488,96.52066108551523,89.43867727694709,sim-0131,simulated_literature_informed,TissueLab literature-informed simulator v0.1,,2026,"Generated from published directional relationships, not a real experiment.",[]
chitosan_HA,chemical,articular_chondrocyte,bovine,3D_encapsulation,TGF_b3,native,5.89,59.18,81.1,9.6,21.0,4.71,2,0.5,94.18877110737417,52.61375820703504,100.0,79.18187014949956,sim-0132,simulated_literature_informed,TissueLab literature-informed simulator v0.1,,2026,"Generated from published directional relationships, not a real experiment.",[]
GelMA,photocrosslink,articular_chondrocyte,human,3D_encapsulation,none,native,2.59,8.77,89.0,7.5,14.0,3.6,3,1.0,96.97551134754643,72.05261120256604,68.65061219143769,38.59923768917861,sim-0133,simulated_literature_informed,TissueLab literature-informed simulator v0.1,,2026,"Generated from published directional relationships, not a real experiment.",[]
alginate,ionic,articular_chondrocyte,human,3D_encapsulation,TGF_b3,none,5.15,21.13,93.7,201.1,14.0,2.25,2,0.0,89.54832946482462,38.14465997820734,100.0,87.71542849450118,sim-0134,simulated_literature_informed,TissueLab literature-informed simulator v0.1,,2026,"Generated from published directional relationships, not a real experiment.",[]
HA,photocrosslink,articular_chondrocyte,human,3D_encapsulation,none,native,7.23,22.16,88.0,5.6,21.0,3.57,3,0.7,100.0,48.04631360164112,100.0,77.05784404229404,sim-0135,simulated_literature_informed,TissueLab literature-informed simulator v0.1,,2026,"Generated from published directional relationships, not a real experiment.",[]
silk_fibrin,enzymatic,articular_chondrocyte,human,3D_encapsulation,TGF_b3,native,4.57,26.43,85.9,13.2,21.0,4.61,4,1.0,97.1360351283747,49.438185667768415,100.0,100.0,sim-0136,simulated_literature_informed,TissueLab literature-informed simulator v0.1,,2026,"Generated from published directional relationships, not a real experiment.",[]
HA,photocrosslink,MSC,rabbit,3D_encapsulation,none,native,8.4,37.78,73.2,15.7,21.0,1.02,2,0.7,93.29596082280516,68.18698616502157,95.42184388600121,83.91639194644172,sim-0137,simulated_literature_informed,TissueLab literature-informed simulator v0.1,,2026,"Generated from published directional relationships, not a real experiment.",[]
PEG_dextran,chemical,articular_chondrocyte,human,3D_bioprint,TGF_b1,RGD,9.7,46.95,75.1,312.8,21.0,4.77,2,1.0,40.182623123261024,55.18249067286091,49.57181780994957,36.713957908191,sim-0138,simulated_literature_informed,TissueLab literature-informed simulator v0.1,,2026,"Generated from published directional relationships, not a real experiment.",[]
gelatin_alginate,ionic,MSC,human,3D_encapsulation,none,native,5.59,11.9,92.5,8.2,21.0,2.05,1,1.0,100.0,71.21616588621183,71.67211211698518,63.853637667362534,sim-0139,simulated_literature_informed,TissueLab literature-informed simulator v0.1,,2026,"Generated from published directional relationships, not a real experiment.",[]
fibrin,enzymatic,articular_chondrocyte,porcine,3D_encapsulation,none,native,7.13,18.94,84.8,11.4,21.0,7.09,1,1.0,100.0,53.893959576681,100.0,92.93696159991482,sim-0140,simulated_literature_informed,TissueLab literature-informed simulator v0.1,,2026,"Generated from published directional relationships, not a real experiment.",[]
GelMA,photocrosslink,articular_chondrocyte,human,2D,none,native,2.73,5.08,95.5,15.8,21.0,2.91,1,1.0,93.56481497645069,100.0,33.40088762922084,12.062844462724012,sim-0141,simulated_literature_informed,TissueLab literature-informed simulator v0.1,,2026,"Generated from published directional relationships, not a real experiment.",[]
silk_fibrin,enzymatic,articular_chondrocyte,bovine,3D_encapsulation,none,native,2.76,11.53,94.0,36.4,14.0,5.4,0,1.0,98.88527799957473,65.3990361392109,91.10155251515809,62.672741199543694,sim-0142,simulated_literature_informed,TissueLab literature-informed simulator v0.1,,2026,"Generated from published directional relationships, not a real experiment.",[]
HA,photocrosslink,articular_chondrocyte,human,3D_encapsulation,none,native,2.76,10.75,84.9,18.1,14.0,6.15,1,0.7,93.39720315703103,60.66538723417625,94.05964793672737,74.09378692061695,sim-0143,simulated_literature_informed,TissueLab literature-informed simulator v0.1,,2026,"Generated from published directional relationships, not a real experiment.",[]
GelMA,photocrosslink,articular_chondrocyte,bovine,2D,TGF_b1,native,2.74,11.0,95.5,18.8,28.0,2.6,5,1.0,100.0,75.2848872998745,40.887435153768635,31.26463837478672,sim-0144,simulated_literature_informed,TissueLab literature-informed simulator v0.1,,2026,"Generated from published directional relationships, not a real experiment.",[]
fibrin,enzymatic,articular_chondrocyte,bovine,3D_encapsulation,none,MMP_degradable,6.56,15.38,73.2,25.9,21.0,1.17,0,1.0,98.61553605180245,57.04801119068469,94.90354091535505,88.96690624430191,sim-0145,simulated_literature_informed,TissueLab literature-informed simulator v0.1,,2026,"Generated from published directional relationships, not a real experiment.",[]
alginate,ionic,MSC,bovine,3D_encapsulation,none,none,4.81,16.93,85.3,245.5,28.0,4.38,1,0.0,90.96204797208827,45.30417000934187,85.45512220318199,59.88291584446836,sim-0146,simulated_literature_informed,TissueLab literature-informed simulator v0.1,,2026,"Generated from published directional relationships, not a real experiment.",[]
alginate,ionic,articular_chondrocyte,bovine,3D_encapsulation,TGF_b1,native,2.61,8.55,88.3,187.4,7.0,18.19,2,0.0,85.86981530446867,53.01374159995615,100.0,58.74201928365687,sim-0147,simulated_literature_informed,TissueLab literature-informed simulator v0.1,,2026,"Generated from published directional relationships, not a real experiment.",[]
agarose,thermal,articular_chondrocyte,porcine,3D_encapsulation,TGF_b1,none,5.67,30.66,83.1,126.6,7.0,3.8,2,0.0,88.46743550564115,44.22117639596817,100.0,66.65164838202601,sim-0148,simulated_literature_informed,TissueLab literature-informed simulator v0.1,,2026,"Generated from published directional relationships, not a real experiment.",[]
agarose,thermal,articular_chondrocyte,bovine,3D_encapsulation,TGF_b3,native,3.31,12.75,91.2,10.6,21.0,1.19,2,0.0,89.89987808617576,40.42294577537255,100.0,90.04485512207155,sim-0149,simulated_literature_informed,TissueLab literature-informed simulator v0.1,,2026,"Generated from published directional relationships, not a real experiment.",[]
PEG_dextran,chemical,articular_chondrocyte,human,3D_encapsulation,none,native,11.78,53.58,75.7,166.0,21.0,6.56,1,0.0,21.594189574096077,38.417254617718164,29.350913377199422,19.829597694583406,sim-0150,simulated_literature_informed,TissueLab literature-informed simulator v0.1,,2026,"Generated from published directional relationships, not a real experiment.",[]
GelMA,photocrosslink,MSC,human,2D,TGF_b3,MMP_degradable,5.63,17.98,86.6,16.7,21.0,5.35,2,1.0,100.0,91.8848744019257,84.73857707528906,72.17556898712678,sim-0151,simulated_literature_informed,TissueLab literature-informed simulator v0.1,,2026,"Generated from published directional relationships, not a real experiment.",[]
agarose,thermal,articular_chondrocyte,human,3D_encapsulation,TGF_b1,none,9.18,33.87,75.5,225.7,14.0,4.39,4,0.0,83.22236145002105,24.825735926521673,85.78512543026936,63.386905638994065,sim-0152,simulated_literature_informed,TissueLab literature-informed simulator v0.1,,2026,"Generated from published directional relationships, not a real experiment.",[]
PEG,photocrosslink,MSC,human,3D_encapsulation,none,RGD,3.44,27.04,89.5,176.9,42.0,3.17,2,1.0,84.35812352992494,47.25619159781213,54.38537230886267,41.55222668158377,sim-0153,simulated_literature_informed,TissueLab literature-informed simulator v0.1,,2026,"Generated from published directional relationships, not a real experiment.",[]
collagen,chemical,articular_chondrocyte,human,3D_encapsulation,TGF_b3,native,3.98,7.59,92.3,10.4,14.0,1.71,3,1.0,100.0,73.98949865418813,67.4539530231637,59.44718591813085,sim-0154,simulated_literature_informed,TissueLab literature-informed simulator v0.1,,2026,"Generated from published directional relationships, not a real experiment.",[]
PEG,photocrosslink,articular_chondrocyte,porcine,3D_bioprint,none,none,2.87,25.56,90.8,118.1,21.0,2.94,4,0.0,74.616928422836,25.24277408606821,65.5378829490765,40.40210985460597,sim-0155,simulated_literature_informed,TissueLab literature-informed simulator v0.1,,2026,"Generated from published directional relationships, not a real experiment.",[]
PEG_dextran,chemical,articular_chondrocyte,human,2D,none,native,2.23,9.13,93.2,170.6,14.0,3.73,1,0.0,42.26179086297572,62.25710174901856,0.0,0.0,sim-0156,simulated_literature_informed,TissueLab literature-informed simulator v0.1,,2026,"Generated from published directional relationships, not a real experiment.",[]
collagen,chemical,articular_chondrocyte,human,3D_encapsulation,none,native,5.11,7.91,87.4,13.9,42.0,7.72,3,1.0,97.63534693276722,64.81787209223613,50.58829673658098,48.97452215228396,sim-0157,simulated_literature_informed,TissueLab literature-informed simulator v0.1,,2026,"Generated from published directional relationships, not a real experiment.",[]
GelMA,photocrosslink,articular_chondrocyte,porcine,3D_encapsulation,TGF_b1,MMP_degradable,3.83,9.47,91.4,15.0,28.0,1.26,2,1.0,91.71461146159398,75.20369969530215,87.75953112768117,81.25783727557999,sim-0158,simulated_literature_informed,TissueLab literature-informed simulator v0.1,,2026,"Generated from published directional relationships, not a real experiment.",[]
alginate,ionic,MSC,human,3D_encapsulation,TGF_b3,native,11.58,59.87,68.2,237.5,14.0,6.34,2,0.0,90.49791941151963,57.91126686430668,100.0,70.50506160805381,sim-0159,simulated_literature_informed,TissueLab literature-informed simulator v0.1,,2026,"Generated from published directional relationships, not a real experiment.",[]
collagen,chemical,articular_chondrocyte,bovine,3D_encapsulation,TGF_b1,native,5.52,10.54,85.7,13.9,14.0,4.39,2,1.0,96.27071379494711,77.10409713134295,78.07432632227953,69.53277065177234,sim-0160,simulated_literature_informed,TissueLab literature-informed simulator v0.1,,2026,"Generated from published directional relationships, not a real experiment.",[]
PEG_dextran,chemical,MSC,human,2D,TGF_b3,RGD,5.51,22.72,84.2,14.2,14.0,5.6,2,1.0,47.29942408109321,69.81155165999357,38.66257241362286,32.60002805326669,sim-0161,simulated_literature_informed,TissueLab literature-informed simulator v0.1,,2026,"Generated from published directional relationships, not a real experiment.",[]
PEG,photocrosslink,MSC,porcine,3D_encapsulation,TGF_b3,none,4.7,120.0,69.2,189.5,14.0,2.54,1,0.0,71.33912407675436,58.596649924326236,74.9674032880815,38.05597028252449,sim-0162,simulated_literature_informed,TissueLab literature-informed simulator v0.1,,2026,"Generated from published directional relationships, not a real experiment.",[]
HA,photocrosslink,articular_chondrocyte,rabbit,3D_bioprint,none,RGD,7.19,21.53,81.5,8.0,7.0,1.35,1,1.0,100.0,55.00161455854027,100.0,93.47177377640257,sim-0163,simulated_literature_informed,TissueLab literature-informed simulator v0.1,,2026,"Generated from published directional relationships, not a real experiment.",[]
collagen,chemical,articular_chondrocyte,human,3D_encapsulation,TGF_b1,native,3.53,6.49,85.8,11.4,21.0,19.78,0,1.0,98.75040542707285,88.80304059226287,70.67013051838107,62.88613836619606,sim-0164,simulated_literature_informed,TissueLab literature-informed simulator v0.1,,2026,"Generated from published directional relationships, not a real experiment.",[]
gelatin_alginate,ionic,articular_chondrocyte,bovine,3D_encapsulation,none,RGD,5.63,8.49,82.6,5.2,7.0,2.23,2,1.0,96.18620494132101,79.02976124678952,75.77413419296549,40.06837503316797,sim-0165,simulated_literature_informed,TissueLab literature-informed simulator v0.1,,2026,"Generated from published directional relationships, not a real experiment.",[]
alginate,ionic,articular_chondrocyte,bovine,3D_bioprint,TGF_b3,none,5.45,16.94,85.9,168.1,21.0,3.26,5,0.0,87.34282221367611,27.72856983108419,99.33379033011381,80.56068645854272,sim-0166,simulated_literature_informed,TissueLab literature-informed simulator v0.1,,2026,"Generated from published directional relationships, not a real experiment.",[]
silk_fibrin,enzymatic,articular_chondrocyte,human,3D_encapsulation,none,RGD,6.3,16.45,83.5,20.8,21.0,2.84,3,1.0,100.0,57.241266065001966,100.0,82.24432682145425,sim-0167,simulated_literature_informed,TissueLab literature-informed simulator v0.1,,2026,"Generated from published directional relationships, not a real experiment.",[]
chitosan_HA,chemical,MSC,bovine,3D_encapsulation,TGF_b3,native,5.21,120.44,81.3,7.4,14.0,1.82,2,0.5,91.33222492034584,65.77487149444275,88.8516077590687,68.6340834537829,sim-0168,simulated_literature_informed,TissueLab literature-informed simulator v0.1,,2026,"Generated from published directional relationships, not a real experiment.",[]
chitosan_HA,chemical,articular_chondrocyte,bovine,2D,none,native,11.83,88.07,73.7,12.8,14.0,2.9,2,0.5,96.86275133824076,74.26579364698559,41.01006812923853,21.92149683844116,sim-0169,simulated_literature_informed,TissueLab literature-informed simulator v0.1,,2026,"Generated from published directional relationships, not a real experiment.",[]
GelMA,photocrosslink,articular_chondrocyte,human,3D_encapsulation,none,MMP_degradable,3.29,5.57,95.2,7.6,14.0,9.58,2,1.0,97.24847119931269,79.71481041480712,67.8961098198677,49.268415065213404,sim-0170,simulated_literature_informed,TissueLab literature-informed simulator v0.1,,2026,"Generated from published directional relationships, not a real experiment.",[]
agarose,thermal,articular_chondrocyte,human,3D_encapsulation,none,none,6.71,60.17,79.7,169.3,7.0,2.09,4,0.0,79.4073821441644,30.733895199632467,70.78229139846749,25.660355062141104,sim-0171,simulated_literature_informed,TissueLab literature-informed simulator v0.1,,2026,"Generated from published directional relationships, not a real experiment.",[]
GelMA,photocrosslink,articular_chondrocyte,human,3D_encapsulation,TGF_b3,native,8.16,19.12,69.9,6.7,7.0,6.18,3,1.0,96.44279041427018,57.394382087748454,100.0,83.92652952913627,sim-0172,simulated_literature_informed,TissueLab literature-informed simulator v0.1,,2026,"Generated from published directional relationships, not a real experiment.",[]
PEG_dextran,chemical,articular_chondrocyte,human,3D_encapsulation,TGF_b3,none,6.05,37.59,93.9,211.9,28.0,3.14,4,0.0,24.874304996815003,27.701114967273643,38.708205114911785,37.845232832449376,sim-0173,simulated_literature_informed,TissueLab literature-informed simulator v0.1,,2026,"Generated from published directional relationships, not a real experiment.",[]
PEG,photocrosslink,MSC,human,3D_encapsulation,TGF_b1,native,3.78,41.4,86.6,39.0,28.0,6.34,2,0.0,81.56518344623206,43.60158627437609,81.48782233517058,68.76221653865107,sim-0174,simulated_literature_informed,TissueLab literature-informed simulator v0.1,,2026,"Generated from published directional relationships, not a real experiment.",[]
GelMA,photocrosslink,articular_chondrocyte,human,3D_encapsulation,none,native,6.06,14.2,87.4,46.0,7.0,0.95,2,1.0,100.0,55.13872058298888,84.46127692703244,54.90798095247904,sim-0175,simulated_literature_informed,TissueLab literature-informed simulator v0.1,,2026,"Generated from published directional relationships, not a real experiment.",[]
silk_fibrin,enzymatic,articular_chondrocyte,rabbit,3D_encapsulation,none,native,5.44,26.63,82.6,5.7,21.0,8.09,0,1.0,97.09590614656653,60.29768183027761,100.0,82.01658525250194,sim-0176,simulated_literature_informed,TissueLab literature-informed simulator v0.1,,2026,"Generated from published directional relationships, not a real experiment.",[]
HA,photocrosslink,articular_chondrocyte,human,3D_encapsulation,TGF_b1,MMP_degradable,11.18,42.93,68.2,12.1,21.0,6.92,2,0.7,100.0,52.675169308544845,100.0,100.0,sim-0177,simulated_literature_informed,TissueLab literature-informed simulator v0.1,,2026,"Generated from published directional relationships, not a real experiment.",[]
collagen,chemical,articular_chondrocyte,rabbit,2D,none,native,5.52,14.63,77.8,14.6,21.0,26.37,2,1.0,100.0,81.75093241620192,54.00781066284826,33.19796773412345,sim-0178,simulated_literature_informed,TissueLab literature-informed simulator v0.1,,2026,"Generated from published directional relationships, not a real experiment.",[]
agarose,thermal,articular_chondrocyte,porcine,3D_bioprint,none,native,11.18,54.53,74.4,20.8,7.0,2.75,3,0.0,84.45541346478821,37.50819194911951,77.37803912165003,56.115527818000864,sim-0179,simulated_literature_informed,TissueLab literature-informed simulator v0.1,,2026,"Generated from published directional relationships, not a real experiment.",[]
chitosan_HA,chemical,articular_chondrocyte,human,3D_encapsulation,TGF_b1,MMP_degradable,4.72,123.85,79.1,10.1,42.0,7.35,3,0.5,82.54221553065999,48.780637497182425,72.9023309957109,83.7603600238108,sim-0180,simulated_literature_informed,TissueLab literature-informed simulator v0.1,,2026,"Generated from published directional relationships, not a real experiment.",[]
HA,photocrosslink,articular_chondrocyte,bovine,3D_encapsulation,none,native,1.99,6.47,89.0,7.1,21.0,2.75,3,0.7,96.77869934587626,73.04009426235037,66.60234070373015,57.361450749262076,sim-0181,simulated_literature_informed,TissueLab literature-informed simulator v0.1,,2026,"Generated from published directional relationships, not a real experiment.",[]
agarose,thermal,articular_chondrocyte,human,3D_encapsulation,TGF_b3,RGD,6.8,46.73,76.7,160.1,28.0,11.59,3,1.0,93.60039690639253,49.970134699426325,100.0,71.46257108954794,sim-0182,simulated_literature_informed,TissueLab literature-informed simulator v0.1,,2026,"Generated from published directional relationships, not a real experiment.",[]
HA,photocrosslink,articular_chondrocyte,human,3D_encapsulation,TGF_b3,MMP_degradable,3.29,8.92,92.8,3.7,14.0,2.99,1,0.7,97.28007488245568,67.63077918429856,100.0,71.92908339826563,sim-0183,simulated_literature_informed,TissueLab literature-informed simulator v0.1,,2026,"Generated from published directional relationships, not a real experiment.",[]
PEG_dextran,chemical,MSC,human,3D_encapsulation,none,RGD,13.49,42.21,76.8,166.5,28.0,4.71,0,1.0,39.8537570065986,50.82970764947781,21.138100031159514,17.52705805079269,sim-0184,simulated_literature_informed,TissueLab literature-informed simulator v0.1,,2026,"Generated from published directional relationships, not a real experiment.",[]
alginate,ionic,MSC,human,2D,TGF_b3,none,6.78,29.76,86.9,365.0,28.0,2.51,0,0.0,93.78705430856415,64.53619397362714,100.0,61.555678597839155,sim-0185,simulated_literature_informed,TissueLab literature-informed simulator v0.1,,2026,"Generated from published directional relationships, not a real experiment.",[]
GelMA,photocrosslink,articular_chondrocyte,human,3D_bioprint,none,native,5.2,14.81,84.7,4.9,14.0,3.29,2,1.0,96.62776201361892,67.43248472331238,90.15707176661176,48.06958170085794,sim-0186,simulated_literature_informed,TissueLab literature-informed simulator v0.1,,2026,"Generated from published directional relationships, not a real experiment.",[]
alginate,ionic,articular_chondrocyte,bovine,3D_bioprint,TGF_b1,RGD,10.25,38.19,78.1,155.8,21.0,3.68,2,1.0,91.45696267056141,49.71251367467662,100.0,75.54778890732497,sim-0187,simulated_literature_informed,TissueLab literature-informed simulator v0.1,,2026,"Generated from published directional relationships, not a real experiment.",[]
GelMA,photocrosslink,articular_chondrocyte,human,3D_encapsulation,TGF_b3,native,3.05,11.13,90.5,12.7,14.0,7.93,2,1.0,96.50058810291326,76.26016197702036,94.10951341507699,84.15562265768752,sim-0188,simulated_literature_informed,TissueLab literature-informed simulator v0.1,,2026,"Generated from published directional relationships, not a real experiment.",[]
gelatin_alginate,ionic,articular_chondrocyte,bovine,2D,TGF_b3,native,3.37,6.58,87.3,24.5,14.0,9.08,0,1.0,96.62080367450989,100.0,53.08463497058933,27.719795112305093,sim-0189,simulated_literature_informed,TissueLab literature-informed simulator v0.1,,2026,"Generated from published directional relationships, not a real experiment.",[]
chitosan_HA,chemical,articular_chondrocyte,rabbit,3D_encapsulation,none,native,9.68,220.0,78.8,22.2,21.0,4.52,0,0.5,87.08013143791024,54.331601665961145,69.86763730375925,58.23229738781558,sim-0190,simulated_literature_informed,TissueLab literature-informed simulator v0.1,,2026,"Generated from published directional relationships, not a real experiment.",[]
GelMA,photocrosslink,articular_chondrocyte,porcine,2D,none,RGD,10.91,33.32,70.4,12.0,14.0,4.27,0,1.0,100.0,74.86980258371084,70.9096229693969,38.783160462784934,sim-0191,simulated_literature_informed,TissueLab literature-informed simulator v0.1,,2026,"Generated from published directional relationships, not a real experiment.",[]
HA,photocrosslink,articular_chondrocyte,human,3D_encapsulation,TGF_b1,MMP_degradable,8.98,20.19,85.4,18.1,7.0,6.89,4,0.7,98.7259265088681,50.15554743624177,100.0,96.67502072479104,sim-0192,simulated_literature_informed,TissueLab literature-informed simulator v0.1,,2026,"Generated from published directional relationships, not a real experiment.",[]
PEG_dextran,chemical,articular_chondrocyte,bovine,3D_encapsulation,none,none,7.01,45.91,84.6,178.4,28.0,3.31,2,0.0,27.47120636744734,28.87526115355256,29.276400761916314,26.949444652604054,sim-0193,simulated_literature_informed,TissueLab literature-informed simulator v0.1,,2026,"Generated from published directional relationships, not a real experiment.",[]
alginate,ionic,MSC,human,3D_bioprint,TGF_b1,RGD,6.13,20.71,77.0,299.5,21.0,5.16,4,1.0,87.90485376757911,53.591131229406265,100.0,79.06633380469846,sim-0194,simulated_literature_informed,TissueLab literature-informed simulator v0.1,,2026,"Generated from published directional relationships, not a real experiment.",[]
alginate,ionic,articular_chondrocyte,human,3D_encapsulation,TGF_b1,none,6.31,22.92,86.9,226.8,14.0,11.71,2,0.0,87.01988942590778,40.03448400562401,100.0,82.8894844809452,sim-0195,simulated_literature_informed,TissueLab literature-informed simulator v0.1,,2026,"Generated from published directional relationships, not a real experiment.",[]
PEG_dextran,chemical,MSC,rabbit,3D_encapsulation,TGF_b3,native,8.44,48.74,81.9,186.6,28.0,1.45,2,0.0,28.21062979046553,40.21854136796868,46.36141337572483,38.15829106754305,sim-0196,simulated_literature_informed,TissueLab literature-informed simulator v0.1,,2026,"Generated from published directional relationships, not a real experiment.",[]
silk_fibrin,enzymatic,articular_chondrocyte,human,3D_bioprint,none,native,3.15,18.07,91.4,4.7,14.0,2.24,1,1.0,100.0,61.73436559500432,100.0,65.01812590463615,sim-0197,simulated_literature_informed,TissueLab literature-informed simulator v0.1,,2026,"Generated from published directional relationships, not a real experiment.",[]
PEG_dextran,chemical,articular_chondrocyte,porcine,3D_encapsulation,TGF_b3,none,7.81,39.25,75.3,158.0,14.0,2.78,3,0.0,31.32195186915913,34.39722378750564,44.56332568467705,36.65565649293302,sim-0198,simulated_literature_informed,TissueLab literature-informed simulator v0.1,,2026,"Generated from published directional relationships, not a real experiment.",[]
chitosan_HA,chemical,articular_chondrocyte,rabbit,3D_encapsulation,TGF_b3,native,11.54,147.52,73.7,28.3,28.0,9.96,2,0.5,86.08515493866811,58.4131641465184,91.35196281199465,81.05188137867272,sim-0199,simulated_literature_informed,TissueLab literature-informed simulator v0.1,,2026,"Generated from published directional relationships, not a real experiment.",[]
alginate,ionic,MSC,bovine,3D_encapsulation,TGF_b3,native,7.23,38.69,81.6,228.7,28.0,14.13,2,0.0,89.3839853396335,42.81736471648067,100.0,92.68489049768998,sim-0200,simulated_literature_informed,TissueLab literature-informed simulator v0.1,,2026,"Generated from published directional relationships, not a real experiment.",[]
chitosan_HA,chemical,MSC,human,3D_encapsulation,none,RGD,3.73,103.64,82.6,4.7,21.0,6.14,2,1.0,87.55768537985863,68.1792037002534,56.27244126767741,36.58138223088372,sim-0201,simulated_literature_informed,TissueLab literature-informed simulator v0.1,,2026,"Generated from published directional relationships, not a real experiment.",[]
silk_fibrin,enzymatic,articular_chondrocyte,human,3D_bioprint,none,native,3.37,10.13,84.5,10.7,14.0,3.24,2,1.0,100.0,69.62835377391782,86.88498214938755,73.9056438816406,sim-0202,simulated_literature_informed,TissueLab literature-informed simulator v0.1,,2026,"Generated from published directional relationships, not a real experiment.",[]
PEG,photocrosslink,MSC,human,3D_encapsulation,TGF_b3,none,6.47,39.5,90.3,212.5,14.0,3.79,1,0.0,66.5364040761005,51.211411819259986,81.84211964263099,52.209580831915275,sim-0203,simulated_literature_informed,TissueLab literature-informed simulator v0.1,,2026,"Generated from published directional relationships, not a real experiment.",[]
gelatin_alginate,ionic,articular_chondrocyte,bovine,3D_encapsulation,TGF_b1,MMP_degradable,1.73,5.16,88.9,13.0,28.0,8.17,3,1.0,95.59778984119974,85.18371842737685,75.58413897563523,81.18957372311411,sim-0204,simulated_literature_informed,TissueLab literature-informed simulator v0.1,,2026,"Generated from published directional relationships, not a real experiment.",[]
silk_fibrin,enzymatic,articular_chondrocyte,bovine,2D,TGF_b3,MMP_degradable,2.69,7.15,96.2,15.1,7.0,4.25,4,1.0,100.0,85.66792123569003,54.27510168174131,40.27895851576294,sim-0205,simulated_literature_informed,TissueLab literature-informed simulator v0.1,,2026,"Generated from published directional relationships, not a real experiment.",[]
HA,photocrosslink,articular_chondrocyte,human,3D_encapsulation,none,native,4.58,14.61,88.5,14.7,21.0,3.46,3,0.7,93.17665653223366,52.91912506264127,96.42219476901661,85.93976476218369,sim-0206,simulated_literature_informed,TissueLab literature-informed simulator v0.1,,2026,"Generated from published directional relationships, not a real experiment.",[]
PEG,photocrosslink,articular_chondrocyte,bovine,3D_encapsulation,TGF_b3,MMP_degradable,3.01,22.81,85.2,34.8,14.0,2.47,5,0.0,65.54697188307186,25.44509686834531,66.76026192684388,68.44211864590255,sim-0207,simulated_literature_informed,TissueLab literature-informed simulator v0.1,,2026,"Generated from published directional relationships, not a real experiment.",[]
PEG_dextran,chemical,articular_chondrocyte,human,3D_encapsulation,TGF_b1,none,3.14,11.57,94.6,153.8,14.0,9.54,2,0.0,40.93754539567387,41.87532603680784,42.59462501311224,27.65055772204747,sim-0208,simulated_literature_informed,TissueLab literature-informed simulator v0.1,,2026,"Generated from published directional relationships, not a real experiment.",[]
HA,photocrosslink,articular_chondrocyte,human,2D,TGF_b1,native,2.56,11.0,92.8,20.3,28.0,1.25,1,0.7,97.55376991232782,79.79461539687765,78.20529457992293,56.10612498846297,sim-0209,simulated_literature_informed,TissueLab literature-informed simulator v0.1,,2026,"Generated from published directional relationships, not a real experiment.",[]
fibrin,enzymatic,articular_chondrocyte,human,3D_encapsulation,TGF_b3,MMP_degradable,7.8,27.75,86.3,18.5,14.0,2.21,3,1.0,100.0,58.684098298113696,100.0,100.0,sim-0210,simulated_literature_informed,TissueLab literature-informed simulator v0.1,,2026,"Generated from published directional relationships, not a real experiment.",[]
silk_fibrin,enzymatic,articular_chondrocyte,human,3D_encapsulation,TGF_b3,native,11.33,35.73,78.4,24.2,14.0,4.15,3,1.0,100.0,59.411051410435846,100.0,96.80503279876336,sim-0211,simulated_literature_informed,TissueLab literature-informed simulator v0.1,,2026,"Generated from published directional relationships, not a real experiment.",[]
PEG,photocrosslink,articular_chondrocyte,bovine,3D_encapsulation,none,none,3.73,29.49,86.6,221.6,7.0,15.0,4,0.0,72.58866789424138,25.588063960973212,61.50308092015619,37.03071947167196,sim-0212,simulated_literature_informed,TissueLab literature-informed simulator v0.1,,2026,"Generated from published directional relationships, not a real experiment.",[]
gelatin_alginate,ionic,articular_chondrocyte,human,3D_encapsulation,none,native,1.73,2.35,87.6,9.5,21.0,7.59,1,1.0,96.08667173007126,84.09584448254866,47.73521608647353,58.68810727042313,sim-0213,simulated_literature_informed,TissueLab literature-informed simulator v0.1,,2026,"Generated from published directional relationships, not a real experiment.",[]
alginate,ionic,articular_chondrocyte,rabbit,3D_encapsulation,TGF_b1,native,2.12,5.28,95.1,13.5,42.0,8.84,1,0.0,87.41006242933875,44.6343173846603,86.61639294585552,89.98811331465213,sim-0214,simulated_literature_informed,TissueLab literature-informed simulator v0.1,,2026,"Generated from published directional relationships, not a real experiment.",[]
HA,photocrosslink,articular_chondrocyte,rabbit,3D_encapsulation,TGF_b1,native,2.86,8.4,90.7,18.3,28.0,2.81,0,0.7,100.0,65.28641749044432,100.0,93.71208268486927,sim-0215,simulated_literature_informed,TissueLab literature-informed simulator v0.1,,2026,"Generated from published directional relationships, not a real experiment.",[]
HA,photocrosslink,articular_chondrocyte,bovine,3D_bioprint,none,native,3.62,11.74,92.9,23.0,7.0,4.9,5,0.7,92.91197550225287,50.729204356555684,77.53306191380672,65.74659494370606,sim-0216,simulated_literature_informed,TissueLab literature-informed simulator v0.1,,2026,"Generated from published directional relationships, not a real experiment.",[]
collagen,chemical,articular_chondrocyte,human,3D_encapsulation,none,MMP_degradable,4.11,5.37,83.3,19.1,28.0,6.69,2,1.0,100.0,77.01113394991724,47.47659567551747,66.46935120948086,sim-0217,simulated_literature_informed,TissueLab literature-informed simulator v0.1,,2026,"Generated from published directional relationships, not a real experiment.",[]
agarose,thermal,articular_chondrocyte,human,3D_encapsulation,TGF_b3,native,3.41,13.87,82.4,3.9,21.0,9.96,2,0.0,89.54661242972553,45.364018210712814,100.0,76.10495686436778,sim-0218,simulated_literature_informed,TissueLab literature-informed simulator v0.1,,2026,"Generated from published directional relationships, not a real experiment.",[]
alginate,ionic,articular_chondrocyte,human,3D_encapsulation,none,native,4.95,14.61,89.5,10.8,21.0,2.82,4,0.0,90.07305582005726,32.90095769697247,90.18437827565658,77.72184044105498,sim-0219,simulated_literature_informed,TissueLab literature-informed simulator v0.1,,2026,"Generated from published directional relationships, not a real experiment.",[]
gelatin_alginate,ionic,articular_chondrocyte,bovine,3D_encapsulation,TGF_b3,native,8.49,15.52,78.4,21.0,28.0,4.54,1,1.0,94.07570240291803,64.74199474538968,100.0,94.28843177951096,sim-0220,simulated_literature_informed,TissueLab literature-informed simulator v0.1,,2026,"Generated from published directional relationships, not a real experiment.",[]
fibrin,enzymatic,articular_chondrocyte,bovine,3D_encapsulation,TGF_b3,RGD,2.56,10.65,89.5,38.0,14.0,8.49,0,1.0,100.0,69.87583825705485,100.0,77.7651955421193,sim-0221,simulated_literature_informed,TissueLab literature-informed simulator v0.1,,2026,"Generated from published directional relationships, not a real experiment.",[]
gelatin_alginate,ionic,articular_chondrocyte,bovine,3D_encapsulation,TGF_b3,native,5.6,14.17,83.9,9.3,42.0,10.22,1,1.0,96.5305428595049,71.14763153692009,100.0,93.60991071442201,sim-0222,simulated_literature_informed,TissueLab literature-informed simulator v0.1,,2026,"Generated from published directional relationships, not a real experiment.",[]
HA,photocrosslink,articular_chondrocyte,human,3D_encapsulation,TGF_b3,native,8.86,30.14,69.7,5.1,14.0,4.09,3,0.7,94.64944779882391,48.73344519806143,100.0,93.63342744358232,sim-0223,simulated_literature_informed,TissueLab literature-informed simulator v0.1,,2026,"Generated from published directional relationships, not a real experiment.",[]
alginate,ionic,articular_chondrocyte,human,3D_encapsulation,none,none,11.94,40.64,78.2,120.4,14.0,4.85,2,0.0,92.74123663256748,31.547415985572997,99.26267341491659,61.9200706738477,sim-0224,simulated_literature_informed,TissueLab literature-informed simulator v0.1,,2026,"Generated from published directional relationships, not a real experiment.",[]
agarose,thermal,MSC,bovine,3D_encapsulation,none,none,5.48,45.18,80.3,201.7,7.0,9.2,2,0.0,82.46367021545714,53.37058676314494,78.08732504012913,38.365120313979894,sim-0225,simulated_literature_informed,TissueLab literature-informed simulator v0.1,,2026,"Generated from published directional relationships, not a real experiment.",[]
HA,photocrosslink,articular_chondrocyte,porcine,3D_encapsulation,TGF_b1,MMP_degradable,4.87,20.92,87.8,16.0,28.0,13.22,1,0.7,97.23575556480353,50.98377585985108,100.0,100.0,sim-0226,simulated_literature_informed,TissueLab literature-informed simulator v0.1,,2026,"Generated from published directional relationships, not a real experiment.",[]
HA,photocrosslink,articular_chondrocyte,human,3D_encapsulation,none,native,4.45,17.41,82.9,10.5,28.0,23.88,1,0.7,91.46579154799362,50.8652535429155,100.0,99.94880394446774,sim-0227,simulated_literature_informed,TissueLab literature-informed simulator v0.1,,2026,"Generated from published directional relationships, not a real experiment.",[]
GelMA,photocrosslink,articular_chondrocyte,porcine,3D_bioprint,TGF_b1,native,3.25,6.95,97.0,21.1,14.0,1.13,4,1.0,100.0,70.2761073387045,60.734852138915585,58.33985274294625,sim-0228,simulated_literature_informed,TissueLab literature-informed simulator v0.1,,2026,"Generated from published directional relationships, not a real experiment.",[]
PEG_dextran,chemical,MSC,porcine,3D_encapsulation,none,native,8.87,53.56,70.6,23.2,28.0,1.9,4,0.0,27.170307583482927,31.556800387198166,9.477040699978584,24.817059894773035,sim-0229,simulated_literature_informed,TissueLab literature-informed simulator v0.1,,2026,"Generated from published directional relationships, not a real experiment.",[]
fibrin,enzymatic,articular_chondrocyte,bovine,2D,none,RGD,6.18,14.6,84.8,13.6,14.0,5.75,3,1.0,100.0,75.78510251804259,59.151764555917154,35.20403445060978,sim-0230,simulated_literature_informed,TissueLab literature-informed simulator v0.1,,2026,"Generated from published directional relationships, not a real experiment.",[]
alginate,ionic,articular_chondrocyte,bovine,3D_encapsulation,none,native,9.03,52.15,80.0,135.3,14.0,6.29,2,0.0,86.71201177287584,38.80124316178099,94.85029714225924,59.115398619317055,sim-0231,simulated_literature_informed,TissueLab literature-informed simulator v0.1,,2026,"Generated from published directional relationships, not a real experiment.",[]
gelatin_alginate,ionic,MSC,human,3D_encapsulation,none,native,8.08,17.92,86.3,8.1,7.0,3.59,4,1.0,93.42866119779018,58.78382869464046,66.31496359467214,60.763575509609446,sim-0232,simulated_literature_informed,TissueLab literature-informed simulator v0.1,,2026,"Generated from published directional relationships, not a real experiment.",[]
PEG,photocrosslink,MSC,bovine,3D_encapsulation,TGF_b1,none,9.47,90.0,78.3,198.3,21.0,10.88,3,0.0,73.48052945971952,51.436444411720075,57.74393078171191,37.037515053490004,sim-0233,simulated_literature_informed,TissueLab literature-informed simulator v0.1,,2026,"Generated from published directional relationships, not a real experiment.",[]
PEG,photocrosslink,articular_chondrocyte,bovine,2D,TGF_b1,none,4.93,62.81,84.8,153.7,21.0,8.64,2,0.0,73.41364222784944,68.00671666252772,45.75514270871075,6.993559113831907,sim-0234,simulated_literature_informed,TissueLab literature-informed simulator v0.1,,2026,"Generated from published directional relationships, not a real experiment.",[]
silk_fibrin,enzymatic,articular_chondrocyte,human,2D,TGF_b3,MMP_degradable,3.22,8.61,86.0,28.0,14.0,4.27,4,1.0,100.0,85.06517842876362,55.10142345232452,50.6355058471004,sim-0235,simulated_literature_informed,TissueLab literature-informed simulator v0.1,,2026,"Generated from published directional relationships, not a real experiment.",[]
GelMA,photocrosslink,MSC,human,3D_bioprint,none,native,7.52,17.5,78.1,8.6,14.0,4.03,2,1.0,97.15536236101961,78.13939540114502,83.83636169634424,71.31363144233113,sim-0236,simulated_literature_informed,TissueLab literature-informed simulator v0.1,,2026,"Generated from published directional relationships, not a real experiment.",[]
alginate,ionic,articular_chondrocyte,rabbit,2D,none,none,3.15,15.49,91.7,230.6,21.0,7.16,4,0.0,96.38715650480287,44.854383971924115,63.66726908084459,17.57714813012391,sim-0237,simulated_literature_informed,TissueLab literature-informed simulator v0.1,,2026,"Generated from published directional relationships, not a real experiment.",[]
chitosan_HA,chemical,articular_chondrocyte,bovine,3D_encapsulation,TGF_b3,MMP_degradable,5.1,32.62,82.0,27.0,7.0,5.36,2,0.5,93.75504899276778,54.84671538204222,100.0,99.59436867821726,sim-0238,simulated_literature_informed,TissueLab literature-informed simulator v0.1,,2026,"Generated from published directional relationships, not a real experiment.",[]
PEG_dextran,chemical,articular_chondrocyte,human,3D_encapsulation,TGF_b3,MMP_degradable,3.98,15.17,92.4,15.4,7.0,3.73,2,0.0,44.24823206565605,37.617101267333254,57.7166956570469,62.479355904871234,sim-0239,simulated_literature_informed,TissueLab literature-informed simulator v0.1,,2026,"Generated from published directional relationships, not a real experiment.",[]
PEG_dextran,chemical,articular_chondrocyte,human,2D,TGF_b3,RGD,3.37,10.92,92.4,144.6,14.0,8.88,2,1.0,48.675661294624604,74.24731700780575,11.002426136546996,0.0,sim-0240,simulated_literature_informed,TissueLab literature-informed simulator v0.1,,2026,"Generated from published directional relationships, not a real experiment.",[]
fibrin,enzymatic,MSC,human,3D_encapsulation,none,native,5.06,18.16,80.1,21.6,21.0,7.26,2,1.0,97.46248678868322,69.46485404121498,96.47979199021809,78.605743506442,sim-0241,simulated_literature_informed,TissueLab literature-informed simulator v0.1,,2026,"Generated from published directional relationships, not a real experiment.",[]
GelMA,photocrosslink,MSC,human,3D_bioprint,none,native,2.89,5.37,89.7,6.4,21.0,3.88,4,1.0,96.6572059665073,74.58021237907143,29.21359101482324,36.79142759028421,sim-0242,simulated_literature_informed,TissueLab literature-informed simulator v0.1,,2026,"Generated from published directional relationships, not a real experiment.",[]
GelMA,photocrosslink,articular_chondrocyte,human,3D_encapsulation,none,native,8.7,30.06,78.6,25.5,7.0,3.05,2,1.0,100.0,59.951899341847266,96.6725502140154,75.34604964440541,sim-0243,simulated_literature_informed,TissueLab literature-informed simulator v0.1,,2026,"Generated from published directional relationships, not a real experiment.",[]
chitosan_HA,chemical,articular_chondrocyte,rabbit,3D_encapsulation,TGF_b3,MMP_degradable,4.79,44.26,90.6,17.4,14.0,1.23,3,0.5,88.74219285833584,50.04157137446518,98.54845013252493,88.14851292305256,sim-0244,simulated_literature_informed,TissueLab literature-informed simulator v0.1,,2026,"Generated from published directional relationships, not a real experiment.",[]
collagen,chemical,articular_chondrocyte,human,3D_encapsulation,TGF_b3,RGD,5.7,16.51,82.6,13.0,7.0,8.24,2,1.0,95.96612683505978,72.12245910632483,97.7858677032949,86.01742334619364,sim-0245,simulated_literature_informed,TissueLab literature-informed simulator v0.1,,2026,"Generated from published directional relationships, not a real experiment.",[]
agarose,thermal,articular_chondrocyte,human,3D_encapsulation,none,native,6.69,46.34,86.4,7.1,28.0,1.74,3,0.0,88.29773367289165,23.7957052540323,85.53507812297325,58.35144940200893,sim-0246,simulated_literature_informed,TissueLab literature-informed simulator v0.1,,2026,"Generated from published directional relationships, not a real experiment.",[]
gelatin_alginate,ionic,articular_chondrocyte,human,3D_encapsulation,TGF_b1,native,8.0,17.0,87.1,13.1,14.0,3.54,2,1.0,100.0,64.30315567207741,100.0,92.53758881335945,sim-0247,simulated_literature_informed,TissueLab literature-informed simulator v0.1,,2026,"Generated from published directional relationships, not a real experiment.",[]
HA,photocrosslink,articular_chondrocyte,bovine,3D_encapsulation,none,native,2.72,8.71,97.0,10.3,21.0,3.96,2,0.7,92.92936847631907,57.395809934870144,86.3171599939792,69.51981749887067,sim-0248,simulated_literature_informed,TissueLab literature-informed simulator v0.1,,2026,"Generated from published directional relationships, not a real experiment.",[]
chitosan_HA,chemical,articular_chondrocyte,bovine,3D_encapsulation,TGF_b3,native,4.03,24.44,92.4,4.2,14.0,9.08,2,0.5,95.32980473013295,50.528652945917045,100.0,78.82715648430536,sim-0249,simulated_literature_informed,TissueLab literature-informed simulator v0.1,,2026,"Generated from published directional relationships, not a real experiment.",[]
chitosan_HA,chemical,MSC,human,3D_encapsulation,TGF_b1,native,8.94,153.22,77.6,15.7,14.0,4.98,2,0.5,86.52526354453354,72.19882283498437,89.35923869693372,72.72986626183025,sim-0250,simulated_literature_informed,TissueLab literature-informed simulator v0.1,,2026,"Generated from published directional relationships, not a real experiment.",[]
HA,photocrosslink,articular_chondrocyte,bovine,3D_encapsulation,TGF_b1,RGD,6.7,20.3,88.2,23.0,28.0,7.05,2,1.0,93.47813139478866,63.29551253840911,100.0,100.0,sim-0251,simulated_literature_informed,TissueLab literature-informed simulator v0.1,,2026,"Generated from published directional relationships, not a real experiment.",[]
fibrin,enzymatic,articular_chondrocyte,bovine,3D_encapsulation,TGF_b1,MMP_degradable,5.34,22.98,90.0,12.3,7.0,8.47,3,1.0,91.44787985145368,64.21461791874772,100.0,100.0,sim-0252,simulated_literature_informed,TissueLab literature-informed simulator v0.1,,2026,"Generated from published directional relationships, not a real experiment.",[]
silk_fibrin,enzymatic,articular_chondrocyte,bovine,3D_encapsulation,none,native,5.79,32.81,85.7,9.3,21.0,3.77,1,1.0,98.32526624977889,55.98064399139372,100.0,94.4417819695556,sim-0253,simulated_literature_informed,TissueLab literature-informed simulator v0.1,,2026,"Generated from published directional relationships, not a real experiment.",[]
alginate,ionic,articular_chondrocyte,human,3D_encapsulation,none,RGD,2.74,12.67,89.7,34.1,7.0,4.69,2,1.0,99.60464753752673,54.66162186256378,100.0,63.64972197801178,sim-0254,simulated_literature_informed,TissueLab literature-informed simulator v0.1,,2026,"Generated from published directional relationships, not a real experiment.",[]
PEG,photocrosslink,articular_chondrocyte,bovine,3D_encapsulation,none,native,6.24,66.88,82.0,281.7,14.0,6.3,2,0.0,71.9687396111301,44.21281252932241,49.23690666757615,27.301799953644995,sim-0255,simulated_literature_informed,TissueLab literature-informed simulator v0.1,,2026,"Generated from published directional relationships, not a real experiment.",[]
chitosan_HA,chemical,articular_chondrocyte,human,3D_encapsulation,TGF_b3,MMP_degradable,5.04,85.78,85.2,11.7,21.0,2.28,5,0.5,78.95570799899978,45.41643649210549,59.98540510214825,74.30459186817284,sim-0256,simulated_literature_informed,TissueLab literature-informed simulator v0.1,,2026,"Generated from published directional relationships, not a real experiment.",[]
PEG_dextran,chemical,articular_chondrocyte,human,3D_bioprint,TGF_b3,native,4.25,11.83,90.0,12.9,42.0,2.57,2,0.0,43.68852825402585,38.291395171291576,45.090288545016385,67.26389641222099,sim-0257,simulated_literature_informed,TissueLab literature-informed simulator v0.1,,2026,"Generated from published directional relationships, not a real experiment.",[]
alginate,ionic,articular_chondrocyte,bovine,3D_encapsulation,TGF_b1,RGD,6.83,26.45,80.4,94.6,21.0,7.37,3,1.0,97.96741222285637,40.06371711375196,100.0,82.85876747988682,sim-0258,simulated_literature_informed,TissueLab literature-informed simulator v0.1,,2026,"Generated from published directional relationships, not a real experiment.",[]
PEG_dextran,chemical,articular_chondrocyte,porcine,3D_bioprint,TGF_b3,MMP_degradable,12.42,44.02,74.2,14.5,21.0,4.51,2,0.0,25.419701516047464,36.25959483662498,55.4468156436777,74.39498418985755,sim-0259,simulated_literature_informed,TissueLab literature-informed simulator v0.1,,2026,"Generated from published directional relationships, not a real experiment.",[]
HA,photocrosslink,articular_chondrocyte,rabbit,2D,none,MMP_degradable,8.89,29.63,91.8,16.6,28.0,4.83,5,0.7,90.72580856821507,51.3119307639626,66.41241730545342,61.88377585967683,sim-0260,simulated_literature_informed,TissueLab literature-informed simulator v0.1,,2026,"Generated from published directional relationships, not a real experiment.",[]
collagen,chemical,articular_chondrocyte,bovine,3D_encapsulation,TGF_b1,native,2.45,3.7,89.3,14.2,7.0,3.56,2,1.0,100.0,100.0,49.05670611565448,47.722943105731346,sim-0261,simulated_literature_informed,TissueLab literature-informed simulator v0.1,,2026,"Generated from published directional relationships, not a real experiment.",[]
PEG_dextran,chemical,articular_chondrocyte,human,3D_encapsulation,none,native,8.48,24.58,81.3,357.6,21.0,4.81,4,0.0,33.89835633685588,19.20782425914499,31.23887414337116,21.857244634864614,sim-0262,simulated_literature_informed,TissueLab literature-informed simulator v0.1,,2026,"Generated from published directional relationships, not a real experiment.",[]
chitosan_HA,chemical,articular_chondrocyte,human,3D_bioprint,TGF_b1,native,2.28,31.74,93.1,41.9,14.0,6.59,2,0.5,78.48571509676411,51.7814664341234,100.0,85.94152824480896,sim-0263,simulated_literature_informed,TissueLab literature-informed simulator v0.1,,2026,"Generated from published directional relationships, not a real experiment.",[]
gelatin_alginate,ionic,MSC,porcine,3D_encapsulation,TGF_b1,native,6.93,17.69,83.3,25.2,14.0,7.49,4,1.0,96.18486354863815,59.857110234741526,95.44573266013417,76.0159944612509,sim-0264,simulated_literature_informed,TissueLab literature-informed simulator v0.1,,2026,"Generated from published directional relationships, not a real experiment.",[]
alginate,ionic,articular_chondrocyte,bovine,3D_bioprint,none,none,5.73,29.48,84.7,129.8,21.0,6.8,0,0.0,86.17451222624135,33.71741226379324,100.0,75.58415455993395,sim-0265,simulated_literature_informed,TissueLab literature-informed simulator v0.1,,2026,"Generated from published directional relationships, not a real experiment.",[]
HA,photocrosslink,MSC,human,3D_encapsulation,TGF_b3,native,10.25,43.77,73.1,14.7,7.0,2.89,3,0.7,87.57380944666342,65.3913680667705,100.0,100.0,sim-0266,simulated_literature_informed,TissueLab literature-informed simulator v0.1,,2026,"Generated from published directional relationships, not a real experiment.",[]
PEG_dextran,chemical,MSC,human,3D_encapsulation,TGF_b3,none,8.95,55.68,78.9,211.9,14.0,2.35,1,0.0,29.306761370675552,54.473114252521604,54.59308241439262,31.140188190327883,sim-0267,simulated_literature_informed,TissueLab literature-informed simulator v0.1,,2026,"Generated from published directional relationships, not a real experiment.",[]
silk_fibrin,enzymatic,articular_chondrocyte,human,3D_encapsulation,TGF_b3,MMP_degradable,6.12,21.9,79.2,12.7,21.0,3.55,5,1.0,100.0,45.77808816871475,100.0,100.0,sim-0268,simulated_literature_informed,TissueLab literature-informed simulator v0.1,,2026,"Generated from published directional relationships, not a real experiment.",[]
silk_fibrin,enzymatic,articular_chondrocyte,human,3D_encapsulation,TGF_b3,RGD,7.96,43.06,82.2,16.3,21.0,6.67,5,1.0,90.85798519404655,55.938320545320835,99.76316619871334,95.98377972855852,sim-0269,simulated_literature_informed,TissueLab literature-informed simulator v0.1,,2026,"Generated from published directional relationships, not a real experiment.",[]
alginate,ionic,articular_chondrocyte,human,3D_bioprint,none,none,2.58,13.84,84.5,165.9,14.0,3.98,3,0.0,90.53411293317143,36.42241272468834,94.5819358095252,51.250932484238795,sim-0270,simulated_literature_informed,TissueLab literature-informed simulator v0.1,,2026,"Generated from published directional relationships, not a real experiment.",[]
HA,photocrosslink,articular_chondrocyte,human,3D_encapsulation,none,native,10.59,43.62,80.2,7.0,28.0,2.93,2,0.7,92.37241603153716,54.812798712621316,100.0,80.31509696192147,sim-0271,simulated_literature_informed,TissueLab literature-informed simulator v0.1,,2026,"Generated from published directional relationships, not a real experiment.",[]
silk_fibrin,enzymatic,articular_chondrocyte,bovine,3D_encapsulation,none,native,5.97,33.46,87.3,6.5,21.0,5.17,2,1.0,99.66942042114886,64.42368946182444,100.0,80.55585859407499,sim-0272,simulated_literature_informed,TissueLab literature-informed simulator v0.1,,2026,"Generated from published directional relationships, not a real experiment.",[]
silk_fibrin,enzymatic,articular_chondrocyte,human,3D_encapsulation,none,MMP_degradable,3.19,16.74,90.0,28.2,14.0,11.91,2,1.0,93.71171194628252,62.77708100300939,100.0,99.53527764311409,sim-0273,simulated_literature_informed,TissueLab literature-informed simulator v0.1,,2026,"Generated from published directional relationships, not a real experiment.",[]
agarose,thermal,articular_chondrocyte,human,3D_encapsulation,none,native,18.72,90.0,68.7,240.4,7.0,3.24,2,0.0,82.04722688619601,43.55543220299982,80.96817684228074,34.50435163128465,sim-0274,simulated_literature_informed,TissueLab literature-informed simulator v0.1,,2026,"Generated from published directional relationships, not a real experiment.",[]
fibrin,enzymatic,articular_chondrocyte,bovine,3D_encapsulation,none,native,1.79,6.99,97.0,9.2,21.0,18.46,4,1.0,100.0,74.44821261383461,67.30070843032952,56.78896088064334,sim-0275,simulated_literature_informed,TissueLab literature-informed simulator v0.1,,2026,"Generated from published directional relationships, not a real experiment.",[]
HA,photocrosslink,articular_chondrocyte,porcine,3D_encapsulation,none,RGD,2.98,12.05,93.3,20.1,28.0,5.29,2,1.0,100.0,64.58087715303448,100.0,89.49252200406877,sim-0276,simulated_literature_informed,TissueLab literature-informed simulator v0.1,,2026,"Generated from published directional relationships, not a real experiment.",[]
agarose,thermal,articular_chondrocyte,rabbit,3D_encapsulation,TGF_b3,RGD,2.36,11.68,97.0,144.5,21.0,5.36,1,1.0,100.0,59.46310201227999,100.0,58.62959581818172,sim-0277,simulated_literature_informed,TissueLab literature-informed simulator v0.1,,2026,"Generated from published directional relationships, not a real experiment.",[]
agarose,thermal,articular_chondrocyte,human,3D_bioprint,none,native,7.36,33.99,84.3,354.4,21.0,1.48,1,0.0,89.9147668311535,30.032671383618922,100.0,60.77931694644368,sim-0278,simulated_literature_informed,TissueLab literature-informed simulator v0.1,,2026,"Generated from published directional relationships, not a real experiment.",[]
PEG_dextran,chemical,articular_chondrocyte,human,3D_encapsulation,TGF_b1,none,4.98,22.81,80.2,218.0,21.0,4.74,0,0.0,35.426918520342674,33.78019676718424,59.65868220990951,34.28670750010094,sim-0279,simulated_literature_informed,TissueLab literature-informed simulator v0.1,,2026,"Generated from published directional relationships, not a real experiment.",[]
silk_fibrin,enzymatic,articular_chondrocyte,bovine,3D_bioprint,TGF_b3,MMP_degradable,6.75,31.5,82.2,7.6,21.0,1.15,0,1.0,100.0,66.36899952523466,100.0,100.0,sim-0280,simulated_literature_informed,TissueLab literature-informed simulator v0.1,,2026,"Generated from published directional relationships, not a real experiment.",[]
PEG,photocrosslink,articular_chondrocyte,human,3D_encapsulation,none,native,2.39,25.9,88.3,6.9,14.0,6.81,0,0.0,82.43055548581364,33.362808192658186,75.94514466442989,58.44209653150117,sim-0281,simulated_literature_informed,TissueLab literature-informed simulator v0.1,,2026,"Generated from published directional relationships, not a real experiment.",[]
fibrin,enzymatic,articular_chondrocyte,human,3D_encapsulation,none,native,4.25,19.35,91.1,12.4,21.0,4.63,1,1.0,100.0,56.98047837220903,100.0,86.0353205685022,sim-0282,simulated_literature_informed,TissueLab literature-informed simulator v0.1,,2026,"Generated from published directional relationships, not a real experiment.",[]
collagen,chemical,articular_chondrocyte,human,3D_encapsulation,none,MMP_degradable,7.26,19.15,87.3,12.7,21.0,32.84,2,1.0,100.0,61.03107214120054,89.24266551064446,83.53739037369438,sim-0283,simulated_literature_informed,TissueLab literature-informed simulator v0.1,,2026,"Generated from published directional relationships, not a real experiment.",[]
HA,photocrosslink,MSC,bovine,3D_encapsulation,none,native,5.15,16.76,85.1,31.5,21.0,3.47,2,0.7,97.92721411555857,64.93422493975366,91.49081649497548,77.60630364557147,sim-0284,simulated_literature_informed,TissueLab literature-informed simulator v0.1,,2026,"Generated from published directional relationships, not a real experiment.",[]
agarose,thermal,articular_chondrocyte,bovine,3D_encapsulation,none,native,1.98,10.23,89.5,164.2,42.0,3.9,2,0.0,91.10713783135985,32.86128207723382,82.48501106786682,54.26574946880969,sim-0285,simulated_literature_informed,TissueLab literature-informed simulator v0.1,,2026,"Generated from published directional relationships, not a real experiment.",[]
PEG_dextran,chemical,MSC,human,3D_encapsulation,TGF_b3,none,6.16,22.53,83.5,222.9,7.0,1.75,3,0.0,40.14389756372553,44.53615971557125,60.640742004091145,47.494786243017984,sim-0286,simulated_literature_informed,TissueLab literature-informed simulator v0.1,,2026,"Generated from published directional relationships, not a real experiment.",[]
agarose,thermal,articular_chondrocyte,human,3D_encapsulation,none,native,6.24,45.25,88.6,132.0,7.0,16.08,1,0.0,80.21729648100367,37.860562159383164,100.0,48.68670665695571,sim-0287,simulated_literature_informed,TissueLab literature-informed simulator v0.1,,2026,"Generated from published directional relationships, not a real experiment.",[]
HA,photocrosslink,articular_chondrocyte,human,2D,TGF_b3,native,4.13,7.46,96.2,10.3,7.0,1.4,5,0.7,100.0,80.76150423148628,52.83660855122603,31.682604235149157,sim-0288,simulated_literature_informed,TissueLab literature-informed simulator v0.1,,2026,"Generated from published directional relationships, not a real experiment.",[]
gelatin_alginate,ionic,MSC,bovine,3D_encapsulation,TGF_b3,MMP_degradable,2.77,8.76,91.0,11.3,14.0,4.18,2,1.0,96.29445835652938,82.41781694742438,94.12469539058878,83.05627222774933,sim-0289,simulated_literature_informed,TissueLab literature-informed simulator v0.1,,2026,"Generated from published directional relationships, not a real experiment.",[]
HA,photocrosslink,MSC,bovine,3D_bioprint,TGF_b3,native,5.74,22.88,83.8,11.8,21.0,8.77,3,0.7,99.52617855726689,60.71296779270242,100.0,100.0,sim-0290,simulated_literature_informed,TissueLab literature-informed simulator v0.1,,2026,"Generated from published directional relationships, not a real experiment.",[]
silk_fibrin,enzymatic,articular_chondrocyte,human,3D_encapsulation,TGF_b3,native,9.75,36.97,78.1,11.2,14.0,3.96,4,1.0,91.28998912221152,57.2866201176321,100.0,100.0,sim-0291,simulated_literature_informed,TissueLab literature-informed simulator v0.1,,2026,"Generated from published directional relationships, not a real experiment.",[]
GelMA,photocrosslink,articular_chondrocyte,human,3D_encapsulation,TGF_b3,RGD,10.88,33.0,79.6,12.5,14.0,0.87,2,1.0,96.26110402767449,65.58649026405276,100.0,89.1530546945063,sim-0292,simulated_literature_informed,TissueLab literature-informed simulator v0.1,,2026,"Generated from published directional relationships, not a real experiment.",[]
silk_fibrin,enzymatic,articular_chondrocyte,porcine,3D_encapsulation,none,native,4.7,19.72,91.2,8.6,7.0,4.51,1,1.0,100.0,61.681252045760345,100.0,85.16962801345954,sim-0293,simulated_literature_informed,TissueLab literature-informed simulator v0.1,,2026,"Generated from published directional relationships, not a real experiment.",[]
chitosan_HA,chemical,articular_chondrocyte,human,2D,TGF_b1,MMP_degradable,6.15,208.09,78.2,33.2,7.0,2.18,2,0.5,95.60525252937,81.26932203253668,46.53548553716086,28.728925402339087,sim-0294,simulated_literature_informed,TissueLab literature-informed simulator v0.1,,2026,"Generated from published directional relationships, not a real experiment.",[]
PEG,photocrosslink,articular_chondrocyte,human,3D_encapsulation,TGF_b3,none,3.78,289.15,85.1,114.9,7.0,2.26,0,0.0,57.4760992725421,51.26484956342043,68.51203585306745,36.735489349568134,sim-0295,simulated_literature_informed,TissueLab literature-informed simulator v0.1,,2026,"Generated from published directional relationships, not a real experiment.",[]
gelatin_alginate,ionic,articular_chondrocyte,rabbit,3D_encapsulation,none,native,4.29,9.4,83.9,6.2,42.0,5.61,5,1.0,96.99295304975604,54.7590892573805,63.17820430637,42.92077160063746,sim-0296,simulated_literature_informed,TissueLab literature-informed simulator v0.1,,2026,"Generated from published directional relationships, not a real experiment.",[]
collagen,chemical,articular_chondrocyte,bovine,3D_encapsulation,none,native,7.05,12.57,78.1,11.9,28.0,24.43,2,1.0,100.0,64.60532966930602,80.51451862904926,68.72391985445648,sim-0297,simulated_literature_informed,TissueLab literature-informed simulator v0.1,,2026,"Generated from published directional relationships, not a real experiment.",[]
PEG,photocrosslink,articular_chondrocyte,human,3D_encapsulation,none,RGD,2.4,20.04,90.1,208.2,7.0,1.66,2,1.0,95.73961054188737,46.069305068339446,78.17223241516436,40.79308936754633,sim-0298,simulated_literature_informed,TissueLab literature-informed simulator v0.1,,2026,"Generated from published directional relationships, not a real experiment.",[]
alginate,ionic,articular_chondrocyte,porcine,3D_encapsulation,TGF_b3,RGD,2.25,6.97,87.9,205.0,14.0,4.86,2,1.0,96.90864793746947,69.39634150370532,90.70529242060871,57.817179957391886,sim-0299,simulated_literature_informed,TissueLab literature-informed simulator v0.1,,2026,"Generated from published directional relationships, not a real experiment.",[]
silk_fibrin,enzymatic,articular_chondrocyte,rabbit,3D_bioprint,none,MMP_degradable,3.12,11.02,95.5,13.1,14.0,3.37,2,1.0,99.85388992224132,67.58610039690107,90.36361768991974,76.0378306735135,sim-0300,simulated_literature_informed,TissueLab literature-informed simulator v0.1,,2026,"Generated from published directional relationships, not a real experiment.",[]
HA,photocrosslink,MSC,human,3D_bioprint,none,native,5.02,18.78,84.2,23.1,14.0,2.55,4,0.7,97.63540366362399,49.305379515446276,84.31692010054861,76.67466257999193,sim-0301,simulated_literature_informed,TissueLab literature-informed simulator v0.1,,2026,"Generated from published directional relationships, not a real experiment.",[]
alginate,ionic,articular_chondrocyte,human,2D,TGF_b3,native,2.79,8.31,87.1,15.2,14.0,7.71,3,0.0,98.15770752497967,59.95689338874671,65.96507929648261,45.817859896538806,sim-0302,simulated_literature_informed,TissueLab literature-informed simulator v0.1,,2026,"Generated from published directional relationships, not a real experiment.",[]
gelatin_alginate,ionic,articular_chondrocyte,bovine,3D_encapsulation,none,native,5.93,12.6,84.6,6.3,21.0,2.17,2,1.0,97.96566121519685,69.84539068883034,80.9618189117463,51.82068086930164,sim-0303,simulated_literature_informed,TissueLab literature-informed simulator v0.1,,2026,"Generated from published directional relationships, not a real experiment.",[]
PEG,photocrosslink,articular_chondrocyte,bovine,3D_encapsulation,none,native,3.39,18.05,93.9,6.8,14.0,6.23,4,0.0,78.36923886372038,25.68213869094,49.465837400587844,43.365084673802414,sim-0304,simulated_literature_informed,TissueLab literature-informed simulator v0.1,,2026,"Generated from published directional relationships, not a real experiment.",[]
alginate,ionic,articular_chondrocyte,porcine,3D_encapsulation,TGF_b1,MMP_degradable,3.12,10.94,92.0,19.6,21.0,5.14,3,0.0,96.03612030854046,37.78457718596988,100.0,93.07284937229346,sim-0305,simulated_literature_informed,TissueLab literature-informed simulator v0.1,,2026,"Generated from published directional relationships, not a real experiment.",[]
PEG,photocrosslink,articular_chondrocyte,human,3D_encapsulation,TGF_b1,native,2.35,25.9,87.3,12.3,28.0,20.89,3,0.0,75.71864124567784,24.58814822095405,85.0923862009519,85.53874203121941,sim-0306,simulated_literature_informed,TissueLab literature-informed simulator v0.1,,2026,"Generated from published directional relationships, not a real experiment.",[]
silk_fibrin,enzymatic,articular_chondrocyte,bovine,3D_bioprint,TGF_b3,native,4.91,19.32,86.7,14.2,21.0,3.96,2,1.0,94.27592317114187,73.81142605167494,100.0,100.0,sim-0307,simulated_literature_informed,TissueLab literature-informed simulator v0.1,,2026,"Generated from published directional relationships, not a real experiment.",[]
GelMA,photocrosslink,articular_chondrocyte,human,3D_encapsulation,none,native,8.08,18.77,83.9,10.0,21.0,4.18,2,1.0,100.0,66.35046061733165,99.37855036880467,74.451852596837,sim-0308,simulated_literature_informed,TissueLab literature-informed simulator v0.1,,2026,"Generated from published directional relationships, not a real experiment.",[]
PEG_dextran,chemical,articular_chondrocyte,bovine,3D_encapsulation,none,MMP_degradable,5.67,25.64,75.8,12.9,42.0,2.52,2,0.0,31.537238267110975,17.31876771342514,49.352014351711844,60.04275912033555,sim-0309,simulated_literature_informed,TissueLab literature-informed simulator v0.1,,2026,"Generated from published directional relationships, not a real experiment.",[]
PEG,photocrosslink,articular_chondrocyte,porcine,3D_encapsulation,none,MMP_degradable,3.8,39.85,92.8,11.0,7.0,4.68,3,0.0,72.77783497028491,34.047366535609875,63.39788729836797,61.19877045078702,sim-0310,simulated_literature_informed,TissueLab literature-informed simulator v0.1,,2026,"Generated from published directional relationships, not a real experiment.",[]
gelatin_alginate,ionic,articular_chondrocyte,human,3D_encapsulation,TGF_b3,MMP_degradable,3.25,7.47,92.7,5.1,14.0,16.37,4,1.0,100.0,73.64935057478372,78.46466493834171,61.41464930330129,sim-0311,simulated_literature_informed,TissueLab literature-informed simulator v0.1,,2026,"Generated from published directional relationships, not a real experiment.",[]
collagen,chemical,articular_chondrocyte,human,3D_encapsulation,none,MMP_degradable,7.59,10.55,88.5,30.2,14.0,9.86,3,1.0,100.0,65.72904335103397,70.76476521472749,70.72508191296232,sim-0312,simulated_literature_informed,TissueLab literature-informed simulator v0.1,,2026,"Generated from published directional relationships, not a real experiment.",[]
silk_fibrin,enzymatic,articular_chondrocyte,human,3D_encapsulation,TGF_b1,native,8.47,37.62,78.0,9.4,14.0,3.86,2,1.0,100.0,69.45792163711471,100.0,99.94221157114804,sim-0313,simulated_literature_informed,TissueLab literature-informed simulator v0.1,,2026,"Generated from published directional relationships, not a real experiment.",[]
HA,photocrosslink,articular_chondrocyte,human,3D_bioprint,none,RGD,8.67,19.73,82.7,12.9,14.0,40.0,1,1.0,100.0,60.47445013437318,100.0,92.27049156733915,sim-0314,simulated_literature_informed,TissueLab literature-informed simulator v0.1,,2026,"Generated from published directional relationships, not a real experiment.",[]
chitosan_HA,chemical,articular_chondrocyte,human,3D_bioprint,none,MMP_degradable,5.79,160.64,76.2,14.2,14.0,2.77,3,0.5,77.45781108023564,57.91108864235819,55.959920595455664,64.70990057521357,sim-0315,simulated_literature_informed,TissueLab literature-informed simulator v0.1,,2026,"Generated from published directional relationships, not a real experiment.",[]
fibrin,enzymatic,MSC,porcine,3D_encapsulation,TGF_b1,native,6.04,28.79,89.4,17.3,28.0,2.19,2,1.0,100.0,66.57189582284046,100.0,100.0,sim-0316,simulated_literature_informed,TissueLab literature-informed simulator v0.1,,2026,"Generated from published directional relationships, not a real experiment.",[]
silk_fibrin,enzymatic,MSC,porcine,3D_encapsulation,TGF_b1,MMP_degradable,4.7,18.45,92.0,18.8,7.0,5.67,1,1.0,100.0,70.83637342572848,100.0,100.0,sim-0317,simulated_literature_informed,TissueLab literature-informed simulator v0.1,,2026,"Generated from published directional relationships, not a real experiment.",[]
gelatin_alginate,ionic,articular_chondrocyte,porcine,3D_bioprint,none,MMP_degradable,3.22,8.7,90.8,6.2,42.0,9.05,1,1.0,89.63026538314834,65.13889400990841,77.10850862979018,67.98933082210611,sim-0318,simulated_literature_informed,TissueLab literature-informed simulator v0.1,,2026,"Generated from published directional relationships, not a real experiment.",[]
chitosan_HA,chemical,articular_chondrocyte,bovine,3D_encapsulation,none,native,7.78,47.17,86.8,8.5,21.0,19.77,2,0.5,85.47587153710195,58.02998190763165,91.18316690598108,75.15034045868904,sim-0319,simulated_literature_informed,TissueLab literature-informed simulator v0.1,,2026,"Generated from published directional relationships, not a real experiment.",[]
PEG,photocrosslink,articular_chondrocyte,bovine,3D_bioprint,none,MMP_degradable,4.3,24.53,92.6,15.9,21.0,14.93,4,0.0,75.67628873414678,26.87740376226364,68.9484935931416,75.35279878865757,sim-0320,simulated_literature_informed,TissueLab literature-informed simulator v0.1,,2026,"Generated from published directional relationships, not a real experiment.",[]
PEG,photocrosslink,MSC,human,3D_encapsulation,TGF_b1,RGD,4.0,56.78,86.5,358.7,28.0,6.82,2,1.0,91.15673959848924,55.12013000960519,66.4233529820447,52.23000690095734,sim-0321,simulated_literature_informed,TissueLab literature-informed simulator v0.1,,2026,"Generated from published directional relationships, not a real experiment.",[]
silk_fibrin,enzymatic,articular_chondrocyte,rabbit,3D_encapsulation,TGF_b3,native,5.61,23.79,88.6,13.7,28.0,5.21,3,1.0,98.77683924580876,57.67478759457596,100.0,100.0,sim-0322,simulated_literature_informed,TissueLab literature-informed simulator v0.1,,2026,"Generated from published directional relationships, not a real experiment.",[]
GelMA,photocrosslink,MSC,human,3D_encapsulation,TGF_b1,native,6.52,13.97,90.9,11.6,21.0,12.91,2,1.0,94.53873797566712,76.29090300411997,100.0,91.76548232047487,sim-0323,simulated_literature_informed,TissueLab literature-informed simulator v0.1,,2026,"Generated from published directional relationships, not a real experiment.",[]
agarose,thermal,articular_chondrocyte,bovine,3D_encapsulation,none,none,5.82,51.67,82.8,143.3,21.0,5.91,1,0.0,81.48651683901937,39.454809654421155,83.25663190464155,49.072606052422266,sim-0324,simulated_literature_informed,TissueLab literature-informed simulator v0.1,,2026,"Generated from published directional relationships, not a real experiment.",[]
alginate,ionic,MSC,porcine,3D_encapsulation,none,native,13.66,42.38,70.9,11.8,14.0,14.65,2,0.0,91.68939189417381,44.43290567730548,89.61293725416427,76.2299130691814,sim-0325,simulated_literature_informed,TissueLab literature-informed simulator v0.1,,2026,"Generated from published directional relationships, not a real experiment.",[]
fibrin,enzymatic,articular_chondrocyte,human,3D_encapsulation,none,native,3.41,15.32,91.6,10.6,21.0,14.5,3,1.0,96.62276160318815,53.15281684144945,99.18855895131671,85.47489873290299,sim-0326,simulated_literature_informed,TissueLab literature-informed simulator v0.1,,2026,"Generated from published directional relationships, not a real experiment.",[]
HA,photocrosslink,articular_chondrocyte,human,3D_bioprint,none,RGD,4.47,11.33,92.8,9.0,21.0,5.63,0,1.0,100.0,66.72088145011885,96.6684096078108,78.71105982606879,sim-0327,simulated_literature_informed,TissueLab literature-informed simulator v0.1,,2026,"Generated from published directional relationships, not a real experiment.",[]
HA,photocrosslink,articular_chondrocyte,bovine,3D_encapsulation,none,native,5.07,9.32,87.4,13.1,14.0,4.86,2,0.7,92.11433655716321,64.1036730840162,85.96474873756793,68.90180130075518,sim-0328,simulated_literature_informed,TissueLab literature-informed simulator v0.1,,2026,"Generated from published directional relationships, not a real experiment.",[]
silk_fibrin,enzymatic,articular_chondrocyte,porcine,3D_encapsulation,none,MMP_degradable,2.96,7.43,95.1,17.5,14.0,2.46,1,1.0,100.0,75.97356859322667,92.28953586195942,69.50480262179282,sim-0329,simulated_literature_informed,TissueLab literature-informed simulator v0.1,,2026,"Generated from published directional relationships, not a real experiment.",[]
alginate,ionic,articular_chondrocyte,porcine,3D_encapsulation,none,native,3.82,21.26,88.0,25.0,21.0,6.45,5,0.0,87.56462486083923,14.55567642750243,89.55265862752618,80.22736034973641,sim-0330,simulated_literature_informed,TissueLab literature-informed simulator v0.1,,2026,"Generated from published directional relationships, not a real experiment.",[]
GelMA,photocrosslink,articular_chondrocyte,human,3D_encapsulation,TGF_b3,native,4.44,11.19,88.8,6.0,14.0,5.68,5,1.0,99.31454409968592,60.284077227484424,72.39479191891209,55.719403300123574,sim-0331,simulated_literature_informed,TissueLab literature-informed simulator v0.1,,2026,"Generated from published directional relationships, not a real experiment.",[]
HA,photocrosslink,articular_chondrocyte,bovine,3D_encapsulation,TGF_b3,native,3.57,15.98,93.5,17.2,14.0,8.27,2,0.7,91.35600337258262,58.036285599383035,100.0,100.0,sim-0332,simulated_literature_informed,TissueLab literature-informed simulator v0.1,,2026,"Generated from published directional relationships, not a real experiment.",[]
fibrin,enzymatic,articular_chondrocyte,human,3D_encapsulation,TGF_b1,native,1.47,5.23,92.9,10.4,21.0,3.68,2,1.0,100.0,83.93553681858877,79.81568403244157,70.00059357734764,sim-0333,simulated_literature_informed,TissueLab literature-informed simulator v0.1,,2026,"Generated from published directional relationships, not a real experiment.",[]
chitosan_HA,chemical,articular_chondrocyte,human,3D_bioprint,TGF_b1,native,2.02,17.38,97.0,7.5,14.0,4.33,2,0.5,90.81099116557414,51.393532025279896,100.0,81.86031627681835,sim-0334,simulated_literature_informed,TissueLab literature-informed simulator v0.1,,2026,"Generated from published directional relationships, not a real experiment.",[]
chitosan_HA,chemical,articular_chondrocyte,human,3D_bioprint,TGF_b3,MMP_degradable,3.83,40.94,87.9,27.1,14.0,2.65,2,0.5,87.31792289856658,50.55914425652677,100.0,98.93137285230391,sim-0335,simulated_literature_informed,TissueLab literature-informed simulator v0.1,,2026,"Generated from published directional relationships, not a real experiment.",[]
HA,photocrosslink,articular_chondrocyte,bovine,3D_encapsulation,TGF_b3,RGD,3.07,6.24,92.1,16.5,21.0,5.05,1,1.0,97.16902399526245,75.53662268075485,91.31389248334179,83.2117702725044,sim-0336,simulated_literature_informed,TissueLab literature-informed simulator v0.1,,2026,"Generated from published directional relationships, not a real experiment.",[]
agarose,thermal,articular_chondrocyte,human,3D_encapsulation,TGF_b1,native,2.31,16.44,85.7,101.6,42.0,1.68,0,0.0,85.86009936675678,27.55081522264551,100.0,71.2180827793263,sim-0337,simulated_literature_informed,TissueLab literature-informed simulator v0.1,,2026,"Generated from published directional relationships, not a real experiment.",[]
fibrin,enzymatic,articular_chondrocyte,bovine,3D_encapsulation,none,native,5.95,30.86,85.1,7.7,21.0,3.77,1,1.0,100.0,59.11312382817303,100.0,82.77715668243131,sim-0338,simulated_literature_informed,TissueLab literature-informed simulator v0.1,,2026,"Generated from published directional relationships, not a real experiment.",[]
PEG,photocrosslink,articular_chondrocyte,human,3D_encapsulation,none,native,2.36,16.06,83.9,207.2,14.0,24.5,4,0.0,76.52482359642293,32.010539282627896,58.02082645317937,24.270576948062324,sim-0339,simulated_literature_informed,TissueLab literature-informed simulator v0.1,,2026,"Generated from published directional relationships, not a real experiment.",[]
PEG_dextran,chemical,articular_chondrocyte,bovine,2D,TGF_b3,native,5.83,35.16,92.4,216.9,28.0,5.26,2,0.0,39.636796443849356,53.43155475532665,25.50044378190976,7.761801358493794,sim-0340,simulated_literature_informed,TissueLab literature-informed simulator v0.1,,2026,"Generated from published directional relationships, not a real experiment.",[]
chitosan_HA,chemical,articular_chondrocyte,human,3D_encapsulation,TGF_b1,native,5.12,66.25,81.0,17.0,21.0,3.21,2,0.5,88.35865199531918,61.93646965011064,85.73934444864685,81.1974719280569,sim-0341,simulated_literature_informed,TissueLab literature-informed simulator v0.1,,2026,"Generated from published directional relationships, not a real experiment.",[]
collagen,chemical,MSC,human,2D,none,native,5.65,13.91,80.4,24.5,14.0,6.85,3,1.0,96.61948604941932,85.99758019688359,18.53454423819375,9.95534009481818,sim-0342,simulated_literature_informed,TissueLab literature-informed simulator v0.1,,2026,"Generated from published directional relationships, not a real experiment.",[]
gelatin_alginate,ionic,articular_chondrocyte,porcine,2D,none,native,4.29,6.81,94.0,8.9,21.0,7.77,1,1.0,100.0,100.0,39.64732414509081,17.301517360367527,sim-0343,simulated_literature_informed,TissueLab literature-informed simulator v0.1,,2026,"Generated from published directional relationships, not a real experiment.",[]
chitosan_HA,chemical,articular_chondrocyte,bovine,3D_encapsulation,TGF_b3,native,5.9,61.19,88.3,7.0,14.0,1.57,1,0.5,87.2217683767664,62.02780065176126,88.4027635148318,66.76295491911782,sim-0344,simulated_literature_informed,TissueLab literature-informed simulator v0.1,,2026,"Generated from published directional relationships, not a real experiment.",[]
PEG,photocrosslink,articular_chondrocyte,human,3D_bioprint,TGF_b3,none,4.93,194.63,80.5,199.4,28.0,4.93,2,0.0,73.54739368291094,43.16903151386026,61.18824588654233,44.61233523784658,sim-0345,simulated_literature_informed,TissueLab literature-informed simulator v0.1,,2026,"Generated from published directional relationships, not a real experiment.",[]
fibrin,enzymatic,articular_chondrocyte,porcine,3D_encapsulation,none,native,8.56,22.18,78.7,16.4,28.0,3.62,2,1.0,100.0,54.421001603061086,100.0,98.17850404476265,sim-0346,simulated_literature_informed,TissueLab literature-informed simulator v0.1,,2026,"Generated from published directional relationships, not a real experiment.",[]
fibrin,enzymatic,articular_chondrocyte,human,3D_encapsulation,none,MMP_degradable,7.06,21.64,85.1,11.9,28.0,6.12,4,1.0,100.0,48.5165998192616,96.1064742748081,100.0,sim-0347,simulated_literature_informed,TissueLab literature-informed simulator v0.1,,2026,"Generated from published directional relationships, not a real experiment.",[]
PEG,photocrosslink,MSC,human,3D_bioprint,none,native,12.22,90.0,74.5,16.4,14.0,11.04,3,0.0,70.0898364051339,44.31272310079617,35.14044701509695,40.18593896297285,sim-0348,simulated_literature_informed,TissueLab literature-informed simulator v0.1,,2026,"Generated from published directional relationships, not a real experiment.",[]
agarose,thermal,articular_chondrocyte,human,3D_encapsulation,none,none,4.21,32.8,90.0,99.8,14.0,5.78,1,0.0,90.5719791137588,33.14484236178687,96.08646533582385,57.63671567968592,sim-0349,simulated_literature_informed,TissueLab literature-informed simulator v0.1,,2026,"Generated from published directional relationships, not a real experiment.",[]
alginate,ionic,articular_chondrocyte,bovine,3D_encapsulation,TGF_b3,native,7.99,45.08,82.7,351.3,21.0,11.11,2,0.0,95.30198872000207,35.737351129738094,100.0,81.55968801295212,sim-0350,simulated_literature_informed,TissueLab literature-informed simulator v0.1,,2026,"Generated from published directional relationships, not a real experiment.",[]
silk_fibrin,enzymatic,articular_chondrocyte,human,2D,none,native,2.65,14.01,91.6,40.2,21.0,6.78,4,1.0,100.0,75.22257520752457,59.361493874343694,29.619516166302915,sim-0351,simulated_literature_informed,TissueLab literature-informed simulator v0.1,,2026,"Generated from published directional relationships, not a real experiment.",[]
silk_fibrin,enzymatic,articular_chondrocyte,human,3D_encapsulation,none,MMP_degradable,4.84,22.74,90.7,37.0,28.0,2.39,2,1.0,95.98412289826253,49.46513822173429,100.0,94.33175483456941,sim-0352,simulated_literature_informed,TissueLab literature-informed simulator v0.1,,2026,"Generated from published directional relationships, not a real experiment.",[]
GelMA,photocrosslink,MSC,human,3D_encapsulation,TGF_b3,RGD,2.59,7.81,86.7,3.0,21.0,4.35,4,1.0,100.0,85.0862534053912,73.47675399245723,43.411662899051976,sim-0353,simulated_literature_informed,TissueLab literature-informed simulator v0.1,,2026,"Generated from published directional relationships, not a real experiment.",[]
alginate,ionic,articular_chondrocyte,human,3D_encapsulation,TGF_b3,none,4.8,19.08,88.2,130.2,7.0,2.9,2,0.0,93.21960252961995,44.00555745570897,100.0,77.92121328387121,sim-0354,simulated_literature_informed,TissueLab literature-informed simulator v0.1,,2026,"Generated from published directional relationships, not a real experiment.",[]
gelatin_alginate,ionic,articular_chondrocyte,rabbit,2D,TGF_b1,native,2.95,4.37,89.7,18.4,14.0,0.75,4,1.0,100.0,96.82748717592987,26.029285536067,10.912966338853973,sim-0355,simulated_literature_informed,TissueLab literature-informed simulator v0.1,,2026,"Generated from published directional relationships, not a real experiment.",[]
fibrin,enzymatic,articular_chondrocyte,porcine,3D_encapsulation,none,native,6.73,14.5,85.7,27.8,14.0,2.9,3,1.0,100.0,61.32596487084043,93.61277010573912,76.62885675923229,sim-0356,simulated_literature_informed,TissueLab literature-informed simulator v0.1,,2026,"Generated from published directional relationships, not a real experiment.",[]
collagen,chemical,articular_chondrocyte,bovine,3D_encapsulation,TGF_b3,native,3.47,7.05,85.0,5.9,21.0,5.77,3,1.0,100.0,77.0810315638452,66.98330365031154,52.92016679419278,sim-0357,simulated_literature_informed,TissueLab literature-informed simulator v0.1,,2026,"Generated from published directional relationships, not a real experiment.",[]
collagen,chemical,articular_chondrocyte,bovine,3D_encapsulation,TGF_b3,MMP_degradable,4.7,7.65,88.2,20.8,14.0,2.55,2,1.0,94.52624980607867,83.94713745364967,70.02984123589012,69.5157778507096,sim-0358,simulated_literature_informed,TissueLab literature-informed simulator v0.1,,2026,"Generated from published directional relationships, not a real experiment.",[]
PEG_dextran,chemical,articular_chondrocyte,human,3D_bioprint,none,native,6.71,39.49,81.4,147.8,14.0,4.32,1,0.0,25.695215348426686,35.99442767729853,38.604232524635385,13.990225833538778,sim-0359,simulated_literature_informed,TissueLab literature-informed simulator v0.1,,2026,"Generated from published directional relationships, not a real experiment.",[]
PEG_dextran,chemical,articular_chondrocyte,porcine,3D_encapsulation,TGF_b3,none,5.67,25.18,84.6,161.7,7.0,8.41,1,0.0,31.78665385653459,41.685987168793254,65.1662619263995,43.47560607689233,sim-0360,simulated_literature_informed,TissueLab literature-informed simulator v0.1,,2026,"Generated from published directional relationships, not a real experiment.",[]
PEG_dextran,chemical,articular_chondrocyte,human,3D_encapsulation,TGF_b3,none,7.75,40.69,80.9,176.4,14.0,5.34,1,0.0,33.274793349569826,42.37943982462669,57.97500740604149,27.62410685170323,sim-0361,simulated_literature_informed,TissueLab literature-informed simulator v0.1,,2026,"Generated from published directional relationships, not a real experiment.",[]
PEG,photocrosslink,articular_chondrocyte,bovine,3D_encapsulation,none,none,2.26,22.14,92.2,149.7,28.0,9.41,2,0.0,82.51778754608003,32.28813560958339,89.04934976649282,49.8588124848324,sim-0362,simulated_literature_informed,TissueLab literature-informed simulator v0.1,,2026,"Generated from published directional relationships, not a real experiment.",[]
PEG_dextran,chemical,articular_chondrocyte,human,3D_encapsulation,none,none,2.17,11.98,92.8,160.9,28.0,3.51,2,0.0,32.123943234175826,38.044092954323915,25.985681605998877,21.650383435262643,sim-0363,simulated_literature_informed,TissueLab literature-informed simulator v0.1,,2026,"Generated from published directional relationships, not a real experiment.",[]
collagen,chemical,articular_chondrocyte,human,3D_encapsulation,TGF_b1,MMP_degradable,3.1,4.73,91.1,5.7,14.0,4.19,1,1.0,100.0,88.61986676365538,55.144676485903,56.551470085632324,sim-0364,simulated_literature_informed,TissueLab literature-informed simulator v0.1,,2026,"Generated from published directional relationships, not a real experiment.",[]
alginate,ionic,articular_chondrocyte,human,3D_encapsulation,none,RGD,9.28,33.09,81.2,212.3,14.0,3.24,4,1.0,94.0219510703685,36.66863990433715,100.0,64.29911039417931,sim-0365,simulated_literature_informed,TissueLab literature-informed simulator v0.1,,2026,"Generated from published directional relationships, not a real experiment.",[]
chitosan_HA,chemical,articular_chondrocyte,human,3D_encapsulation,none,MMP_degradable,14.69,141.6,69.0,14.0,21.0,6.73,3,0.5,88.1974050600131,50.95939767279646,55.111461315048714,63.28961122515535,sim-0366,simulated_literature_informed,TissueLab literature-informed simulator v0.1,,2026,"Generated from published directional relationships, not a real experiment.",[]
silk_fibrin,enzymatic,MSC,bovine,3D_encapsulation,TGF_b3,native,2.32,6.02,89.4,30.2,14.0,1.78,3,1.0,97.27167595182722,87.07571456479597,85.8956483211057,77.46564913304667,sim-0367,simulated_literature_informed,TissueLab literature-informed simulator v0.1,,2026,"Generated from published directional relationships, not a real experiment.",[]
HA,photocrosslink,articular_chondrocyte,human,3D_encapsulation,none,native,2.72,6.58,84.9,9.0,14.0,2.02,2,0.7,92.04275260892005,66.16857584014176,87.03671242153803,62.6497315054436,sim-0368,simulated_literature_informed,TissueLab literature-informed simulator v0.1,,2026,"Generated from published directional relationships, not a real experiment.",[]
silk_fibrin,enzymatic,articular_chondrocyte,porcine,3D_encapsulation,TGF_b3,MMP_degradable,4.84,18.06,91.1,19.0,14.0,10.47,2,1.0,100.0,69.38205689737427,100.0,100.0,sim-0369,simulated_literature_informed,TissueLab literature-informed simulator v0.1,,2026,"Generated from published directional relationships, not a real experiment.",[]
alginate,ionic,articular_chondrocyte,human,3D_encapsulation,none,none,3.48,19.78,88.8,223.3,7.0,4.79,4,0.0,90.75489275510583,30.99193738592199,100.0,57.108127298178836,sim-0370,simulated_literature_informed,TissueLab literature-informed simulator v0.1,,2026,"Generated from published directional relationships, not a real experiment.",[]
silk_fibrin,enzymatic,articular_chondrocyte,bovine,3D_encapsulation,none,native,2.58,12.72,86.0,7.0,21.0,5.42,1,1.0,92.89863108210609,64.00110848347438,98.99721360377282,68.04719021638877,sim-0371,simulated_literature_informed,TissueLab literature-informed simulator v0.1,,2026,"Generated from published directional relationships, not a real experiment.",[]
collagen,chemical,articular_chondrocyte,human,3D_encapsulation,none,MMP_degradable,4.25,8.46,87.5,15.2,14.0,2.46,3,1.0,100.0,72.02902960145683,53.102681135779896,59.96487641355911,sim-0372,simulated_literature_informed,TissueLab literature-informed simulator v0.1,,2026,"Generated from published directional relationships, not a real experiment.",[]
fibrin,enzymatic,articular_chondrocyte,bovine,3D_bioprint,TGF_b3,RGD,4.71,17.12,92.8,16.0,14.0,7.76,2,1.0,100.0,68.14560304204072,100.0,95.2850820287315,sim-0373,simulated_literature_informed,TissueLab literature-informed simulator v0.1,,2026,"Generated from published directional relationships, not a real experiment.",[]
agarose,thermal,articular_chondrocyte,porcine,3D_bioprint,none,MMP_degradable,3.74,13.6,86.4,16.4,14.0,3.54,3,0.0,87.82786698292732,39.31408921738056,82.32567884508614,80.3806908288892,sim-0374,simulated_literature_informed,TissueLab literature-informed simulator v0.1,,2026,"Generated from published directional relationships, not a real experiment.",[]
HA,photocrosslink,MSC,human,3D_encapsulation,TGF_b3,native,7.81,22.45,77.3,6.2,21.0,15.06,2,0.7,89.39549123888972,55.935151241237826,100.0,100.0,sim-0375,simulated_literature_informed,TissueLab literature-informed simulator v0.1,,2026,"Generated from published directional relationships, not a real experiment.",[]
alginate,ionic,articular_chondrocyte,rabbit,3D_encapsulation,none,none,4.01,17.54,89.9,231.6,21.0,11.82,2,0.0,90.45764997403904,35.92718427960775,100.0,66.87397391625805,sim-0376,simulated_literature_informed,TissueLab literature-informed simulator v0.1,,2026,"Generated from published directional relationships, not a real experiment.",[]
agarose,thermal,articular_chondrocyte,human,3D_encapsulation,TGF_b1,none,6.02,38.02,88.2,135.6,21.0,2.38,2,0.0,86.36997617481266,38.252154433860966,100.0,67.84557327178288,sim-0377,simulated_literature_informed,TissueLab literature-informed simulator v0.1,,2026,"Generated from published directional relationships, not a real experiment.",[]
PEG_dextran,chemical,articular_chondrocyte,human,3D_encapsulation,none,RGD,6.99,20.34,82.0,10.7,42.0,3.28,2,1.0,42.20229952705481,36.980022383224295,44.74694163407589,54.945636335138694,sim-0378,simulated_literature_informed,TissueLab literature-informed simulator v0.1,,2026,"Generated from published directional relationships, not a real experiment.",[]
HA,photocrosslink,articular_chondrocyte,porcine,3D_encapsulation,none,MMP_degradable,3.52,12.46,92.1,25.0,14.0,5.89,2,0.7,94.49364238154914,65.67040973987875,97.74610013715318,86.71516603927108,sim-0379,simulated_literature_informed,TissueLab literature-informed simulator v0.1,,2026,"Generated from published directional relationships, not a real experiment.",[]
HA,photocrosslink,articular_chondrocyte,bovine,2D,none,RGD,3.77,8.54,83.4,13.0,21.0,2.4,0,1.0,95.62430898350543,84.2640554905906,62.63897102775758,37.622251955271096,sim-0380,simulated_literature_informed,TissueLab literature-informed simulator v0.1,,2026,"Generated from published directional relationships, not a real experiment.",[]
alginate,ionic,MSC,human,2D,none,none,4.3,16.99,85.7,196.8,14.0,1.67,1,0.0,97.1341645622499,64.75145802856088,72.28687246391219,15.150450676322995,sim-0381,simulated_literature_informed,TissueLab literature-informed simulator v0.1,,2026,"Generated from published directional relationships, not a real experiment.",[]
PEG,photocrosslink,MSC,human,3D_bioprint,none,RGD,4.95,175.5,82.8,8.8,14.0,7.98,4,1.0,80.9701897749478,54.634121654670295,17.39367708911534,24.02068025299801,sim-0382,simulated_literature_informed,TissueLab literature-informed simulator v0.1,,2026,"Generated from published directional relationships, not a real experiment.",[]
chitosan_HA,chemical,articular_chondrocyte,rabbit,3D_encapsulation,TGF_b3,native,1.76,20.68,97.0,13.1,7.0,2.52,4,0.5,87.61591122105045,50.239980833372236,100.0,84.18368422299406,sim-0383,simulated_literature_informed,TissueLab literature-informed simulator v0.1,,2026,"Generated from published directional relationships, not a real experiment.",[]
HA,photocrosslink,articular_chondrocyte,human,3D_bioprint,TGF_b3,MMP_degradable,1.83,5.11,97.0,22.1,14.0,4.58,0,0.7,100.0,77.46735927572637,86.49580570671667,92.75411983552257,sim-0384,simulated_literature_informed,TissueLab literature-informed simulator v0.1,,2026,"Generated from published directional relationships, not a real experiment.",[]
collagen,chemical,MSC,human,3D_encapsulation,TGF_b3,native,4.9,10.55,86.2,14.0,28.0,1.02,2,1.0,92.34934131135356,78.41167941303306,88.13853045258315,80.41835773912646,sim-0385,simulated_literature_informed,TissueLab literature-informed simulator v0.1,,2026,"Generated from published directional relationships, not a real experiment.",[]
agarose,thermal,articular_chondrocyte,human,3D_bioprint,none,none,3.41,14.54,88.0,354.2,14.0,2.25,1,0.0,88.31437950108828,34.47941499929476,91.26058534155868,53.2738256023354,sim-0386,simulated_literature_informed,TissueLab literature-informed simulator v0.1,,2026,"Generated from published directional relationships, not a real experiment.",[]
HA,photocrosslink,articular_chondrocyte,rabbit,3D_encapsulation,none,native,3.49,6.46,89.3,19.9,14.0,1.75,4,0.7,94.91987808283687,60.155883671264164,63.22584525431745,55.29628093939348,sim-0387,simulated_literature_informed,TissueLab literature-informed simulator v0.1,,2026,"Generated from published directional relationships, not a real experiment.",[]
silk_fibrin,enzymatic,articular_chondrocyte,human,3D_encapsulation,none,MMP_degradable,6.55,22.64,88.9,48.0,7.0,2.53,1,1.0,100.0,62.30471885647804,100.0,77.80643282244502,sim-0388,simulated_literature_informed,TissueLab literature-informed simulator v0.1,,2026,"Generated from published directional relationships, not a real experiment.",[]
PEG_dextran,chemical,articular_chondrocyte,bovine,3D_encapsulation,none,native,8.08,48.01,80.1,167.0,14.0,7.08,1,0.0,29.578923856726895,34.472739564143936,35.65247307669951,14.25824437411013,sim-0389,simulated_literature_informed,TissueLab literature-informed simulator v0.1,,2026,"Generated from published directional relationships, not a real experiment.",[]
chitosan_HA,chemical,articular_chondrocyte,porcine,3D_encapsulation,none,MMP_degradable,2.26,43.45,88.6,30.4,28.0,1.72,3,0.5,83.77397827605472,44.43206282883273,90.06179761859673,84.95969655598762,sim-0390,simulated_literature_informed,TissueLab literature-informed simulator v0.1,,2026,"Generated from published directional relationships, not a real experiment.",[]
silk_fibrin,enzymatic,articular_chondrocyte,human,3D_bioprint,none,MMP_degradable,3.68,14.49,91.2,17.4,28.0,4.85,2,1.0,100.0,63.29146933078021,94.18986196116258,92.07975517975986,sim-0391,simulated_literature_informed,TissueLab literature-informed simulator v0.1,,2026,"Generated from published directional relationships, not a real experiment.",[]
fibrin,enzymatic,articular_chondrocyte,human,3D_encapsulation,TGF_b3,native,3.26,15.83,84.9,32.9,42.0,2.9,3,1.0,90.57047031282087,64.34901307544781,100.0,93.78569202949329,sim-0392,simulated_literature_informed,TissueLab literature-informed simulator v0.1,,2026,"Generated from published directional relationships, not a real experiment.",[]
alginate,ionic,articular_chondrocyte,human,3D_encapsulation,none,MMP_degradable,1.55,5.82,87.4,14.8,21.0,4.2,4,0.0,90.00543739171998,38.39015632079212,63.556413178138875,75.42262163157375,sim-0393,simulated_literature_informed,TissueLab literature-informed simulator v0.1,,2026,"Generated from published directional relationships, not a real experiment.",[]
gelatin_alginate,ionic,articular_chondrocyte,human,3D_bioprint,TGF_b3,MMP_degradable,2.93,5.26,90.4,43.1,42.0,5.87,2,1.0,97.05138079314371,75.00618614247152,69.9706723629852,78.52091189033412,sim-0394,simulated_literature_informed,TissueLab literature-informed simulator v0.1,,2026,"Generated from published directional relationships, not a real experiment.",[]
HA,photocrosslink,articular_chondrocyte,porcine,3D_encapsulation,none,MMP_degradable,2.74,7.01,93.8,13.5,14.0,8.64,2,0.7,96.43768155609492,63.414066190394436,85.35034833444196,74.1539203607501,sim-0395,simulated_literature_informed,TissueLab literature-informed simulator v0.1,,2026,"Generated from published directional relationships, not a real experiment.",[]
agarose,thermal,articular_chondrocyte,bovine,3D_encapsulation,none,RGD,2.6,9.94,90.6,10.3,14.0,1.76,1,1.0,94.74737460229451,58.340801645108535,77.72880886782188,65.15748160536636,sim-0396,simulated_literature_informed,TissueLab literature-informed simulator v0.1,,2026,"Generated from published directional relationships, not a real experiment.",[]
HA,photocrosslink,MSC,bovine,3D_encapsulation,none,native,6.1,22.44,83.1,10.6,7.0,1.12,2,0.7,96.14744851379528,65.89710444627202,100.0,93.18891650543944,sim-0397,simulated_literature_informed,TissueLab literature-informed simulator v0.1,,2026,"Generated from published directional relationships, not a real experiment.",[]
agarose,thermal,articular_chondrocyte,human,2D,TGF_b1,native,6.14,28.88,86.6,164.6,28.0,3.79,2,0.0,90.22294285079896,47.65596495542893,82.5561515482217,41.93800130896679,sim-0398,simulated_literature_informed,TissueLab literature-informed simulator v0.1,,2026,"Generated from published directional relationships, not a real experiment.",[]
agarose,thermal,articular_chondrocyte,human,3D_bioprint,TGF_b3,none,3.05,13.31,87.6,244.0,7.0,9.38,5,0.0,79.47376285471002,35.419154581267804,81.1249302548444,52.36136398948957,sim-0399,simulated_literature_informed,TissueLab literature-informed simulator v0.1,,2026,"Generated from published directional relationships, not a real experiment.",[]
GelMA,photocrosslink,MSC,human,3D_encapsulation,none,MMP_degradable,3.06,7.11,96.5,34.5,21.0,6.46,1,1.0,94.58524337243385,81.87936976827001,53.8366366006895,56.59892203791405,sim-0400,simulated_literature_informed,TissueLab literature-informed simulator v0.1,,2026,"Generated from published directional relationships, not a real experiment.",[]
collagen,chemical,articular_chondrocyte,human,3D_encapsulation,TGF_b1,native,8.14,16.44,84.4,7.8,14.0,2.91,2,1.0,95.6555980210316,68.46506034281585,89.33792965392034,67.66247017188394,sim-0401,simulated_literature_informed,TissueLab literature-informed simulator v0.1,,2026,"Generated from published directional relationships, not a real experiment.",[]
fibrin,enzymatic,articular_chondrocyte,human,3D_encapsulation,TGF_b3,MMP_degradable,3.44,9.41,90.6,10.4,14.0,5.84,3,1.0,99.53110134611573,76.8564779797161,91.97758879356347,99.272610720337,sim-0402,simulated_literature_informed,TissueLab literature-informed simulator v0.1,,2026,"Generated from published directional relationships, not a real experiment.",[]
GelMA,photocrosslink,articular_chondrocyte,human,3D_encapsulation,TGF_b1,native,2.95,6.35,94.7,35.7,21.0,4.35,2,1.0,100.0,77.17995429331924,72.35472910193711,55.81418695622383,sim-0403,simulated_literature_informed,TissueLab literature-informed simulator v0.1,,2026,"Generated from published directional relationships, not a real experiment.",[]
gelatin_alginate,ionic,articular_chondrocyte,human,3D_encapsulation,none,MMP_degradable,6.16,19.74,82.1,23.2,7.0,2.25,3,1.0,100.0,50.637807596966546,86.29401828435557,77.40684498839283,sim-0404,simulated_literature_informed,TissueLab literature-informed simulator v0.1,,2026,"Generated from published directional relationships, not a real experiment.",[]
gelatin_alginate,ionic,MSC,human,3D_bioprint,TGF_b3,MMP_degradable,2.81,8.95,90.4,13.3,14.0,2.83,3,1.0,100.0,84.85201586218605,91.91674870727742,84.56971230620886,sim-0405,simulated_literature_informed,TissueLab literature-informed simulator v0.1,,2026,"Generated from published directional relationships, not a real experiment.",[]
collagen,chemical,articular_chondrocyte,human,3D_encapsulation,TGF_b3,RGD,5.01,11.2,95.6,8.6,21.0,2.13,0,1.0,100.0,77.047202245093,79.70036004534258,69.69461414610184,sim-0406,simulated_literature_informed,TissueLab literature-informed simulator v0.1,,2026,"Generated from published directional relationships, not a real experiment.",[]
PEG_dextran,chemical,articular_chondrocyte,rabbit,3D_encapsulation,none,native,7.67,43.71,83.2,15.0,21.0,4.39,1,0.0,30.60793873758409,30.87005857931319,35.67221066384517,45.33200704270198,sim-0407,simulated_literature_informed,TissueLab literature-informed simulator v0.1,,2026,"Generated from published directional relationships, not a real experiment.",[]
gelatin_alginate,ionic,MSC,porcine,3D_bioprint,none,native,5.83,14.31,82.8,13.4,14.0,17.23,1,1.0,98.56685432487753,75.77468345889794,82.60902128721938,65.54096870025981,sim-0408,simulated_literature_informed,TissueLab literature-informed simulator v0.1,,2026,"Generated from published directional relationships, not a real experiment.",[]
silk_fibrin,enzymatic,articular_chondrocyte,human,2D,none,RGD,4.14,19.84,96.6,9.9,14.0,4.73,1,1.0,100.0,78.90390548522174,80.23340776004676,50.384026001991046,sim-0409,simulated_literature_informed,TissueLab literature-informed simulator v0.1,,2026,"Generated from published directional relationships, not a real experiment.",[]
HA,photocrosslink,articular_chondrocyte,bovine,3D_encapsulation,TGF_b3,native,4.92,20.47,92.9,11.3,14.0,10.0,2,0.7,100.0,57.630739364316405,100.0,100.0,sim-0410,simulated_literature_informed,TissueLab literature-informed simulator v0.1,,2026,"Generated from published directional relationships, not a real experiment.",[]
fibrin,enzymatic,articular_chondrocyte,bovine,3D_encapsulation,none,MMP_degradable,2.49,6.6,88.0,11.6,28.0,6.09,2,1.0,100.0,78.47894397348581,78.4208362141106,79.03550481287266,sim-0411,simulated_literature_informed,TissueLab literature-informed simulator v0.1,,2026,"Generated from published directional relationships, not a real experiment.",[]
fibrin,enzymatic,articular_chondrocyte,human,3D_bioprint,none,native,6.83,31.79,76.7,25.9,14.0,4.58,2,1.0,100.0,65.35905862157644,100.0,88.29963606326841,sim-0412,simulated_literature_informed,TissueLab literature-informed simulator v0.1,,2026,"Generated from published directional relationships, not a real experiment.",[]
silk_fibrin,enzymatic,articular_chondrocyte,bovine,2D,none,MMP_degradable,2.73,11.94,94.3,27.3,14.0,1.92,2,1.0,100.0,83.43938111006257,63.49925562511364,46.8293759593471,sim-0413,simulated_literature_informed,TissueLab literature-informed simulator v0.1,,2026,"Generated from published directional relationships, not a real experiment.",[]
PEG,photocrosslink,articular_chondrocyte,rabbit,3D_encapsulation,none,RGD,2.56,24.5,93.8,14.2,21.0,2.79,1,1.0,82.88684313993505,46.21496720360111,72.09345035656952,67.82566503939807,sim-0414,simulated_literature_informed,TissueLab literature-informed simulator v0.1,,2026,"Generated from published directional relationships, not a real experiment.",[]
PEG,photocrosslink,MSC,bovine,3D_encapsulation,TGF_b1,native,3.58,39.87,90.6,20.1,14.0,3.9,3,0.0,74.84273753641686,44.466141586480795,75.3863243065154,72.50539189926678,sim-0415,simulated_literature_informed,TissueLab literature-informed simulator v0.1,,2026,"Generated from published directional relationships, not a real experiment.",[]
gelatin_alginate,ionic,MSC,bovine,3D_encapsulation,TGF_b3,native,13.02,41.7,70.6,18.4,21.0,4.06,0,1.0,95.57141499691643,69.11501186004851,100.0,99.9869498053424,sim-0416,simulated_literature_informed,TissueLab literature-informed simulator v0.1,,2026,"Generated from published directional relationships, not a real experiment.",[]
collagen,chemical,MSC,bovine,3D_bioprint,none,native,2.9,5.63,94.4,30.3,7.0,2.13,2,1.0,92.55525833138654,91.34292651234558,33.53148039094392,34.51405711098782,sim-0417,simulated_literature_informed,TissueLab literature-informed simulator v0.1,,2026,"Generated from published directional relationships, not a real experiment.",[]
HA,photocrosslink,articular_chondrocyte,porcine,3D_encapsulation,TGF_b3,MMP_degradable,7.02,13.54,80.3,19.5,7.0,2.25,2,0.7,90.09768737322777,63.29344769514002,100.0,100.0,sim-0418,simulated_literature_informed,TissueLab literature-informed simulator v0.1,,2026,"Generated from published directional relationships, not a real experiment.",[]
PEG_dextran,chemical,articular_chondrocyte,human,3D_encapsulation,none,native,3.33,27.6,68.2,9.7,21.0,4.72,1,0.0,32.14371427749984,24.847522511363017,43.93713516946376,56.50422571368532,sim-0419,simulated_literature_informed,TissueLab literature-informed simulator v0.1,,2026,"Generated from published directional relationships, not a real experiment.",[]
fibrin,enzymatic,articular_chondrocyte,bovine,3D_encapsulation,none,MMP_degradable,3.73,14.46,90.1,17.0,14.0,3.38,1,1.0,97.64505550949234,66.06595995024448,98.71615836948504,87.04248962527218,sim-0420,simulated_literature_informed,TissueLab literature-informed simulator v0.1,,2026,"Generated from published directional relationships, not a real experiment.",[]
collagen,chemical,MSC,human,2D,none,native,5.16,10.33,90.6,7.8,14.0,5.22,3,1.0,100.0,93.55934833134677,18.223005801070705,0.0,sim-0421,simulated_literature_informed,TissueLab literature-informed simulator v0.1,,2026,"Generated from published directional relationships, not a real experiment.",[]
PEG,photocrosslink,articular_chondrocyte,bovine,3D_encapsulation,TGF_b1,MMP_degradable,4.85,30.62,86.8,7.1,14.0,1.93,4,0.0,76.22464236959773,32.60098849623799,69.52621525017183,70.58103914156844,sim-0422,simulated_literature_informed,TissueLab literature-informed simulator v0.1,,2026,"Generated from published directional relationships, not a real experiment.",[]
alginate,ionic,articular_chondrocyte,human,3D_encapsulation,none,native,4.78,17.83,94.5,204.0,28.0,5.32,3,0.0,87.59793687441469,24.0570594174262,100.0,64.9896799471335,sim-0423,simulated_literature_informed,TissueLab literature-informed simulator v0.1,,2026,"Generated from published directional relationships, not a real experiment.",[]
GelMA,photocrosslink,MSC,human,3D_encapsulation,TGF_b1,RGD,3.6,13.82,96.2,52.9,21.0,5.14,0,1.0,90.52427315166933,83.23372542148573,97.15571873706942,76.30994542194377,sim-0424,simulated_literature_informed,TissueLab literature-informed simulator v0.1,,2026,"Generated from published directional relationships, not a real experiment.",[]
fibrin,enzymatic,MSC,bovine,3D_encapsulation,TGF_b3,MMP_degradable,7.97,39.42,75.4,18.9,14.0,6.32,1,1.0,100.0,74.55352393990998,100.0,100.0,sim-0425,simulated_literature_informed,TissueLab literature-informed simulator v0.1,,2026,"Generated from published directional relationships, not a real experiment.",[]
silk_fibrin,enzymatic,MSC,bovine,3D_bioprint,TGF_b1,native,2.77,7.66,91.9,9.9,28.0,6.19,2,1.0,93.57963194141524,83.83329268230834,97.7950575478256,90.20097981788277,sim-0426,simulated_literature_informed,TissueLab literature-informed simulator v0.1,,2026,"Generated from published directional relationships, not a real experiment.",[]
gelatin_alginate,ionic,articular_chondrocyte,porcine,3D_encapsulation,TGF_b1,native,5.91,18.16,83.0,15.8,21.0,3.85,2,1.0,95.81120789421698,62.56089654715549,100.0,95.17097863407098,sim-0427,simulated_literature_informed,TissueLab literature-informed simulator v0.1,,2026,"Generated from published directional relationships, not a real experiment.",[]
chitosan_HA,chemical,articular_chondrocyte,bovine,3D_encapsulation,TGF_b1,RGD,5.62,61.86,81.8,9.2,7.0,26.43,3,1.0,91.15734221012617,71.60634861974101,87.11583587255059,67.96012484513909,sim-0428,simulated_literature_informed,TissueLab literature-informed simulator v0.1,,2026,"Generated from published directional relationships, not a real experiment.",[]
agarose,thermal,articular_chondrocyte,human,2D,TGF_b3,RGD,5.5,34.44,79.1,26.5,21.0,12.98,2,1.0,98.13525209046249,65.03303580554866,95.20794512657383,64.57837675622373,sim-0429,simulated_literature_informed,TissueLab literature-informed simulator v0.1,,2026,"Generated from published directional relationships, not a real experiment.",[]
chitosan_HA,chemical,articular_chondrocyte,human,3D_encapsulation,TGF_b3,native,8.3,133.7,81.3,25.4,42.0,1.11,5,0.5,78.03620253599995,39.01772193814484,66.33195931231498,73.28405193664723,sim-0430,simulated_literature_informed,TissueLab literature-informed simulator v0.1,,2026,"Generated from published directional relationships, not a real experiment.",[]
agarose,thermal,articular_chondrocyte,human,3D_bioprint,none,RGD,2.15,10.58,85.8,208.0,21.0,4.5,1,1.0,95.16552195939654,57.87420014389855,85.17500511741638,45.84590702721277,sim-0431,simulated_literature_informed,TissueLab literature-informed simulator v0.1,,2026,"Generated from published directional relationships, not a real experiment.",[]
collagen,chemical,articular_chondrocyte,bovine,3D_encapsulation,TGF_b3,MMP_degradable,6.1,14.56,84.6,15.8,28.0,5.87,3,1.0,96.11293234612664,64.38409436831004,90.5555663095524,94.2191293341522,sim-0432,simulated_literature_informed,TissueLab literature-informed simulator v0.1,,2026,"Generated from published directional relationships, not a real experiment.",[]
alginate,ionic,articular_chondrocyte,human,3D_encapsulation,TGF_b3,none,5.03,21.38,85.8,101.9,21.0,2.24,2,0.0,93.7073323027489,34.156117921119304,100.0,87.52825522203888,sim-0433,simulated_literature_informed,TissueLab literature-informed simulator v0.1,,2026,"Generated from published directional relationships, not a real experiment.",[]
alginate,ionic,articular_chondrocyte,human,3D_encapsulation,TGF_b3,none,11.51,42.79,78.3,341.7,21.0,2.92,3,0.0,90.06891559036018,40.06387524865498,100.0,77.88880594973705,sim-0434,simulated_literature_informed,TissueLab literature-informed simulator v0.1,,2026,"Generated from published directional relationships, not a real experiment.",[]
collagen,chemical,articular_chondrocyte,human,3D_encapsulation,none,native,1.79,3.81,97.0,18.7,28.0,8.22,4,1.0,98.39791377235956,71.10575120991629,33.92367016474795,37.852269149977104,sim-0435,simulated_literature_informed,TissueLab literature-informed simulator v0.1,,2026,"Generated from published directional relationships, not a real experiment.",[]
collagen,chemical,articular_chondrocyte,bovine,3D_bioprint,none,native,6.11,18.29,79.5,11.8,14.0,40.0,2,1.0,98.003275932458,70.39583293480106,93.20243711121182,74.52065058629967,sim-0436,simulated_literature_informed,TissueLab literature-informed simulator v0.1,,2026,"Generated from published directional relationships, not a real experiment.",[]
fibrin,enzymatic,articular_chondrocyte,human,3D_encapsulation,TGF_b3,native,5.38,22.26,79.7,10.0,14.0,1.22,2,1.0,100.0,63.643131097798495,100.0,100.0,sim-0437,simulated_literature_informed,TissueLab literature-informed simulator v0.1,,2026,"Generated from published directional relationships, not a real experiment.",[]
alginate,ionic,MSC,rabbit,3D_encapsulation,none,none,7.13,29.36,88.0,269.4,7.0,4.09,2,0.0,88.19171032693205,37.460019562436955,100.0,57.53727958582962,sim-0438,simulated_literature_informed,TissueLab literature-informed simulator v0.1,,2026,"Generated from published directional relationships, not a real experiment.",[]
fibrin,enzymatic,articular_chondrocyte,bovine,3D_bioprint,TGF_b3,MMP_degradable,6.13,29.15,89.5,25.3,28.0,6.66,1,1.0,96.17003496560456,62.061943953930225,100.0,100.0,sim-0439,simulated_literature_informed,TissueLab literature-informed simulator v0.1,,2026,"Generated from published directional relationships, not a real experiment.",[]
gelatin_alginate,ionic,articular_chondrocyte,human,3D_encapsulation,TGF_b1,native,14.3,19.65,72.9,10.3,42.0,26.49,1,1.0,94.91394614874076,51.55945921852023,100.0,99.98960833658819,sim-0440,simulated_literature_informed,TissueLab literature-informed simulator v0.1,,2026,"Generated from published directional relationships, not a real experiment.",[]
GelMA,photocrosslink,articular_chondrocyte,human,3D_bioprint,TGF_b3,MMP_degradable,5.9,13.96,86.7,27.7,21.0,6.52,0,1.0,97.29104888191232,66.3219418171508,100.0,96.00937912730762,sim-0441,simulated_literature_informed,TissueLab literature-informed simulator v0.1,,2026,"Generated from published directional relationships, not a real experiment.",[]
PEG,photocrosslink,articular_chondrocyte,porcine,3D_encapsulation,none,native,3.32,63.76,81.9,365.0,21.0,3.61,3,0.0,79.21688408614416,43.98499301447285,45.59769855203591,15.638651416416709,sim-0442,simulated_literature_informed,TissueLab literature-informed simulator v0.1,,2026,"Generated from published directional relationships, not a real experiment.",[]
HA,photocrosslink,articular_chondrocyte,human,3D_encapsulation,none,MMP_degradable,4.02,7.65,88.7,9.9,7.0,5.42,2,0.7,100.0,69.2356129394602,82.6496911253587,72.03793621177536,sim-0443,simulated_literature_informed,TissueLab literature-informed simulator v0.1,,2026,"Generated from published directional relationships, not a real experiment.",[]
silk_fibrin,enzymatic,articular_chondrocyte,bovine,3D_encapsulation,none,native,6.3,16.84,83.7,6.5,21.0,3.07,1,1.0,98.11970747880909,66.02033466271757,100.0,82.97346893382726,sim-0444,simulated_literature_informed,TissueLab literature-informed simulator v0.1,,2026,"Generated from published directional relationships, not a real experiment.",[]
collagen,chemical,articular_chondrocyte,bovine,2D,TGF_b1,native,2.69,7.1,92.2,8.6,14.0,3.69,2,1.0,100.0,99.7242095323531,36.691942517238935,26.291122629983366,sim-0445,simulated_literature_informed,TissueLab literature-informed simulator v0.1,,2026,"Generated from published directional relationships, not a real experiment.",[]
chitosan_HA,chemical,articular_chondrocyte,human,2D,none,native,6.45,116.06,86.3,29.8,42.0,3.7,3,0.5,93.34161739146428,70.84142900750976,34.69892317191985,22.494741459481084,sim-0446,simulated_literature_informed,TissueLab literature-informed simulator v0.1,,2026,"Generated from published directional relationships, not a real experiment.",[]
alginate,ionic,articular_chondrocyte,human,3D_encapsulation,none,RGD,7.6,28.55,87.2,275.8,14.0,3.66,0,1.0,99.19535355517024,43.43968453977259,100.0,65.94444746121721,sim-0447,simulated_literature_informed,TissueLab literature-informed simulator v0.1,,2026,"Generated from published directional relationships, not a real experiment.",[]
gelatin_alginate,ionic,articular_chondrocyte,human,3D_encapsulation,TGF_b3,native,6.38,19.26,85.7,51.7,21.0,10.08,3,1.0,96.94006531831765,60.18968710806236,100.0,81.2221063952741,sim-0448,simulated_literature_informed,TissueLab literature-informed simulator v0.1,,2026,"Generated from published directional relationships, not a real experiment.",[]
chitosan_HA,chemical,MSC,human,3D_encapsulation,none,RGD,9.23,113.93,77.8,20.7,14.0,18.15,2,1.0,87.95408894706607,72.66072538614783,64.77872257731062,48.84398694797111,sim-0449,simulated_literature_informed,TissueLab literature-informed simulator v0.1,,2026,"Generated from published directional relationships, not a real experiment.",[]
gelatin_alginate,ionic,articular_chondrocyte,rabbit,3D_encapsulation,none,native,5.02,15.71,89.6,33.8,14.0,4.93,2,1.0,96.53501712719961,57.20076370294961,93.4725838495216,61.711814170293316,sim-0450,simulated_literature_informed,TissueLab literature-informed simulator v0.1,,2026,"Generated from published directional relationships, not a real experiment.",[]
gelatin_alginate,ionic,articular_chondrocyte,human,3D_encapsulation,TGF_b3,native,12.74,23.54,74.9,8.4,21.0,5.58,1,1.0,93.88996220041088,58.10517670158287,100.0,96.62374960466012,sim-0451,simulated_literature_informed,TissueLab literature-informed simulator v0.1,,2026,"Generated from published directional relationships, not a real experiment.",[]
fibrin,enzymatic,articular_chondrocyte,human,3D_encapsulation,TGF_b1,native,5.34,18.0,85.6,11.8,28.0,6.78,1,1.0,98.08969340180633,67.96263562515045,100.0,100.0,sim-0452,simulated_literature_informed,TissueLab literature-informed simulator v0.1,,2026,"Generated from published directional relationships, not a real experiment.",[]
chitosan_HA,chemical,articular_chondrocyte,human,3D_bioprint,none,native,5.44,87.32,83.1,13.3,7.0,1.59,2,0.5,89.17465725802161,60.778234059103255,71.1514792966493,57.06167560503144,sim-0453,simulated_literature_informed,TissueLab literature-informed simulator v0.1,,2026,"Generated from published directional relationships, not a real experiment.",[]
collagen,chemical,articular_chondrocyte,rabbit,3D_encapsulation,none,native,1.07,1.76,86.9,21.4,7.0,6.04,2,1.0,100.0,94.47991562903684,34.566490674072526,39.78125067008225,sim-0454,simulated_literature_informed,TissueLab literature-informed simulator v0.1,,2026,"Generated from published directional relationships, not a real experiment.",[]
agarose,thermal,MSC,human,2D,none,RGD,4.42,19.25,84.5,109.2,21.0,2.56,2,1.0,97.39984603404895,67.85089901882317,57.23015096034673,17.878965235980505,sim-0455,simulated_literature_informed,TissueLab literature-informed simulator v0.1,,2026,"Generated from published directional relationships, not a real experiment.",[]
alginate,ionic,articular_chondrocyte,human,3D_encapsulation,TGF_b1,none,5.29,30.85,88.0,169.0,14.0,2.65,3,0.0,93.09376389930664,32.37585375798136,100.0,78.97849912927553,sim-0456,simulated_literature_informed,TissueLab literature-informed simulator v0.1,,2026,"Generated from published directional relationships, not a real experiment.",[]
PEG_dextran,chemical,articular_chondrocyte,human,3D_encapsulation,TGF_b3,native,11.29,41.69,76.0,221.2,14.0,3.6,4,0.0,25.056837644479337,29.02957642700248,40.923471156896866,29.537814199772605,sim-0457,simulated_literature_informed,TissueLab literature-informed simulator v0.1,,2026,"Generated from published directional relationships, not a real experiment.",[]
fibrin,enzymatic,articular_chondrocyte,porcine,3D_bioprint,TGF_b3,MMP_degradable,2.21,5.72,97.0,15.1,28.0,2.22,3,1.0,96.97308041702819,80.95574585828082,79.13282223281485,95.09108959823459,sim-0458,simulated_literature_informed,TissueLab literature-informed simulator v0.1,,2026,"Generated from published directional relationships, not a real experiment.",[]
PEG_dextran,chemical,articular_chondrocyte,porcine,3D_encapsulation,TGF_b3,native,2.27,12.82,88.2,133.8,21.0,4.04,3,0.0,33.195493281724865,37.88346487605468,35.51387618219701,26.789929418832667,sim-0459,simulated_literature_informed,TissueLab literature-informed simulator v0.1,,2026,"Generated from published directional relationships, not a real experiment.",[]
GelMA,photocrosslink,articular_chondrocyte,human,3D_encapsulation,TGF_b1,native,2.37,6.53,92.3,9.4,7.0,2.87,2,1.0,97.53419527631817,90.8275789844415,74.97861922339135,59.60438280419624,sim-0460,simulated_literature_informed,TissueLab literature-informed simulator v0.1,,2026,"Generated from published directional relationships, not a real experiment.",[]
collagen,chemical,articular_chondrocyte,porcine,3D_encapsulation,none,MMP_degradable,4.19,10.02,85.7,20.4,14.0,3.08,1,1.0,92.90721204071785,67.08241180561294,62.553776867278614,60.564505724100165,sim-0461,simulated_literature_informed,TissueLab literature-informed simulator v0.1,,2026,"Generated from published directional relationships, not a real experiment.",[]
agarose,thermal,articular_chondrocyte,human,3D_encapsulation,none,none,4.54,35.67,85.7,363.7,14.0,9.69,3,0.0,88.00460731630895,21.810280738598635,97.3735472381328,59.10039457839977,sim-0462,simulated_literature_informed,TissueLab literature-informed simulator v0.1,,2026,"Generated from published directional relationships, not a real experiment.",[]
GelMA,photocrosslink,articular_chondrocyte,human,3D_encapsulation,none,native,3.72,14.18,90.1,17.7,14.0,1.76,2,1.0,100.0,58.615471886830015,83.04976089028249,65.13041124768489,sim-0463,simulated_literature_informed,TissueLab literature-informed simulator v0.1,,2026,"Generated from published directional relationships, not a real experiment.",[]
PEG,photocrosslink,articular_chondrocyte,human,3D_encapsulation,TGF_b3,none,5.81,283.93,79.9,136.4,21.0,15.93,2,0.0,65.58854142459747,44.273759080086734,75.39481143088608,44.11723322891702,sim-0464,simulated_literature_informed,TissueLab literature-informed simulator v0.1,,2026,"Generated from published directional relationships, not a real experiment.",[]
HA,photocrosslink,MSC,rabbit,3D_encapsulation,none,MMP_degradable,3.4,11.98,84.9,11.2,14.0,3.57,2,0.7,95.524044100663,75.6689750071428,84.44045460833473,80.62908309198113,sim-0465,simulated_literature_informed,TissueLab literature-informed simulator v0.1,,2026,"Generated from published directional relationships, not a real experiment.",[]
silk_fibrin,enzymatic,articular_chondrocyte,porcine,3D_encapsulation,none,MMP_degradable,3.64,13.42,90.9,14.8,7.0,2.74,1,1.0,97.41896656149022,63.344384192080554,95.86837192718919,92.52965201460438,sim-0466,simulated_literature_informed,TissueLab literature-informed simulator v0.1,,2026,"Generated from published directional relationships, not a real experiment.",[]
silk_fibrin,enzymatic,articular_chondrocyte,bovine,3D_encapsulation,none,native,6.31,34.16,79.3,7.2,7.0,1.62,0,1.0,100.0,63.13035041412724,100.0,78.77188989964117,sim-0467,simulated_literature_informed,TissueLab literature-informed simulator v0.1,,2026,"Generated from published directional relationships, not a real experiment.",[]
collagen,chemical,MSC,bovine,3D_encapsulation,none,native,6.49,16.55,86.6,12.0,42.0,1.04,2,1.0,93.08876555760759,59.970849162640505,65.18157240502646,74.15479018541208,sim-0468,simulated_literature_informed,TissueLab literature-informed simulator v0.1,,2026,"Generated from published directional relationships, not a real experiment.",[]
silk_fibrin,enzymatic,MSC,bovine,3D_bioprint,none,RGD,4.59,22.93,94.4,16.4,42.0,11.03,2,1.0,100.0,58.45248316883584,100.0,86.82229799437252,sim-0469,simulated_literature_informed,TissueLab literature-informed simulator v0.1,,2026,"Generated from published directional relationships, not a real experiment.",[]
gelatin_alginate,ionic,articular_chondrocyte,human,3D_encapsulation,TGF_b3,MMP_degradable,4.2,6.89,85.8,7.0,42.0,5.48,3,1.0,96.48051675697631,69.72303477309234,79.03853763713423,76.71528902594046,sim-0470,simulated_literature_informed,TissueLab literature-informed simulator v0.1,,2026,"Generated from published directional relationships, not a real experiment.",[]
alginate,ionic,MSC,human,3D_encapsulation,none,native,3.49,14.73,87.9,219.5,14.0,1.93,2,0.0,90.2817967128744,49.20833365787932,85.06409162865008,53.64866126834961,sim-0471,simulated_literature_informed,TissueLab literature-informed simulator v0.1,,2026,"Generated from published directional relationships, not a real experiment.",[]
agarose,thermal,articular_chondrocyte,human,3D_encapsulation,TGF_b3,none,5.67,28.04,87.2,183.5,21.0,1.62,1,0.0,87.04851810289868,36.468515885770906,100.0,80.01775625492213,sim-0472,simulated_literature_informed,TissueLab literature-informed simulator v0.1,,2026,"Generated from published directional relationships, not a real experiment.",[]
HA,photocrosslink,articular_chondrocyte,bovine,3D_bioprint,TGF_b1,MMP_degradable,5.62,23.47,92.9,11.9,28.0,4.07,3,0.7,99.09125092900555,42.36878008968064,100.0,100.0,sim-0473,simulated_literature_informed,TissueLab literature-informed simulator v0.1,,2026,"Generated from published directional relationships, not a real experiment.",[]
PEG_dextran,chemical,articular_chondrocyte,porcine,3D_encapsulation,TGF_b3,none,6.72,31.74,80.0,305.4,14.0,9.19,2,0.0,25.644182975474763,34.76709500423965,63.771343493212974,50.99142748622473,sim-0474,simulated_literature_informed,TissueLab literature-informed simulator v0.1,,2026,"Generated from published directional relationships, not a real experiment.",[]
PEG_dextran,chemical,articular_chondrocyte,bovine,3D_encapsulation,TGF_b1,none,3.52,34.8,77.1,236.6,21.0,4.55,4,0.0,29.23973358911782,31.41006056547392,40.46300830234012,32.540216002598925,sim-0475,simulated_literature_informed,TissueLab literature-informed simulator v0.1,,2026,"Generated from published directional relationships, not a real experiment.",[]
HA,photocrosslink,articular_chondrocyte,human,3D_encapsulation,none,native,5.02,12.77,87.3,22.0,21.0,3.79,2,0.7,96.69212386943674,61.51155952812873,100.0,82.30564157802067,sim-0476,simulated_literature_informed,TissueLab literature-informed simulator v0.1,,2026,"Generated from published directional relationships, not a real experiment.",[]
fibrin,enzymatic,articular_chondrocyte,bovine,3D_encapsulation,none,native,4.51,17.38,83.9,10.1,14.0,3.17,5,1.0,92.45145955335882,44.71029541824683,82.62393303965345,64.0263702025801,sim-0477,simulated_literature_informed,TissueLab literature-informed simulator v0.1,,2026,"Generated from published directional relationships, not a real experiment.",[]
fibrin,enzymatic,articular_chondrocyte,porcine,3D_encapsulation,none,native,5.66,25.39,88.8,23.4,14.0,3.02,3,1.0,100.0,57.94788691836945,100.0,82.11992089613979,sim-0478,simulated_literature_informed,TissueLab literature-informed simulator v0.1,,2026,"Generated from published directional relationships, not a real experiment.",[]
silk_fibrin,enzymatic,articular_chondrocyte,human,3D_encapsulation,none,native,6.44,33.6,81.8,13.9,7.0,6.53,2,1.0,100.0,57.676342054529485,100.0,82.69876720344793,sim-0479,simulated_literature_informed,TissueLab literature-informed simulator v0.1,,2026,"Generated from published directional relationships, not a real experiment.",[]
alginate,ionic,MSC,human,3D_bioprint,TGF_b1,none,4.63,19.56,90.8,255.0,21.0,10.62,1,0.0,91.69753217538243,47.23654272225591,100.0,92.61255703615332,sim-0480,simulated_literature_informed,TissueLab literature-informed simulator v0.1,,2026,"Generated from published directional relationships, not a real experiment.",[]
HA,photocrosslink,articular_chondrocyte,human,3D_encapsulation,none,native,2.93,11.28,87.4,10.0,21.0,8.9,3,0.7,96.19494009509202,60.78439422931463,92.02485549526573,71.62323941442568,sim-0481,simulated_literature_informed,TissueLab literature-informed simulator v0.1,,2026,"Generated from published directional relationships, not a real experiment.",[]
gelatin_alginate,ionic,MSC,porcine,3D_bioprint,none,RGD,11.75,32.15,75.0,7.4,21.0,1.63,2,1.0,94.44970192750007,61.47199123940107,83.55691300170142,61.05712287262166,sim-0482,simulated_literature_informed,TissueLab literature-informed simulator v0.1,,2026,"Generated from published directional relationships, not a real experiment.",[]
silk_fibrin,enzymatic,articular_chondrocyte,porcine,3D_bioprint,none,native,6.76,19.04,84.7,18.2,42.0,3.76,3,1.0,96.34378360519709,52.36978480204897,100.0,84.62012861059871,sim-0483,simulated_literature_informed,TissueLab literature-informed simulator v0.1,,2026,"Generated from published directional relationships, not a real experiment.",[]
chitosan_HA,chemical,articular_chondrocyte,human,3D_bioprint,none,MMP_degradable,3.76,55.42,87.3,10.6,14.0,1.24,2,0.5,83.09060841777716,51.961655120343565,83.77210097843528,72.46597195180465,sim-0484,simulated_literature_informed,TissueLab literature-informed simulator v0.1,,2026,"Generated from published directional relationships, not a real experiment.",[]
silk_fibrin,enzymatic,articular_chondrocyte,bovine,2D,none,MMP_degradable,6.1,21.83,90.4,13.7,21.0,3.8,2,1.0,100.0,78.49594730606256,88.04764769136015,64.962012261475,sim-0485,simulated_literature_informed,TissueLab literature-informed simulator v0.1,,2026,"Generated from published directional relationships, not a real experiment.",[]
agarose,thermal,articular_chondrocyte,human,2D,none,none,4.98,21.94,83.9,148.0,14.0,16.32,1,0.0,89.61036693884193,52.10834144627737,78.67275833801831,23.13611960187759,sim-0486,simulated_literature_informed,TissueLab literature-informed simulator v0.1,,2026,"Generated from published directional relationships, not a real experiment.",[]
fibrin,enzymatic,articular_chondrocyte,human,3D_encapsulation,TGF_b3,RGD,4.3,15.96,86.4,11.1,21.0,4.9,1,1.0,99.96487916931302,70.40055595822487,100.0,100.0,sim-0487,simulated_literature_informed,TissueLab literature-informed simulator v0.1,,2026,"Generated from published directional relationships, not a real experiment.",[]
gelatin_alginate,ionic,articular_chondrocyte,bovine,3D_encapsulation,TGF_b3,native,5.36,9.69,89.8,16.1,28.0,12.68,2,1.0,100.0,73.16497951633836,94.95230267009353,90.1676520461461,sim-0488,simulated_literature_informed,TissueLab literature-informed simulator v0.1,,2026,"Generated from published directional relationships, not a real experiment.",[]
agarose,thermal,articular_chondrocyte,human,3D_encapsulation,TGF_b1,none,2.16,8.71,93.9,111.1,28.0,7.43,1,0.0,90.72152586865775,58.01741896933656,88.5887941492139,61.16827019294415,sim-0489,simulated_literature_informed,TissueLab literature-informed simulator v0.1,,2026,"Generated from published directional relationships, not a real experiment.",[]
gelatin_alginate,ionic,articular_chondrocyte,human,3D_encapsulation,TGF_b3,MMP_degradable,2.93,6.77,85.5,12.2,14.0,4.72,2,1.0,98.94361078692492,79.9932056026234,81.63031113806886,80.62352456627141,sim-0490,simulated_literature_informed,TissueLab literature-informed simulator v0.1,,2026,"Generated from published directional relationships, not a real experiment.",[]
collagen,chemical,articular_chondrocyte,human,3D_encapsulation,none,MMP_degradable,2.85,8.36,84.7,7.7,28.0,5.17,5,1.0,98.19646785689264,65.336340284118,39.630606842062825,42.678349461124306,sim-0491,simulated_literature_informed,TissueLab literature-informed simulator v0.1,,2026,"Generated from published directional relationships, not a real experiment.",[]
collagen,chemical,articular_chondrocyte,human,3D_encapsulation,none,native,11.22,22.24,72.6,26.7,14.0,8.42,2,1.0,97.56595481292385,56.148468882606096,100.0,73.82600581567137,sim-0492,simulated_literature_informed,TissueLab literature-informed simulator v0.1,,2026,"Generated from published directional relationships, not a real experiment.",[]
silk_fibrin,enzymatic,articular_chondrocyte,human,3D_encapsulation,TGF_b3,native,9.03,49.85,85.2,18.8,7.0,3.26,5,1.0,100.0,60.552707896962765,96.05130328952018,81.05182201941206,sim-0493,simulated_literature_informed,TissueLab literature-informed simulator v0.1,,2026,"Generated from published directional relationships, not a real experiment.",[]
fibrin,enzymatic,MSC,bovine,3D_encapsulation,none,native,7.69,22.62,81.5,16.2,14.0,8.84,2,1.0,98.52636422321864,64.47454512993099,100.0,84.91217741866419,sim-0494,simulated_literature_informed,TissueLab literature-informed simulator v0.1,,2026,"Generated from published directional relationships, not a real experiment.",[]
chitosan_HA,chemical,MSC,human,3D_encapsulation,none,native,4.25,61.52,81.8,19.5,28.0,1.33,0,0.5,91.26001743551306,66.0549346288798,62.65450335567965,62.60882569753754,sim-0495,simulated_literature_informed,TissueLab literature-informed simulator v0.1,,2026,"Generated from published directional relationships, not a real experiment.",[]
agarose,thermal,articular_chondrocyte,bovine,2D,TGF_b3,native,4.82,19.97,85.3,12.0,14.0,2.62,2,0.0,92.99504094686712,51.6197627121063,88.04389236054733,60.84132615597131,sim-0496,simulated_literature_informed,TissueLab literature-informed simulator v0.1,,2026,"Generated from published directional relationships, not a real experiment.",[]
PEG,photocrosslink,articular_chondrocyte,human,3D_bioprint,TGF_b3,none,3.24,33.98,85.1,90.9,14.0,7.62,3,0.0,73.55248883095874,33.0045645939704,81.1974795598417,62.8179398094109,sim-0497,simulated_literature_informed,TissueLab literature-informed simulator v0.1,,2026,"Generated from published directional relationships, not a real experiment.",[]
collagen,chemical,articular_chondrocyte,porcine,3D_encapsulation,none,RGD,8.46,20.56,82.1,9.4,28.0,2.01,2,1.0,92.03861403900312,60.29753824518523,86.31938914044905,76.20749962496996,sim-0498,simulated_literature_informed,TissueLab literature-informed simulator v0.1,,2026,"Generated from published directional relationships, not a real experiment.",[]
alginate,ionic,MSC,human,3D_bioprint,none,none,3.05,17.65,91.3,235.9,14.0,0.87,2,0.0,90.24807231280619,46.59572146709247,96.25404275702593,57.04179427782259,sim-0499,simulated_literature_informed,TissueLab literature-informed simulator v0.1,,2026,"Generated from published directional relationships, not a real experiment.",[]
alginate,ionic,articular_chondrocyte,bovine,3D_encapsulation,none,none,4.19,13.58,95.0,297.1,14.0,9.37,1,0.0,95.75241700253518,45.37127621596194,100.0,57.783986289853964,sim-0500,simulated_literature_informed,TissueLab literature-informed simulator v0.1,,2026,"Generated from published directional relationships, not a real experiment.",[]
collagen,chemical,articular_chondrocyte,human,3D_encapsulation,TGF_b3,MMP_degradable,3.9,9.11,89.3,34.1,14.0,4.69,2,1.0,100.0,81.02871867908247,74.7264312116853,61.80595345447807,sim-0501,simulated_literature_informed,TissueLab literature-informed simulator v0.1,,2026,"Generated from published directional relationships, not a real experiment.",[]
PEG,photocrosslink,MSC,human,3D_encapsulation,TGF_b3,RGD,4.35,21.96,88.1,10.5,21.0,10.77,2,1.0,81.3614526387767,55.94939642495008,100.0,85.90533252327275,sim-0502,simulated_literature_informed,TissueLab literature-informed simulator v0.1,,2026,"Generated from published directional relationships, not a real experiment.",[]
PEG_dextran,chemical,articular_chondrocyte,bovine,3D_encapsulation,TGF_b3,native,11.22,58.78,68.4,17.6,14.0,5.47,4,0.0,27.648916471036465,36.93388046440638,34.44960864767946,44.86515136099458,sim-0503,simulated_literature_informed,TissueLab literature-informed simulator v0.1,,2026,"Generated from published directional relationships, not a real experiment.",[]
PEG,photocrosslink,articular_chondrocyte,porcine,3D_bioprint,TGF_b3,native,5.06,39.33,89.5,10.1,14.0,5.24,2,0.0,71.53473242685922,41.86067459054115,87.63439105658848,75.41133441832064,sim-0504,simulated_literature_informed,TissueLab literature-informed simulator v0.1,,2026,"Generated from published directional relationships, not a real experiment.",[]
agarose,thermal,articular_chondrocyte,human,3D_bioprint,none,none,7.36,65.32,81.0,225.5,7.0,4.74,2,0.0,83.00004661022248,44.98826355647075,79.08280023825964,43.14753615163543,sim-0505,simulated_literature_informed,TissueLab literature-informed simulator v0.1,,2026,"Generated from published directional relationships, not a real experiment.",[]
GelMA,photocrosslink,articular_chondrocyte,bovine,3D_encapsulation,none,native,9.09,31.75,79.6,7.4,21.0,3.08,2,1.0,96.82072861437895,64.41935344354599,90.10606175606809,71.99923794233773,sim-0506,simulated_literature_informed,TissueLab literature-informed simulator v0.1,,2026,"Generated from published directional relationships, not a real experiment.",[]
alginate,ionic,articular_chondrocyte,rabbit,3D_bioprint,TGF_b1,none,3.46,10.26,88.6,113.6,21.0,3.79,2,0.0,96.51969203238501,44.26582587955239,100.0,66.18622593909899,sim-0507,simulated_literature_informed,TissueLab literature-informed simulator v0.1,,2026,"Generated from published directional relationships, not a real experiment.",[]
HA,photocrosslink,MSC,bovine,3D_encapsulation,none,MMP_degradable,2.79,5.82,91.4,8.7,14.0,6.03,4,0.7,92.41368295982133,73.8057643665172,46.668200390023785,57.817094986951645,sim-0508,simulated_literature_informed,TissueLab literature-informed simulator v0.1,,2026,"Generated from published directional relationships, not a real experiment.",[]
PEG,photocrosslink,articular_chondrocyte,human,3D_encapsulation,TGF_b1,none,10.55,441.72,68.7,80.0,42.0,3.97,2,0.0,57.84797810320136,42.53061954577544,55.199272741984885,58.36474521559175,sim-0509,simulated_literature_informed,TissueLab literature-informed simulator v0.1,,2026,"Generated from published directional relationships, not a real experiment.",[]
collagen,chemical,articular_chondrocyte,rabbit,3D_encapsulation,none,native,2.58,6.46,97.0,9.5,14.0,1.7,5,1.0,100.0,64.35423076294597,26.852890846705755,30.847632077910415,sim-0510,simulated_literature_informed,TissueLab literature-informed simulator v0.1,,2026,"Generated from published directional relationships, not a real experiment.",[]
collagen,chemical,articular_chondrocyte,porcine,3D_encapsulation,none,native,3.98,5.77,82.5,21.1,14.0,3.16,1,1.0,100.0,83.05298794672024,52.929340146341595,43.076064584978546,sim-0511,simulated_literature_informed,TissueLab literature-informed simulator v0.1,,2026,"Generated from published directional relationships, not a real experiment.",[]
PEG,photocrosslink,articular_chondrocyte,human,3D_encapsulation,none,native,4.22,21.6,92.2,6.5,7.0,10.31,3,0.0,72.9980098974996,34.814005901557806,70.20080773920412,51.36750228518105,sim-0512,simulated_literature_informed,TissueLab literature-informed simulator v0.1,,2026,"Generated from published directional relationships, not a real experiment.",[]
PEG,photocrosslink,articular_chondrocyte,human,3D_encapsulation,TGF_b3,native,3.96,30.38,84.5,197.8,14.0,0.88,1,0.0,69.65508561136159,35.072067719859284,94.70648417348663,57.60957464074561,sim-0513,simulated_literature_informed,TissueLab literature-informed simulator v0.1,,2026,"Generated from published directional relationships, not a real experiment.",[]
chitosan_HA,chemical,MSC,bovine,3D_encapsulation,none,MMP_degradable,4.4,116.45,89.4,12.7,42.0,2.22,3,0.5,89.56711452151569,48.20144755358566,47.55566993307991,59.86827493757941,sim-0514,simulated_literature_informed,TissueLab literature-informed simulator v0.1,,2026,"Generated from published directional relationships, not a real experiment.",[]
gelatin_alginate,ionic,articular_chondrocyte,human,3D_encapsulation,TGF_b1,MMP_degradable,2.33,5.87,88.9,30.4,21.0,3.46,2,1.0,100.0,76.31524791038646,76.76310891846887,82.03934298017715,sim-0515,simulated_literature_informed,TissueLab literature-informed simulator v0.1,,2026,"Generated from published directional relationships, not a real experiment.",[]
HA,photocrosslink,articular_chondrocyte,bovine,2D,none,RGD,4.58,12.36,90.6,13.0,21.0,3.63,2,1.0,99.50633934047177,79.4988536311554,72.06597203563018,38.917885210910924,sim-0516,simulated_literature_informed,TissueLab literature-informed simulator v0.1,,2026,"Generated from published directional relationships, not a real experiment.",[]
PEG_dextran,chemical,articular_chondrocyte,bovine,3D_bioprint,none,native,10.59,91.91,61.7,217.3,28.0,1.89,3,0.0,17.561483513550765,39.75363592332252,14.993295021578772,7.137138015562289,sim-0517,simulated_literature_informed,TissueLab literature-informed simulator v0.1,,2026,"Generated from published directional relationships, not a real experiment.",[]
collagen,chemical,MSC,human,3D_encapsulation,TGF_b3,native,9.35,21.85,75.6,31.3,21.0,3.45,1,1.0,99.47767497497864,73.77223822232195,100.0,93.12658760404184,sim-0518,simulated_literature_informed,TissueLab literature-informed simulator v0.1,,2026,"Generated from published directional relationships, not a real experiment.",[]
gelatin_alginate,ionic,articular_chondrocyte,rabbit,3D_encapsulation,TGF_b3,MMP_degradable,6.02,14.69,86.0,38.7,7.0,6.88,2,1.0,100.0,74.49586342304862,100.0,79.7405284672638,sim-0519,simulated_literature_informed,TissueLab literature-informed simulator v0.1,,2026,"Generated from published directional relationships, not a real experiment.",[]
chitosan_HA,chemical,articular_chondrocyte,human,3D_encapsulation,none,MMP_degradable,3.86,112.05,89.7,10.9,7.0,4.31,0,0.5,84.29914915427175,60.49757614866859,71.05357032208784,54.80057782482829,sim-0520,simulated_literature_informed,TissueLab literature-informed simulator v0.1,,2026,"Generated from published directional relationships, not a real experiment.",[]
silk_fibrin,enzymatic,MSC,bovine,3D_encapsulation,TGF_b3,MMP_degradable,5.33,30.21,85.7,7.7,28.0,1.71,3,1.0,100.0,68.6323027538118,100.0,100.0,sim-0521,simulated_literature_informed,TissueLab literature-informed simulator v0.1,,2026,"Generated from published directional relationships, not a real experiment.",[]
silk_fibrin,enzymatic,MSC,human,3D_encapsulation,TGF_b3,native,5.55,22.38,81.7,16.8,14.0,7.54,3,1.0,96.51726708987813,68.46892440573697,100.0,100.0,sim-0522,simulated_literature_informed,TissueLab literature-informed simulator v0.1,,2026,"Generated from published directional relationships, not a real experiment.",[]
alginate,ionic,articular_chondrocyte,bovine,3D_encapsulation,none,RGD,4.79,11.97,90.4,80.0,14.0,1.81,2,1.0,99.51854121590141,58.940433682438616,90.64693570102662,66.68990524985459,sim-0523,simulated_literature_informed,TissueLab literature-informed simulator v0.1,,2026,"Generated from published directional relationships, not a real experiment.",[]
gelatin_alginate,ionic,articular_chondrocyte,porcine,3D_encapsulation,TGF_b3,native,4.98,8.84,94.3,46.1,21.0,2.97,4,1.0,95.66279498494697,66.23229097910446,78.622294319771,64.30206570668051,sim-0524,simulated_literature_informed,TissueLab literature-informed simulator v0.1,,2026,"Generated from published directional relationships, not a real experiment.",[]
chitosan_HA,chemical,articular_chondrocyte,human,2D,none,native,5.37,184.16,83.8,25.5,7.0,4.88,2,0.5,97.01808587145788,81.74241684617405,41.631588473040196,13.513890306858636,sim-0525,simulated_literature_informed,TissueLab literature-informed simulator v0.1,,2026,"Generated from published directional relationships, not a real experiment.",[]
PEG,photocrosslink,articular_chondrocyte,bovine,3D_encapsulation,TGF_b1,native,4.36,53.58,80.9,256.7,14.0,3.44,1,0.0,67.73673099090026,49.852680002266915,69.57442966941632,46.89887261632698,sim-0526,simulated_literature_informed,TissueLab literature-informed simulator v0.1,,2026,"Generated from published directional relationships, not a real experiment.",[]
chitosan_HA,chemical,MSC,human,3D_bioprint,TGF_b3,RGD,2.55,30.21,86.4,28.4,21.0,22.86,2,1.0,93.49218679782125,58.45774721679707,100.0,100.0,sim-0527,simulated_literature_informed,TissueLab literature-informed simulator v0.1,,2026,"Generated from published directional relationships, not a real experiment.",[]
silk_fibrin,enzymatic,articular_chondrocyte,human,3D_encapsulation,TGF_b3,MMP_degradable,3.57,12.8,97.0,5.5,14.0,3.9,2,1.0,100.0,69.4417391080293,100.0,97.1929939220674,sim-0528,simulated_literature_informed,TissueLab literature-informed simulator v0.1,,2026,"Generated from published directional relationships, not a real experiment.",[]
silk_fibrin,enzymatic,articular_chondrocyte,human,3D_encapsulation,none,native,8.8,29.25,76.8,6.4,42.0,12.29,1,1.0,100.0,46.479619434241194,100.0,94.56223086551844,sim-0529,simulated_literature_informed,TissueLab literature-informed simulator v0.1,,2026,"Generated from published directional relationships, not a real experiment.",[]
collagen,chemical,articular_chondrocyte,human,3D_encapsulation,none,MMP_degradable,3.32,8.81,89.6,12.8,28.0,7.63,4,1.0,97.52859405250197,59.62085441557088,50.89505743847649,61.087598118528646,sim-0530,simulated_literature_informed,TissueLab literature-informed simulator v0.1,,2026,"Generated from published directional relationships, not a real experiment.",[]
collagen,chemical,articular_chondrocyte,human,3D_encapsulation,none,native,10.6,18.76,85.1,37.3,21.0,3.92,2,1.0,94.26836616330448,60.381696934363255,96.94734189464431,63.55857560611457,sim-0531,simulated_literature_informed,TissueLab literature-informed simulator v0.1,,2026,"Generated from published directional relationships, not a real experiment.",[]
alginate,ionic,articular_chondrocyte,bovine,3D_bioprint,TGF_b1,none,12.78,37.85,75.9,201.4,21.0,3.66,3,0.0,86.6025117415245,29.21723120048718,100.0,80.73095314526597,sim-0532,simulated_literature_informed,TissueLab literature-informed simulator v0.1,,2026,"Generated from published directional relationships, not a real experiment.",[]
silk_fibrin,enzymatic,articular_chondrocyte,human,2D,TGF_b1,MMP_degradable,10.96,65.74,78.1,18.0,14.0,5.94,2,1.0,100.0,92.26701191130793,80.51758570744735,56.03618419342024,sim-0533,simulated_literature_informed,TissueLab literature-informed simulator v0.1,,2026,"Generated from published directional relationships, not a real experiment.",[]
PEG_dextran,chemical,articular_chondrocyte,human,3D_encapsulation,TGF_b3,native,7.44,49.69,72.7,231.3,28.0,2.71,5,0.0,24.185244485455996,27.994528173032162,32.24754597005685,29.390645764880915,sim-0534,simulated_literature_informed,TissueLab literature-informed simulator v0.1,,2026,"Generated from published directional relationships, not a real experiment.",[]
agarose,thermal,articular_chondrocyte,bovine,3D_encapsulation,none,none,4.42,26.32,90.7,104.3,14.0,2.82,2,0.0,86.87905538140238,32.60296542616592,97.5631813617143,51.008460412708274,sim-0535,simulated_literature_informed,TissueLab literature-informed simulator v0.1,,2026,"Generated from published directional relationships, not a real experiment.",[]
GelMA,photocrosslink,articular_chondrocyte,human,3D_encapsulation,TGF_b3,MMP_degradable,6.48,26.49,85.0,14.4,21.0,5.14,5,1.0,98.95909720641149,47.58835168771465,93.90561975411289,100.0,sim-0536,simulated_literature_informed,TissueLab literature-informed simulator v0.1,,2026,"Generated from published directional relationships, not a real experiment.",[]
alginate,ionic,MSC,human,3D_encapsulation,TGF_b3,native,4.29,10.92,88.0,186.3,21.0,4.9,3,0.0,96.34863946316948,52.646768216394165,100.0,72.07591047774451,sim-0537,simulated_literature_informed,TissueLab literature-informed simulator v0.1,,2026,"Generated from published directional relationships, not a real experiment.",[]
silk_fibrin,enzymatic,articular_chondrocyte,human,3D_encapsulation,none,MMP_degradable,1.52,4.72,91.7,14.6,14.0,17.73,5,1.0,98.48441116160397,72.0955212265805,48.78671651727328,62.88387684935029,sim-0538,simulated_literature_informed,TissueLab literature-informed simulator v0.1,,2026,"Generated from published directional relationships, not a real experiment.",[]
silk_fibrin,enzymatic,MSC,bovine,3D_encapsulation,TGF_b3,native,8.13,30.45,92.2,9.8,21.0,6.09,2,1.0,91.08322912394192,67.31530529771767,100.0,100.0,sim-0539,simulated_literature_informed,TissueLab literature-informed simulator v0.1,,2026,"Generated from published directional relationships, not a real experiment.",[]
GelMA,photocrosslink,MSC,bovine,3D_encapsulation,TGF_b3,MMP_degradable,1.51,5.87,95.0,15.2,7.0,2.37,2,1.0,97.88332749232328,100.0,85.0282448433144,72.39098118256521,sim-0540,simulated_literature_informed,TissueLab literature-informed simulator v0.1,,2026,"Generated from published directional relationships, not a real experiment.",[]
alginate,ionic,articular_chondrocyte,human,3D_encapsulation,none,none,5.96,29.58,89.4,246.3,28.0,1.38,2,0.0,88.80764725830497,24.718756989066033,100.0,74.43078856380772,sim-0541,simulated_literature_informed,TissueLab literature-informed simulator v0.1,,2026,"Generated from published directional relationships, not a real experiment.",[]
silk_fibrin,enzymatic,articular_chondrocyte,bovine,3D_encapsulation,none,MMP_degradable,3.67,9.08,94.7,6.6,7.0,3.93,3,1.0,93.10342741060072,71.51598481551682,80.58410233603584,64.68121458578001,sim-0542,simulated_literature_informed,TissueLab literature-informed simulator v0.1,,2026,"Generated from published directional relationships, not a real experiment.",[]
chitosan_HA,chemical,articular_chondrocyte,porcine,3D_encapsulation,none,MMP_degradable,4.59,149.49,87.8,18.3,21.0,2.01,1,0.5,87.74525178060826,57.14474266726143,77.7260200165077,67.67396380703458,sim-0543,simulated_literature_informed,TissueLab literature-informed simulator v0.1,,2026,"Generated from published directional relationships, not a real experiment.",[]
collagen,chemical,articular_chondrocyte,human,3D_encapsulation,TGF_b1,MMP_degradable,2.28,6.47,92.8,5.4,21.0,4.54,0,1.0,100.0,80.4873334662101,66.43130870610011,56.89073933722256,sim-0544,simulated_literature_informed,TissueLab literature-informed simulator v0.1,,2026,"Generated from published directional relationships, not a real experiment.",[]
collagen,chemical,MSC,rabbit,3D_encapsulation,none,MMP_degradable,5.37,10.19,85.3,11.1,14.0,2.37,2,1.0,98.0681433262692,76.75920614424133,48.80001196699367,60.39898926763473,sim-0545,simulated_literature_informed,TissueLab literature-informed simulator v0.1,,2026,"Generated from published directional relationships, not a real experiment.",[]
agarose,thermal,articular_chondrocyte,porcine,3D_encapsulation,none,none,4.41,38.03,93.9,254.8,21.0,5.2,2,0.0,87.18516162064594,36.264199807382404,100.0,58.11533264577325,sim-0546,simulated_literature_informed,TissueLab literature-informed simulator v0.1,,2026,"Generated from published directional relationships, not a real experiment.",[]
GelMA,photocrosslink,MSC,human,3D_encapsulation,TGF_b3,RGD,5.69,18.76,81.1,12.8,21.0,1.72,2,1.0,100.0,73.48172026165204,100.0,100.0,sim-0547,simulated_literature_informed,TissueLab literature-informed simulator v0.1,,2026,"Generated from published directional relationships, not a real experiment.",[]
agarose,thermal,articular_chondrocyte,human,3D_encapsulation,none,native,4.58,19.71,86.5,311.2,21.0,3.29,2,0.0,95.91176474196905,30.00200626741489,96.80127482505169,56.42465062739474,sim-0548,simulated_literature_informed,TissueLab literature-informed simulator v0.1,,2026,"Generated from published directional relationships, not a real experiment.",[]
alginate,ionic,MSC,human,2D,TGF_b3,none,5.69,32.03,88.0,232.4,21.0,10.79,3,0.0,98.81882628499892,62.193932435666035,99.99398708819932,43.4471833118748,sim-0549,simulated_literature_informed,TissueLab literature-informed simulator v0.1,,2026,"Generated from published directional relationships, not a real experiment.",[]
PEG,photocrosslink,MSC,bovine,3D_encapsulation,none,RGD,4.47,23.98,91.3,186.0,7.0,2.03,1,1.0,86.73992438829228,56.72924557540087,61.351991910176096,33.815675127959025,sim-0550,simulated_literature_informed,TissueLab literature-informed simulator v0.1,,2026,"Generated from published directional relationships, not a real experiment.",[]
HA,photocrosslink,articular_chondrocyte,rabbit,3D_encapsulation,TGF_b1,RGD,5.46,10.04,83.0,6.0,21.0,4.28,3,1.0,95.65129121055273,70.29488635253647,98.37360780228927,79.40805461413956,sim-0551,simulated_literature_informed,TissueLab literature-informed simulator v0.1,,2026,"Generated from published directional relationships, not a real experiment.",[]
fibrin,enzymatic,articular_chondrocyte,bovine,3D_encapsulation,TGF_b3,MMP_degradable,4.48,17.05,88.6,6.7,21.0,5.85,1,1.0,100.0,67.78377426692526,100.0,99.58172254973165,sim-0552,simulated_literature_informed,TissueLab literature-informed simulator v0.1,,2026,"Generated from published directional relationships, not a real experiment.",[]
PEG,photocrosslink,articular_chondrocyte,bovine,2D,none,native,9.43,74.85,78.9,80.0,28.0,3.22,4,0.0,76.67563976242548,53.962244165080754,14.800623494195019,0.0,sim-0553,simulated_literature_informed,TissueLab literature-informed simulator v0.1,,2026,"Generated from published directional relationships, not a real experiment.",[]
agarose,thermal,MSC,bovine,3D_bioprint,TGF_b1,native,4.68,17.11,86.6,9.1,7.0,6.02,1,0.0,85.26004802882017,46.852054567494726,100.0,89.40869323658494,sim-0554,simulated_literature_informed,TissueLab literature-informed simulator v0.1,,2026,"Generated from published directional relationships, not a real experiment.",[]
collagen,chemical,articular_chondrocyte,rabbit,3D_encapsulation,none,native,3.68,6.86,87.4,18.9,21.0,2.97,2,1.0,99.52750281503116,73.3923573876278,50.00331496313325,42.313892276714824,sim-0555,simulated_literature_informed,TissueLab literature-informed simulator v0.1,,2026,"Generated from published directional relationships, not a real experiment.",[]
chitosan_HA,chemical,articular_chondrocyte,bovine,3D_encapsulation,none,RGD,4.31,76.44,82.3,10.5,14.0,9.35,2,1.0,78.72999528930157,63.85146949748196,87.91246331262539,68.16721037590011,sim-0556,simulated_literature_informed,TissueLab literature-informed simulator v0.1,,2026,"Generated from published directional relationships, not a real experiment.",[]
fibrin,enzymatic,MSC,bovine,3D_encapsulation,none,native,13.15,46.71,72.3,16.7,21.0,5.03,4,1.0,94.60838730059939,63.3336450694741,66.30760674397696,63.08044300807382,sim-0557,simulated_literature_informed,TissueLab literature-informed simulator v0.1,,2026,"Generated from published directional relationships, not a real experiment.",[]
PEG_dextran,chemical,articular_chondrocyte,bovine,3D_bioprint,TGF_b1,native,3.65,16.69,75.0,14.6,7.0,4.43,3,0.0,30.990503136629542,36.58008778268085,41.12445293591889,51.0747732765744,sim-0558,simulated_literature_informed,TissueLab literature-informed simulator v0.1,,2026,"Generated from published directional relationships, not a real experiment.",[]
PEG,photocrosslink,articular_chondrocyte,human,3D_encapsulation,TGF_b3,MMP_degradable,2.54,15.63,90.2,30.1,21.0,4.69,3,0.0,79.11102228087626,35.02433359059929,74.82884870169764,79.13783198052445,sim-0559,simulated_literature_informed,TissueLab literature-informed simulator v0.1,,2026,"Generated from published directional relationships, not a real experiment.",[]
GelMA,photocrosslink,articular_chondrocyte,human,3D_encapsulation,none,native,4.05,10.51,88.5,28.1,21.0,4.65,3,1.0,93.9709113078227,59.59740215636366,71.6336760627062,58.818930023997844,sim-0560,simulated_literature_informed,TissueLab literature-informed simulator v0.1,,2026,"Generated from published directional relationships, not a real experiment.",[]
chitosan_HA,chemical,MSC,human,3D_encapsulation,TGF_b1,native,6.73,44.22,82.1,18.0,28.0,4.97,2,0.5,79.89774300126726,59.88037348730721,97.81656585074103,99.07101114994425,sim-0561,simulated_literature_informed,TissueLab literature-informed simulator v0.1,,2026,"Generated from published directional relationships, not a real experiment.",[]
silk_fibrin,enzymatic,MSC,bovine,3D_encapsulation,none,native,2.37,10.37,89.5,10.8,14.0,7.05,2,1.0,97.96047745797006,81.85405928285623,79.89696450368065,60.68500106510473,sim-0562,simulated_literature_informed,TissueLab literature-informed simulator v0.1,,2026,"Generated from published directional relationships, not a real experiment.",[]
collagen,chemical,articular_chondrocyte,human,3D_encapsulation,TGF_b1,RGD,7.23,12.56,78.4,8.3,28.0,2.57,2,1.0,99.0009790467079,72.38747603515287,83.2906285496851,81.60878449396252,sim-0563,simulated_literature_informed,TissueLab literature-informed simulator v0.1,,2026,"Generated from published directional relationships, not a real experiment.",[]
collagen,chemical,MSC,porcine,3D_encapsulation,none,native,3.9,11.54,88.6,19.7,7.0,1.75,0,1.0,95.03540830447521,83.12116869128748,53.17223273245824,47.61026050198244,sim-0564,simulated_literature_informed,TissueLab literature-informed simulator v0.1,,2026,"Generated from published directional relationships, not a real experiment.",[]
HA,photocrosslink,articular_chondrocyte,human,2D,none,native,4.99,11.15,91.2,8.8,28.0,1.19,2,0.7,100.0,79.8951022094833,69.53742866219174,47.73654344732737,sim-0565,simulated_literature_informed,TissueLab literature-informed simulator v0.1,,2026,"Generated from published directional relationships, not a real experiment.",[]
GelMA,photocrosslink,MSC,bovine,2D,TGF_b3,native,1.08,4.23,97.0,8.2,28.0,1.85,2,1.0,100.0,100.0,45.13830118954593,34.887959295718886,sim-0566,simulated_literature_informed,TissueLab literature-informed simulator v0.1,,2026,"Generated from published directional relationships, not a real experiment.",[]
agarose,thermal,articular_chondrocyte,porcine,3D_encapsulation,TGF_b3,native,5.57,22.02,88.4,194.9,21.0,12.32,2,0.0,92.61385387410922,33.43872213436785,100.0,83.50592887179603,sim-0567,simulated_literature_informed,TissueLab literature-informed simulator v0.1,,2026,"Generated from published directional relationships, not a real experiment.",[]
gelatin_alginate,ionic,MSC,human,2D,none,native,2.89,8.06,95.4,14.3,21.0,9.61,3,1.0,100.0,89.42317094122528,28.825191308807714,19.074824322600882,sim-0568,simulated_literature_informed,TissueLab literature-informed simulator v0.1,,2026,"Generated from published directional relationships, not a real experiment.",[]
chitosan_HA,chemical,articular_chondrocyte,porcine,3D_encapsulation,TGF_b3,RGD,5.56,61.4,84.7,3.7,21.0,2.86,2,1.0,84.58297832410148,68.40425401385026,84.620607427304,62.683310990496906,sim-0569,simulated_literature_informed,TissueLab literature-informed simulator v0.1,,2026,"Generated from published directional relationships, not a real experiment.",[]
GelMA,photocrosslink,articular_chondrocyte,human,3D_encapsulation,none,MMP_degradable,6.01,15.92,89.9,8.7,21.0,5.13,3,1.0,100.0,56.78081756240529,83.39684200074042,82.95407657647148,sim-0570,simulated_literature_informed,TissueLab literature-informed simulator v0.1,,2026,"Generated from published directional relationships, not a real experiment.",[]
silk_fibrin,enzymatic,articular_chondrocyte,bovine,3D_encapsulation,TGF_b1,MMP_degradable,6.09,26.71,82.7,26.4,21.0,4.87,2,1.0,93.09340064656952,61.292935507900026,100.0,100.0,sim-0571,simulated_literature_informed,TissueLab literature-informed simulator v0.1,,2026,"Generated from published directional relationships, not a real experiment.",[]
alginate,ionic,MSC,rabbit,2D,TGF_b1,none,3.99,23.02,90.6,168.4,14.0,3.71,3,0.0,90.55218484220828,57.653596232968646,89.68219802975337,39.80780157075836,sim-0572,simulated_literature_informed,TissueLab literature-informed simulator v0.1,,2026,"Generated from published directional relationships, not a real experiment.",[]
gelatin_alginate,ionic,articular_chondrocyte,human,3D_encapsulation,none,native,5.59,16.61,79.2,22.5,14.0,2.56,1,1.0,100.0,61.72721799300514,91.35780614754644,71.84738085962641,sim-0573,simulated_literature_informed,TissueLab literature-informed simulator v0.1,,2026,"Generated from published directional relationships, not a real experiment.",[]
PEG,photocrosslink,articular_chondrocyte,human,3D_encapsulation,TGF_b3,native,3.24,18.14,91.3,12.5,14.0,6.25,3,0.0,74.4381371076075,33.849563949421416,74.48404068002105,73.74998297006027,sim-0574,simulated_literature_informed,TissueLab literature-informed simulator v0.1,,2026,"Generated from published directional relationships, not a real experiment.",[]
PEG,photocrosslink,articular_chondrocyte,human,3D_bioprint,none,native,3.71,24.11,90.8,11.3,14.0,1.8,3,0.0,74.93461457172185,25.9962661290512,69.2357460528487,63.258898746529766,sim-0575,simulated_literature_informed,TissueLab literature-informed simulator v0.1,,2026,"Generated from published directional relationships, not a real experiment.",[]
PEG_dextran,chemical,articular_chondrocyte,human,3D_bioprint,none,RGD,2.9,9.61,89.4,316.5,21.0,7.16,2,1.0,48.57386367546738,54.89495022973061,29.05438108279495,19.08196473085495,sim-0576,simulated_literature_informed,TissueLab literature-informed simulator v0.1,,2026,"Generated from published directional relationships, not a real experiment.",[]
silk_fibrin,enzymatic,MSC,porcine,3D_encapsulation,TGF_b3,native,7.49,42.56,81.4,31.2,28.0,1.61,2,1.0,94.94645727750701,68.35850066360041,100.0,100.0,sim-0577,simulated_literature_informed,TissueLab literature-informed simulator v0.1,,2026,"Generated from published directional relationships, not a real experiment.",[]
gelatin_alginate,ionic,articular_chondrocyte,human,2D,none,MMP_degradable,5.73,8.94,88.7,3.2,7.0,11.49,2,1.0,100.0,92.84442105452857,58.22894093593698,11.36193918081683,sim-0578,simulated_literature_informed,TissueLab literature-informed simulator v0.1,,2026,"Generated from published directional relationships, not a real experiment.",[]
PEG_dextran,chemical,articular_chondrocyte,bovine,3D_bioprint,none,native,4.9,40.97,84.7,20.0,14.0,4.34,3,0.0,32.246843696871004,33.43625340988447,28.652768089074094,43.36377490842732,sim-0579,simulated_literature_informed,TissueLab literature-informed simulator v0.1,,2026,"Generated from published directional relationships, not a real experiment.",[]
gelatin_alginate,ionic,articular_chondrocyte,human,3D_encapsulation,none,native,4.92,15.88,85.9,22.4,21.0,1.98,2,1.0,94.6431369254193,65.72300688757583,89.76321270263968,74.1342177294291,sim-0580,simulated_literature_informed,TissueLab literature-informed simulator v0.1,,2026,"Generated from published directional relationships, not a real experiment.",[]
silk_fibrin,enzymatic,articular_chondrocyte,human,3D_encapsulation,TGF_b3,native,13.68,76.0,70.7,10.8,21.0,11.72,3,1.0,93.11974627021819,63.667592605450274,100.0,81.2546201884982,sim-0581,simulated_literature_informed,TissueLab literature-informed simulator v0.1,,2026,"Generated from published directional relationships, not a real experiment.",[]
PEG,photocrosslink,articular_chondrocyte,bovine,2D,TGF_b3,MMP_degradable,4.28,24.63,84.8,5.3,14.0,4.35,2,0.0,78.91213710353273,52.874054255620045,66.78428991457241,46.31557695637846,sim-0582,simulated_literature_informed,TissueLab literature-informed simulator v0.1,,2026,"Generated from published directional relationships, not a real experiment.",[]
gelatin_alginate,ionic,articular_chondrocyte,human,2D,none,MMP_degradable,13.3,23.01,72.2,15.4,21.0,11.73,3,1.0,97.00364442848934,66.91355179301061,70.26750064457715,59.58917190950458,sim-0583,simulated_literature_informed,TissueLab literature-informed simulator v0.1,,2026,"Generated from published directional relationships, not a real experiment.",[]
silk_fibrin,enzymatic,articular_chondrocyte,human,3D_encapsulation,none,native,1.76,8.91,86.7,13.3,14.0,2.58,2,1.0,96.81124221426553,70.940462932374,81.10716988129401,63.20435369098759,sim-0584,simulated_literature_informed,TissueLab literature-informed simulator v0.1,,2026,"Generated from published directional relationships, not a real experiment.",[]
silk_fibrin,enzymatic,articular_chondrocyte,human,3D_bioprint,none,native,8.13,35.53,78.1,10.0,21.0,9.26,3,1.0,100.0,55.81728629893661,100.0,94.06343402864192,sim-0585,simulated_literature_informed,TissueLab literature-informed simulator v0.1,,2026,"Generated from published directional relationships, not a real experiment.",[]
chitosan_HA,chemical,articular_chondrocyte,human,3D_encapsulation,TGF_b3,native,5.03,105.24,79.6,12.0,7.0,2.66,2,0.5,96.47704351522087,65.31609684408755,86.11636758321858,64.61709461991302,sim-0586,simulated_literature_informed,TissueLab literature-informed simulator v0.1,,2026,"Generated from published directional relationships, not a real experiment.",[]
GelMA,photocrosslink,articular_chondrocyte,bovine,3D_encapsulation,none,RGD,2.15,7.12,94.3,15.5,14.0,2.93,0,1.0,100.0,77.50774291545191,60.04926128177432,44.50386087229981,sim-0587,simulated_literature_informed,TissueLab literature-informed simulator v0.1,,2026,"Generated from published directional relationships, not a real experiment.",[]
PEG,photocrosslink,articular_chondrocyte,bovine,3D_encapsulation,TGF_b1,native,3.78,46.48,78.8,35.4,21.0,2.7,4,0.0,74.28089591830145,33.677913464309526,61.55444797597499,53.547647750420275,sim-0588,simulated_literature_informed,TissueLab literature-informed simulator v0.1,,2026,"Generated from published directional relationships, not a real experiment.",[]
silk_fibrin,enzymatic,articular_chondrocyte,porcine,3D_encapsulation,TGF_b1,native,2.62,12.13,95.8,12.7,42.0,3.85,4,1.0,100.0,65.38997467641714,87.53218165007364,92.26173829863662,sim-0589,simulated_literature_informed,TissueLab literature-informed simulator v0.1,,2026,"Generated from published directional relationships, not a real experiment.",[]
alginate,ionic,articular_chondrocyte,human,3D_encapsulation,TGF_b3,native,7.08,27.9,82.4,129.9,21.0,2.95,0,0.0,79.65616942490652,37.60754971553237,100.0,87.2885650056753,sim-0590,simulated_literature_informed,TissueLab literature-informed simulator v0.1,,2026,"Generated from published directional relationships, not a real experiment.",[]
GelMA,photocrosslink,articular_chondrocyte,bovine,3D_encapsulation,none,native,6.77,12.57,86.4,3.5,14.0,11.16,1,1.0,93.92250628533385,67.15086377910639,90.13593131103731,42.771860114245754,sim-0591,simulated_literature_informed,TissueLab literature-informed simulator v0.1,,2026,"Generated from published directional relationships, not a real experiment.",[]
silk_fibrin,enzymatic,articular_chondrocyte,porcine,3D_encapsulation,TGF_b1,native,1.62,5.35,94.4,11.5,28.0,6.27,0,1.0,98.62597717984058,79.88795448611245,89.60828847416415,83.08266152752395,sim-0592,simulated_literature_informed,TissueLab literature-informed simulator v0.1,,2026,"Generated from published directional relationships, not a real experiment.",[]
alginate,ionic,articular_chondrocyte,porcine,3D_encapsulation,TGF_b3,none,10.8,35.89,79.5,197.5,28.0,26.74,2,0.0,85.326574969561,33.59004025338974,100.0,94.5981118495924,sim-0593,simulated_literature_informed,TissueLab literature-informed simulator v0.1,,2026,"Generated from published directional relationships, not a real experiment.",[]
PEG_dextran,chemical,MSC,rabbit,3D_encapsulation,none,RGD,4.78,26.37,74.8,43.9,21.0,3.37,5,1.0,35.62376648947717,36.69526559056129,10.040097089452589,21.966460367805247,sim-0594,simulated_literature_informed,TissueLab literature-informed simulator v0.1,,2026,"Generated from published directional relationships, not a real experiment.",[]
GelMA,photocrosslink,articular_chondrocyte,human,3D_encapsulation,TGF_b1,native,9.43,38.37,77.1,8.2,14.0,8.18,2,1.0,91.66919380597759,63.23354454800591,100.0,89.8291045330813,sim-0595,simulated_literature_informed,TissueLab literature-informed simulator v0.1,,2026,"Generated from published directional relationships, not a real experiment.",[]
gelatin_alginate,ionic,MSC,bovine,3D_bioprint,TGF_b3,MMP_degradable,6.14,11.49,87.2,17.5,21.0,6.22,5,1.0,94.5836362042485,66.88453989650444,88.47433336104952,83.71564903380806,sim-0596,simulated_literature_informed,TissueLab literature-informed simulator v0.1,,2026,"Generated from published directional relationships, not a real experiment.",[]
HA,photocrosslink,articular_chondrocyte,human,3D_encapsulation,none,MMP_degradable,10.66,19.24,82.2,14.7,14.0,19.08,4,0.7,98.43299234361734,43.40364986516285,100.0,94.22724547939431,sim-0597,simulated_literature_informed,TissueLab literature-informed simulator v0.1,,2026,"Generated from published directional relationships, not a real experiment.",[]
agarose,thermal,articular_chondrocyte,porcine,3D_encapsulation,TGF_b3,none,5.78,43.61,89.8,114.5,14.0,8.52,2,0.0,86.24229482097233,40.53231729624365,100.0,68.01151650129519,sim-0598,simulated_literature_informed,TissueLab literature-informed simulator v0.1,,2026,"Generated from published directional relationships, not a real experiment.",[]
alginate,ionic,MSC,bovine,3D_encapsulation,none,RGD,8.56,25.8,82.9,222.9,14.0,4.52,3,1.0,96.63233831766183,51.41620134183089,89.79801281585924,61.94049171238807,sim-0599,simulated_literature_informed,TissueLab literature-informed simulator v0.1,,2026,"Generated from published directional relationships, not a real experiment.",[]
gelatin_alginate,ionic,articular_chondrocyte,human,3D_bioprint,TGF_b3,native,8.72,27.66,76.8,7.7,21.0,9.43,2,1.0,97.42095722290303,59.01491450075298,100.0,92.04596682961947,sim-0600,simulated_literature_informed,TissueLab literature-informed simulator v0.1,,2026,"Generated from published directional relationships, not a real experiment.",[]
chitosan_HA,chemical,articular_chondrocyte,rabbit,3D_encapsulation,TGF_b3,native,4.45,46.45,87.0,19.9,7.0,13.0,2,0.5,89.37205118135215,64.76053824306675,100.0,89.07322870695332,sim-0601,simulated_literature_informed,TissueLab literature-informed simulator v0.1,,2026,"Generated from published directional relationships, not a real experiment.",[]
alginate,ionic,articular_chondrocyte,human,2D,TGF_b3,native,2.2,6.94,86.7,19.0,14.0,7.82,1,0.0,90.34140262023664,72.91751850791834,74.26836189034007,42.037041053992894,sim-0602,simulated_literature_informed,TissueLab literature-informed simulator v0.1,,2026,"Generated from published directional relationships, not a real experiment.",[]
gelatin_alginate,ionic,MSC,human,3D_encapsulation,TGF_b3,native,4.4,14.43,86.3,21.4,21.0,0.76,1,1.0,100.0,77.09848403997155,100.0,91.06594433168107,sim-0603,simulated_literature_informed,TissueLab literature-informed simulator v0.1,,2026,"Generated from published directional relationships, not a real experiment.",[]
silk_fibrin,enzymatic,MSC,bovine,3D_encapsulation,none,MMP_degradable,4.29,14.31,81.8,7.4,28.0,2.51,1,1.0,95.23607841262474,76.89751693009535,88.81238885221943,79.59127302769247,sim-0604,simulated_literature_informed,TissueLab literature-informed simulator v0.1,,2026,"Generated from published directional relationships, not a real experiment.",[]
collagen,chemical,MSC,human,3D_encapsulation,TGF_b3,MMP_degradable,1.97,3.78,86.3,13.6,21.0,9.61,2,1.0,98.33517095683145,98.3031049387777,65.8472276847298,74.40837176732579,sim-0605,simulated_literature_informed,TissueLab literature-informed simulator v0.1,,2026,"Generated from published directional relationships, not a real experiment.",[]
gelatin_alginate,ionic,articular_chondrocyte,bovine,3D_encapsulation,none,native,3.68,11.43,92.0,20.5,14.0,4.62,2,1.0,100.0,65.2170560630373,75.30443218653575,64.08910861942775,sim-0606,simulated_literature_informed,TissueLab literature-informed simulator v0.1,,2026,"Generated from published directional relationships, not a real experiment.",[]
PEG_dextran,chemical,articular_chondrocyte,bovine,3D_encapsulation,none,RGD,3.95,16.05,83.3,202.6,21.0,1.52,4,1.0,38.35353521825261,37.36002184168369,20.640348937750606,17.730690802995923,sim-0607,simulated_literature_informed,TissueLab literature-informed simulator v0.1,,2026,"Generated from published directional relationships, not a real experiment.",[]
silk_fibrin,enzymatic,articular_chondrocyte,bovine,3D_encapsulation,none,MMP_degradable,2.72,8.88,87.6,12.2,42.0,13.53,3,1.0,100.0,55.33812210122086,91.94548467489828,83.11875092716598,sim-0608,simulated_literature_informed,TissueLab literature-informed simulator v0.1,,2026,"Generated from published directional relationships, not a real experiment.",[]
chitosan_HA,chemical,articular_chondrocyte,bovine,3D_encapsulation,TGF_b1,native,4.61,128.82,88.5,17.6,14.0,4.27,2,0.5,89.4016729922558,58.8205360453745,85.19431684075558,69.71373431800298,sim-0609,simulated_literature_informed,TissueLab literature-informed simulator v0.1,,2026,"Generated from published directional relationships, not a real experiment.",[]
chitosan_HA,chemical,articular_chondrocyte,rabbit,3D_bioprint,TGF_b3,MMP_degradable,4.05,88.71,97.0,6.2,21.0,10.65,4,0.5,87.02642383748451,46.12676615814693,79.60279247662388,74.50499479833296,sim-0610,simulated_literature_informed,TissueLab literature-informed simulator v0.1,,2026,"Generated from published directional relationships, not a real experiment.",[]
alginate,ionic,articular_chondrocyte,human,3D_encapsulation,none,native,9.67,30.25,80.1,187.7,42.0,2.47,2,0.0,87.83014118516388,30.67060428701886,100.0,73.3772165618497,sim-0611,simulated_literature_informed,TissueLab literature-informed simulator v0.1,,2026,"Generated from published directional relationships, not a real experiment.",[]
fibrin,enzymatic,MSC,human,3D_encapsulation,TGF_b3,RGD,6.84,27.46,90.2,8.8,14.0,8.51,3,1.0,100.0,67.8866360428039,100.0,100.0,sim-0612,simulated_literature_informed,TissueLab literature-informed simulator v0.1,,2026,"Generated from published directional relationships, not a real experiment.",[]
gelatin_alginate,ionic,articular_chondrocyte,rabbit,3D_encapsulation,TGF_b3,RGD,5.57,8.88,88.8,15.9,28.0,14.14,2,1.0,97.80739985357627,62.79305971675205,93.75393890414423,79.29017818450153,sim-0613,simulated_literature_informed,TissueLab literature-informed simulator v0.1,,2026,"Generated from published directional relationships, not a real experiment.",[]
gelatin_alginate,ionic,MSC,human,3D_encapsulation,TGF_b1,RGD,5.31,14.04,78.7,10.1,7.0,5.21,1,1.0,100.0,84.3292385392734,100.0,81.23239603353576,sim-0614,simulated_literature_informed,TissueLab literature-informed simulator v0.1,,2026,"Generated from published directional relationships, not a real experiment.",[]
gelatin_alginate,ionic,articular_chondrocyte,human,3D_encapsulation,TGF_b3,MMP_degradable,6.72,14.13,85.1,9.5,21.0,10.96,3,1.0,93.97754324090594,60.18881855358355,100.0,94.80191705300317,sim-0615,simulated_literature_informed,TissueLab literature-informed simulator v0.1,,2026,"Generated from published directional relationships, not a real experiment.",[]
GelMA,photocrosslink,articular_chondrocyte,human,3D_bioprint,none,RGD,5.93,24.02,87.2,7.4,42.0,2.44,1,1.0,88.34473765333296,55.84525395130359,100.0,82.9895353341128,sim-0616,simulated_literature_informed,TissueLab literature-informed simulator v0.1,,2026,"Generated from published directional relationships, not a real experiment.",[]
GelMA,photocrosslink,articular_chondrocyte,human,3D_encapsulation,none,RGD,4.79,12.54,90.3,52.7,7.0,6.89,2,1.0,100.0,74.32831884578498,82.0688141796851,43.79276734239147,sim-0617,simulated_literature_informed,TissueLab literature-informed simulator v0.1,,2026,"Generated from published directional relationships, not a real experiment.",[]
fibrin,enzymatic,articular_chondrocyte,human,3D_encapsulation,TGF_b3,native,3.97,12.7,97.0,19.7,14.0,10.73,0,1.0,100.0,75.04948872212677,100.0,94.79888596598677,sim-0618,simulated_literature_informed,TissueLab literature-informed simulator v0.1,,2026,"Generated from published directional relationships, not a real experiment.",[]
PEG_dextran,chemical,MSC,human,2D,none,native,4.54,16.28,93.4,232.6,14.0,7.46,0,0.0,37.53256416515863,58.29309881221203,2.0166779857200092,0.0,sim-0619,simulated_literature_informed,TissueLab literature-informed simulator v0.1,,2026,"Generated from published directional relationships, not a real experiment.",[]
alginate,ionic,MSC,human,2D,none,none,6.67,36.93,78.4,198.0,21.0,8.18,3,0.0,94.26194090126481,56.568016911189474,61.10534245814326,24.626324508667608,sim-0620,simulated_literature_informed,TissueLab literature-informed simulator v0.1,,2026,"Generated from published directional relationships, not a real experiment.",[]
HA,photocrosslink,MSC,human,3D_encapsulation,none,MMP_degradable,3.39,7.86,89.4,6.6,21.0,6.68,2,0.7,100.0,68.81833106706037,74.36305179263424,65.72962842081543,sim-0621,simulated_literature_informed,TissueLab literature-informed simulator v0.1,,2026,"Generated from published directional relationships, not a real experiment.",[]
silk_fibrin,enzymatic,articular_chondrocyte,porcine,3D_encapsulation,none,MMP_degradable,6.44,23.68,79.6,12.6,28.0,9.66,4,1.0,99.31290475657917,53.73543936094943,100.0,100.0,sim-0622,simulated_literature_informed,TissueLab literature-informed simulator v0.1,,2026,"Generated from published directional relationships, not a real experiment.",[]
HA,photocrosslink,MSC,human,3D_encapsulation,none,RGD,6.0,23.71,84.7,5.2,21.0,20.71,2,1.0,100.0,61.95692437355979,100.0,82.58026070412475,sim-0623,simulated_literature_informed,TissueLab literature-informed simulator v0.1,,2026,"Generated from published directional relationships, not a real experiment.",[]
chitosan_HA,chemical,articular_chondrocyte,bovine,3D_encapsulation,none,native,4.87,43.3,84.8,9.2,14.0,3.91,3,0.5,90.33569820830095,48.12129024875839,77.86020069632269,64.7739259815373,sim-0624,simulated_literature_informed,TissueLab literature-informed simulator v0.1,,2026,"Generated from published directional relationships, not a real experiment.",[]
fibrin,enzymatic,articular_chondrocyte,human,2D,none,native,13.6,52.82,65.7,16.9,21.0,6.82,2,1.0,100.0,77.91562674250082,69.39411131702037,44.587311502280166,sim-0625,simulated_literature_informed,TissueLab literature-informed simulator v0.1,,2026,"Generated from published directional relationships, not a real experiment.",[]
PEG_dextran,chemical,articular_chondrocyte,porcine,3D_encapsulation,TGF_b3,MMP_degradable,6.75,19.88,88.8,6.6,28.0,3.5,4,0.0,37.0110179854273,22.41146933039035,42.457535740784834,67.90133470910088,sim-0626,simulated_literature_informed,TissueLab literature-informed simulator v0.1,,2026,"Generated from published directional relationships, not a real experiment.",[]
PEG_dextran,chemical,MSC,porcine,3D_bioprint,none,none,2.67,16.73,87.4,171.9,7.0,6.47,2,0.0,35.890158475706386,45.51228822911229,23.227171247122143,14.581405148610502,sim-0627,simulated_literature_informed,TissueLab literature-informed simulator v0.1,,2026,"Generated from published directional relationships, not a real experiment.",[]
GelMA,photocrosslink,articular_chondrocyte,human,2D,none,MMP_degradable,3.52,14.5,96.9,22.2,28.0,5.33,0,1.0,100.0,84.14572016465323,58.96892652173029,43.94858219503117,sim-0628,simulated_literature_informed,TissueLab literature-informed simulator v0.1,,2026,"Generated from published directional relationships, not a real experiment.",[]
chitosan_HA,chemical,articular_chondrocyte,human,3D_encapsulation,TGF_b3,native,5.17,99.43,82.8,15.3,7.0,3.36,4,0.5,93.43980969548517,60.688574541794374,71.69550523195788,67.53959875408505,sim-0629,simulated_literature_informed,TissueLab literature-informed simulator v0.1,,2026,"Generated from published directional relationships, not a real experiment.",[]
HA,photocrosslink,MSC,bovine,2D,none,native,2.65,5.42,92.3,9.3,28.0,5.13,2,0.7,97.98868612201544,100.0,41.613948792586704,21.76721842757177,sim-0630,simulated_literature_informed,TissueLab literature-informed simulator v0.1,,2026,"Generated from published directional relationships, not a real experiment.",[]
collagen,chemical,articular_chondrocyte,human,3D_encapsulation,TGF_b3,native,5.76,15.66,87.2,13.1,14.0,6.28,3,1.0,100.0,68.83366551786571,98.4072743228572,75.73569371237932,sim-0631,simulated_literature_informed,TissueLab literature-informed simulator v0.1,,2026,"Generated from published directional relationships, not a real experiment.",[]
fibrin,enzymatic,MSC,bovine,3D_encapsulation,none,MMP_degradable,22.0,90.0,62.1,11.4,28.0,3.95,3,1.0,94.93833111924322,61.175179493819975,60.47230009695457,72.35717998676746,sim-0632,simulated_literature_informed,TissueLab literature-informed simulator v0.1,,2026,"Generated from published directional relationships, not a real experiment.",[]
PEG,photocrosslink,MSC,bovine,3D_encapsulation,TGF_b3,native,7.38,77.87,84.1,169.5,7.0,3.13,0,0.0,73.62256609217889,54.47047383989871,73.01783170265708,43.57513617708167,sim-0633,simulated_literature_informed,TissueLab literature-informed simulator v0.1,,2026,"Generated from published directional relationships, not a real experiment.",[]
agarose,thermal,articular_chondrocyte,bovine,3D_encapsulation,TGF_b1,RGD,9.13,66.45,81.0,111.2,14.0,8.58,5,1.0,92.38516248543566,44.97491205819071,76.96822278044955,47.15871865962245,sim-0634,simulated_literature_informed,TissueLab literature-informed simulator v0.1,,2026,"Generated from published directional relationships, not a real experiment.",[]
fibrin,enzymatic,articular_chondrocyte,human,2D,none,MMP_degradable,3.18,8.3,92.4,17.5,28.0,3.02,3,1.0,100.0,90.37616002084656,47.41132473609934,35.43814646193846,sim-0635,simulated_literature_informed,TissueLab literature-informed simulator v0.1,,2026,"Generated from published directional relationships, not a real experiment.",[]
gelatin_alginate,ionic,articular_chondrocyte,rabbit,3D_encapsulation,TGF_b3,RGD,4.35,11.27,89.5,8.8,14.0,10.14,1,1.0,96.02317992644296,73.06241577622943,100.0,87.90426779781386,sim-0636,simulated_literature_informed,TissueLab literature-informed simulator v0.1,,2026,"Generated from published directional relationships, not a real experiment.",[]
agarose,thermal,articular_chondrocyte,bovine,3D_bioprint,TGF_b3,native,4.7,24.88,93.5,179.3,21.0,1.65,3,0.0,96.22380429803233,31.164301928169756,100.0,70.50541568147239,sim-0637,simulated_literature_informed,TissueLab literature-informed simulator v0.1,,2026,"Generated from published directional relationships, not a real experiment.",[]
silk_fibrin,enzymatic,MSC,human,3D_encapsulation,none,RGD,4.12,19.95,83.5,8.9,14.0,3.64,2,1.0,100.0,64.34292504702185,96.3902885668097,92.44951743934924,sim-0638,simulated_literature_informed,TissueLab literature-informed simulator v0.1,,2026,"Generated from published directional relationships, not a real experiment.",[]
agarose,thermal,articular_chondrocyte,human,2D,none,RGD,8.01,58.85,81.8,148.5,21.0,3.98,2,1.0,99.69750609752363,66.62190281234692,58.84138037444042,8.2005733772222,sim-0639,simulated_literature_informed,TissueLab literature-informed simulator v0.1,,2026,"Generated from published directional relationships, not a real experiment.",[]
alginate,ionic,articular_chondrocyte,bovine,3D_encapsulation,none,none,1.85,7.99,92.8,91.3,28.0,6.13,0,0.0,87.2131723700013,53.78495632975569,88.52028122758611,53.90406292170992,sim-0640,simulated_literature_informed,TissueLab literature-informed simulator v0.1,,2026,"Generated from published directional relationships, not a real experiment.",[]
HA,photocrosslink,articular_chondrocyte,human,3D_encapsulation,none,native,10.28,39.96,75.0,11.9,21.0,3.21,5,0.7,90.71107149705935,40.25878608033537,95.48540730665341,80.35333711956072,sim-0641,simulated_literature_informed,TissueLab literature-informed simulator v0.1,,2026,"Generated from published directional relationships, not a real experiment.",[]
gelatin_alginate,ionic,articular_chondrocyte,bovine,3D_encapsulation,none,MMP_degradable,3.99,6.55,90.1,20.3,14.0,2.36,3,1.0,86.49334045679451,82.06323068698573,59.51504855643192,59.66787877201891,sim-0642,simulated_literature_informed,TissueLab literature-informed simulator v0.1,,2026,"Generated from published directional relationships, not a real experiment.",[]
silk_fibrin,enzymatic,MSC,human,3D_encapsulation,none,native,7.1,32.41,87.1,12.2,21.0,6.5,4,1.0,100.0,59.81810627197231,86.64772909518399,75.86800238843585,sim-0643,simulated_literature_informed,TissueLab literature-informed simulator v0.1,,2026,"Generated from published directional relationships, not a real experiment.",[]
PEG_dextran,chemical,articular_chondrocyte,human,2D,none,none,5.3,16.64,91.7,141.8,14.0,2.25,2,0.0,36.22580331460332,54.80112735188811,15.163992241887206,0.0,sim-0644,simulated_literature_informed,TissueLab literature-informed simulator v0.1,,2026,"Generated from published directional relationships, not a real experiment.",[]
GelMA,photocrosslink,articular_chondrocyte,human,3D_encapsulation,TGF_b1,RGD,10.33,29.33,79.4,19.9,14.0,2.18,1,1.0,95.58550881968485,67.70486081477377,100.0,91.57320790279553,sim-0645,simulated_literature_informed,TissueLab literature-informed simulator v0.1,,2026,"Generated from published directional relationships, not a real experiment.",[]
chitosan_HA,chemical,articular_chondrocyte,porcine,3D_encapsulation,none,MMP_degradable,4.25,86.33,83.7,7.3,14.0,2.58,0,0.5,86.27805176280428,58.858036752765486,66.61027523425822,54.28177475177453,sim-0646,simulated_literature_informed,TissueLab literature-informed simulator v0.1,,2026,"Generated from published directional relationships, not a real experiment.",[]
PEG_dextran,chemical,articular_chondrocyte,porcine,3D_encapsulation,none,MMP_degradable,2.61,8.38,93.7,15.9,7.0,3.83,1,0.0,42.87174738190779,49.911727270334694,22.05673541440299,39.995249334080654,sim-0647,simulated_literature_informed,TissueLab literature-informed simulator v0.1,,2026,"Generated from published directional relationships, not a real experiment.",[]
agarose,thermal,articular_chondrocyte,human,3D_encapsulation,TGF_b3,none,5.51,44.4,85.7,174.0,7.0,3.36,1,0.0,94.60343709732473,46.80836525119712,100.0,62.13977442089353,sim-0648,simulated_literature_informed,TissueLab literature-informed simulator v0.1,,2026,"Generated from published directional relationships, not a real experiment.",[]
silk_fibrin,enzymatic,articular_chondrocyte,human,3D_encapsulation,none,native,4.33,13.67,96.6,30.5,7.0,3.65,3,1.0,100.0,66.44638936380423,94.94912091855181,74.24537807900629,sim-0649,simulated_literature_informed,TissueLab literature-informed simulator v0.1,,2026,"Generated from published directional relationships, not a real experiment.",[]
