amass_id,chemical_modification,chemical_modifications,architecture,architectures,application,applications,materials,cells,culture_model,species,growth_factor,is_review_like,has_hydrogel,has_cartilage_cell,has_viability_number,training_relevant,n_viability_hits,analyzed_at,pmid,doi,year,title,journal
EPMC_42434726,methacrylated,"[""methacrylated""]",bulk_hydrogel,"[""bulk_hydrogel""]",unspecified,[],"[""HA""]","[""MSC""]",3D_encapsulation,human,,0,1,1,1,1,1,2026-09-26T18:34:14Z,42434726,10.1016/j.mtbio.2026.103415,2026,Photopolymerizable placenta-derived ECM hydrogel enhances hUC-MSC-mediated wound healing via coordinated immunomodulation and angiogenesis.,Materials today. Bio
EPMC_41580705,unmodified,[],injectable,"[""injectable""]",unspecified,[],"[""HA"", ""collagen""]","[""MSC""]",3D_encapsulation,,,0,1,1,1,1,1,2026-09-26T18:34:14Z,41580705,10.1186/s12967-025-07612-x,2026,Critical evaluation of compositions and clinical relevance of Wharton's jelly-derived biologics.,Journal of translational medicine
EPMC_41954185,unmodified,[],bulk_hydrogel,"[""bulk_hydrogel""]",osteoarthritis,"[""osteoarthritis"", ""meniscus"", ""in_vivo_repair""]","[""collagen"", ""cellulose""]","[""MSC""]",3D_encapsulation,murine,,0,1,1,1,1,1,2026-09-26T18:34:12Z,41954185,10.1177/03000605251410411,2026,Three-dimensional-printed shape-memory composite scaffold for meniscus repair.,The Journal of international medical research
AMBC_HN7MOliJ7AkQRrkhQMqwiHMyAiK,methacrylated,"[""methacrylated"", ""sulfated""]",bulk_hydrogel,"[""bulk_hydrogel""]",in_vitro_cartilage,"[""in_vitro_cartilage""]","[""GelMA"", ""collagen"", ""gelatin""]","[""articular_chondrocyte""]",3D_encapsulation,,,0,1,1,1,1,1,2026-09-26T18:34:10Z,41916393,10.1088/1758-5090/ae59b5,2026,Bioresorbable fiber reinforced hydrogel scaffold for cartilage tissue regeneration,Biofabrication
EPMC_41829253,dopamine,"[""dopamine""]",bulk_hydrogel,"[""bulk_hydrogel""]",drug_delivery,"[""drug_delivery""]","[""chitosan""]","[""MSC""]",3D_encapsulation,,,0,1,1,1,1,2,2026-09-26T18:34:14Z,41829253,10.3390/polym18050555,2026,Lyophilized Catechol-Chitosan Mucoadhesive Hydrogels Loaded with Dental Follicle-Derived Mesenchymal Stem Cells Enhance Regenerative Healing of Palatal Donor Wounds.,Polymers
EPMC_41867564,methacrylated,"[""methacrylated""]",3d_printed,"[""3d_printed""]",bioprinting,"[""bioprinting"", ""in_vitro_cartilage""]","[""GelMA"", ""gellan""]",[],3D_bioprint,,,0,1,1,1,1,1,2026-09-26T18:34:12Z,41867564,10.1021/acsomega.5c09665,2026,Balancing Strength and Cell Viability in Gelatin Methacrylate/Gellan Gum Bioink Formulations.,ACS omega
AMBC_Jtmkdt3Bq2SBoruLLHWx3CXMuCA,unmodified,[],bulk_hydrogel,"[""bulk_hydrogel""]",osteochondral,"[""osteochondral"", ""in_vitro_cartilage""]",[],"[""articular_chondrocyte""]",3D_encapsulation,porcine,,0,1,1,1,1,1,2026-09-26T18:34:06Z,39986416,10.1016/j.cryobiol.2025.105215,2025,Vitrification of porcine intact femoral condyle through different protocol lengths and loading strategies,Cryobiology
EPMC_41096299,genipin,"[""genipin""]",injectable,"[""injectable""]",in_vivo_repair,"[""in_vivo_repair""]","[""HA"", ""gelatin""]","[""MSC""]",3D_encapsulation,,,0,1,1,1,1,2,2026-09-26T18:34:13Z,41096299,10.3390/polym17192653,2025,Effects of Wharton's Jelly Mesenchymal Stem Cells and Its-Derived Small Extracellular Vesicles Loaded into Injectable Genipin-Crosslinked Gelatin Hydrogel on Vocal Fold Fibroblast.,Polymers
EPMC_41115829,methacrylated,"[""methacrylated""]",microgel,"[""microgel""]",in_vitro_cartilage,"[""in_vitro_cartilage""]","[""GelMA""]","[""articular_chondrocyte"", ""ATDC5""]",3D_encapsulation,,,0,1,1,1,1,1,2026-09-26T18:34:14Z,41115829,10.1002/jbm.b.35677,2025,Gelatin Methacrylate Macroporous Cell Scaffold Fabrication via One-Pot Aqueous Two-Phase Separation.,"Journal of biomedical materials research. Part B, Applied biomaterials"
AMBC_M8rLoigbMlACycGpomHEQbQaxPI,unmodified,[],injectable,"[""injectable""]",in_vitro_cartilage,"[""in_vitro_cartilage""]","[""HA""]","[""MSC""]",3D_bioprint,,,0,1,1,1,1,1,2026-09-26T18:34:10Z,39580987,10.1016/j.bioadv.2024.214115,2025,Thermomagneto-responsive injectable hydrogel for chondrogenic differentiation of mesenchymal stem cells,Biomaterials advances
AMBC_ZPBpDRMUJPgqd5cNMixllRBJtx6,unmodified,[],bulk_hydrogel,"[""bulk_hydrogel""]",in_vitro_cartilage,"[""in_vitro_cartilage""]","[""collagen"", ""fibrin""]","[""articular_chondrocyte""]",3D_encapsulation,human,,0,1,1,1,1,1,2026-09-26T18:34:06Z,41590061,10.3390/gels12010035,2025,Bioengineered Tricomposite Hydrogel Enhances Chondrogenic Phenotype and Hyaline Matrix Formation in Human Chondrocytes,"Gels (Basel, Switzerland)"
EPMC_38671796,unmodified,[],bulk_hydrogel,"[""bulk_hydrogel""]",in_vivo_repair,"[""in_vivo_repair""]","[""alginate""]","[""MSC""]",3D_encapsulation,murine,,0,1,1,1,1,1,2026-09-26T18:34:14Z,38671796,10.3390/bioengineering11040375,2024,Evaluation of Alginate Hydrogel Microstrands for Stromal Cell Encapsulation and Maintenance.,"Bioengineering (Basel, Switzerland)"
AMBC_Kn1HnYI3S1QDpWOaOTmpF7lcBuC,methacrylated,"[""methacrylated""]",3d_printed,"[""3d_printed""]",in_vitro_cartilage,"[""in_vitro_cartilage""]","[""GelMA"", ""collagen"", ""chitosan""]",[],3D_bioprint,,,0,1,1,1,1,1,2026-09-26T18:34:10Z,38700242,10.1039/d4tb00323c,2024,Bioprinted biomimetic hydrogel matrices guiding stem cell aggregates for enhanced chondrogenesis and cartilage regeneration,Journal of materials chemistry. B
AMBC_1KLvlATgOrhGMfQKRLL0BkAYiW0,unmodified,[],3d_printed,"[""3d_printed""]",bioprinting,"[""bioprinting"", ""in_vitro_cartilage""]","[""alginate"", ""PVA""]","[""articular_chondrocyte""]",3D_bioprint,human,,0,1,1,1,1,1,2026-09-26T18:34:06Z,38671751,10.3390/bioengineering11040329,2024,Fabrication of a Novel 3D Extrusion Bioink Containing Processed Human Articular Cartilage Matrix for Cartilage Tissue Engineering,"Bioengineering (Basel, Switzerland)"
AMBC_MYAYcnSoKZoj4J22D5EzIuyb4L0,unmodified,[],bulk_hydrogel,"[""bulk_hydrogel""]",auricular,"[""auricular"", ""in_vitro_cartilage""]","[""collagen"", ""chitosan"", ""gelatin"", ""PVA""]","[""articular_chondrocyte"", ""auricular_chondrocyte""]",3D_encapsulation,human,,0,1,1,1,1,1,2026-09-26T18:34:06Z,38399857,10.3390/polym16040479,2024,Hydrogel Based on Chitosan/Gelatin/Poly(Vinyl Alcohol) for In Vitro Human Auricular Chondrocyte Culture,Polymers
AMBC_2zCUGZFXtrHHVmaDj8ymIY4uYXQ,unmodified,[],microsphere,"[""microsphere""]",osteoarthritis,"[""osteoarthritis"", ""meniscus"", ""in_vivo_repair"", ""in_vitro_cartilage""]","[""HA""]","[""MSC""]",3D_encapsulation,,,0,1,1,1,1,1,2026-09-26T18:34:05Z,38002439,10.3390/bioengineering10111315,2023,Controlled-Release Hydrogel Microspheres to Deliver Multipotent Stem Cells for Treatment of Knee Osteoarthritis,"Bioengineering (Basel, Switzerland)"
AMBC_K39FGxqfrLKIXctokphTVj3dKix,methacrylated,"[""methacrylated""]",bulk_hydrogel,"[""bulk_hydrogel""]",osteoarthritis,"[""osteoarthritis"", ""osteochondral"", ""in_vitro_cartilage""]","[""GelMA"", ""chitosan""]","[""articular_chondrocyte""]",3D_encapsulation,bovine,,0,1,1,1,1,1,2026-09-26T18:34:05Z,37692373,10.1063/5.0160472,2023,"GelMA-glycol chitosan hydrogels for cartilage regeneration: The role of uniaxial mechanical stimulation in enhancing mechanical, adhesive, and biochemical properties",APL bioengineering
AMBC_GEeDcqARrbdPvEk8eHfO8EWe4SE,methacrylated,"[""methacrylated""]",fiber,"[""fiber"", ""injectable""]",meniscus,"[""meniscus"", ""in_vitro_cartilage""]","[""GelMA"", ""collagen"", ""cellulose""]",[],3D_encapsulation,human,,0,1,1,1,1,1,2026-09-26T18:34:05Z,37177235,10.3390/polym15092092,2023,Reinforcement of Injectable Hydrogel for Meniscus Tissue Engineering by Using Cellulose Nanofiber from Cassava Pulp,Polymers
EPMC_37884244,methacrylated,"[""methacrylated""]",3d_printed,"[""3d_printed"", ""ipn""]",in_vivo_repair,"[""in_vivo_repair"", ""bioprinting"", ""in_vitro_cartilage""]","[""GelMA"", ""collagen"", ""silk_fibrin"", ""gelatin""]","[""articular_chondrocyte""]",3D_bioprint,,,0,1,1,1,1,1,2026-09-26T18:34:14Z,37884244,10.1016/j.ijbiomac.2023.127671,2023,3D bioprinting by reinforced bioink based on photocurable interpenetrating networks for cartilage tissue engineering.,International journal of biological macromolecules
AMBC_CegtYxjbfpWyg3vmuFk1d1u68Ee,unmodified,[],monolayer,"[""monolayer""]",in_vitro_cartilage,"[""in_vitro_cartilage""]","[""collagen"", ""chitosan"", ""gelatin"", ""PVA""]","[""articular_chondrocyte"", ""adipose_MSC""]",2D,human,,0,1,1,1,1,2,2026-09-26T18:34:05Z,37835986,10.3390/polym15193938,2023,Chondrogenic Potential of Human Adipose-Derived Mesenchymal Stromal Cells in Steam Sterilized Gelatin/Chitosan/Polyvinyl Alcohol Hydrogels,Polymers
AMBC_KqPZbHiYuGOGN0YLKDag8cdAULv,unmodified,[],fiber,"[""fiber""]",in_vitro_cartilage,"[""in_vitro_cartilage""]","[""alginate"", ""gelatin""]","[""articular_chondrocyte""]",3D_encapsulation,,,0,1,1,1,1,1,2026-09-26T18:34:05Z,34970927,10.1177/08853282211064403,2022,Multi-layered electrospinning and electrospraying approach: Effect of polymeric supplements on chondrocyte suspension,Journal of biomaterials applications
EPMC_36844246,unmodified,[],3d_printed,"[""3d_printed""]",bioprinting,"[""bioprinting""]","[""alginate"", ""collagen"", ""gelatin"", ""cellulose""]","[""articular_chondrocyte""]",3D_bioprint,human,,0,1,1,1,1,1,2026-09-26T18:34:13Z,36844246,10.18063/ijb.v9i1.621,2022,"Formulation and evaluation of a bioink composed of alginate, gelatin, and nanocellulose for meniscal tissue engineering.",International journal of bioprinting
AMBC_4sS9St5YJ4A24tNNtPFeI6EfWUo,unmodified,[],injectable,"[""injectable""]",unspecified,[],"[""alginate"", ""collagen""]","[""MSC""]",3D_bioprint,human,,0,1,1,1,1,1,2026-09-26T18:34:04Z,33367226,10.1016/j.mtla.2020.100954,2021,In-situ stable injectable collagen-based hydrogels for cell and growth factor delivery,Materialia
EPMC_32070108,unmodified,[],3d_printed,"[""3d_printed""]",osteoarthritis,"[""osteoarthritis"", ""in_vitro_cartilage""]","[""collagen""]","[""articular_chondrocyte""]",3D_bioprint,human,,0,1,1,1,1,2,2026-09-26T18:34:14Z,32070108,10.1177/1947603520903788,2020,Collagen 2A Type B Induction after 3D Bioprinting Chondrocytes <i>In Situ</i> into Osteoarthritic Chondral Tibial Lesion.,Cartilage
AMBC_PfK34qrI2SnoV1DuFP32iQkfwZA,unmodified,[],3d_printed,"[""3d_printed""]",in_vitro_cartilage,"[""in_vitro_cartilage""]",[],"[""articular_chondrocyte""]",3D_bioprint,,,0,1,1,1,1,1,2026-09-26T18:34:09Z,32999847,10.1002/advs.202001419,2020,3D Bioprinting of Macroporous Materials Based on Entangled Hydrogel Microstrands,"Advanced science (Weinheim, Baden-Wurttemberg, Germany)"
AMBC_9SlCkQsIyc37BfUzcGsHtQlZ3wE,unmodified,[],bulk_hydrogel,"[""bulk_hydrogel""]",in_vitro_cartilage,"[""in_vitro_cartilage""]","[""PEG"", ""silk_fibrin""]","[""MSC""]",3D_encapsulation,,,0,1,1,1,1,1,2026-09-26T18:34:09Z,31872975,10.1002/jbm.b.34544,2020,Dual growth factor delivery using PLGA nanoparticles in silk fibroin/PEGDMA hydrogels for articular cartilage tissue engineering,"Journal of biomedical materials research. Part B, Applied biomaterials"
EPMC_PMC6808303,methacrylated,"[""methacrylated""]",bulk_hydrogel,"[""bulk_hydrogel""]",unspecified,[],"[""GelMA"", ""fibrin""]","[""iPSC""]",3D_encapsulation,human,,0,1,1,1,1,1,2026-09-26T18:34:14Z,,,2019,3094 Production of Engineered Cardiac Tissue for Disease Modeling,Journal of clinical and translational science
AMBC_1JpNoRaGEXWRiJ26q7mAwJR6mRJ,unmodified,[],bulk_hydrogel,"[""bulk_hydrogel""]",unspecified,[],[],"[""MSC""]",3D_encapsulation,,,0,1,1,1,1,1,2026-09-26T18:34:12Z,28986174,10.1016/j.jcyt.2017.08.016,2017,"Cell density, dimethylsulfoxide concentration and needle gauge affect hydrogel-induced bone marrow mesenchymal stromal cell viability",Cytotherapy
AMBC_XS7OOajv7REF9OokhVorRDDhNRi,methacrylated,"[""methacrylated""]",3d_printed,"[""3d_printed""]",unspecified,[],"[""HA""]","[""MSC""]",3D_bioprint,human,,0,1,1,1,1,1,2026-09-26T18:34:12Z,28586346,10.1371/journal.pone.0177628,2017,3D bioprinting of methacrylated hyaluronic acid (MeHA) hydrogel with intrinsic osteogenicity,PloS one
AMBC_L66jt3I3t9E3nreHa24Vu0AN3bi,methacrylated,"[""methacrylated"", ""photo_I2959"", ""photo_VA086""]",bulk_hydrogel,"[""bulk_hydrogel""]",unspecified,[],"[""GelMA"", ""alginate"", ""PEG"", ""gelatin""]","[""adipose_MSC"", ""MSC""]",3D_encapsulation,human,,0,1,1,1,1,1,2026-09-26T18:34:03Z,27106636,10.1007/s10439-016-1619-1,2017,Optimizing Photo-Encapsulation Viability of Heart Valve Cell Types in 3D Printable Composite Hydrogels,Annals of biomedical engineering
AMBC_U8G6REaFhr1DQxxWznWENw5bBTZ,unmodified,[],bulk_hydrogel,"[""bulk_hydrogel""]",in_vitro_cartilage,"[""in_vitro_cartilage""]","[""PEG""]","[""MSC""]",3D_encapsulation,human,,0,1,1,1,1,1,2026-09-26T18:34:08Z,28611002,10.1016/j.actbio.2017.06.016,2017,"Chondrogenesis of human bone marrow mesenchymal stem cells in 3-dimensional, photocrosslinked hydrogel constructs: Effect of cell seeding density and material stiffness",Acta biomaterialia
AMBC_QybXKgHCU4OdstxGS9f9UKUByEM,unmodified,[],injectable,"[""injectable""]",unspecified,[],"[""collagen""]","[""MSC"", ""iPSC""]",3D_encapsulation,human,,0,1,1,1,1,1,2026-09-26T18:34:12Z,27612810,10.1016/j.msec.2016.08.019,2016,"Injectable calcium phosphate with hydrogel fibers encapsulating induced pluripotent, dental pulp and bone marrow stem cells for bone repair","Materials science & engineering. C, Materials for biological applications"
AMBC_Cw3KSdsPWnTzGoAyZmXJ1NyNMCD,unmodified,[],bulk_hydrogel,"[""bulk_hydrogel""]",auricular,"[""auricular"", ""in_vitro_cartilage""]","[""collagen""]","[""articular_chondrocyte""]",3D_encapsulation,,,0,1,1,1,1,1,2026-09-26T18:34:08Z,27566509,10.1007/s10561-016-9574-5,2016,Characterization of pediatric microtia cartilage: a reservoir of chondrocytes for auricular reconstruction using tissue engineering strategies,Cell and tissue banking
AMBC_AFYreZtaHyHFh0pHhyZFteeVnLM,unmodified,[],3d_printed,"[""3d_printed""]",meniscus,"[""meniscus"", ""bioprinting"", ""in_vitro_cartilage""]","[""alginate"", ""cellulose""]","[""articular_chondrocyte""]",3D_bioprint,human,,0,1,1,1,1,1,2026-09-26T18:34:08Z,25806996,10.1021/acs.biomac.5b00188,2015,3D Bioprinting Human Chondrocytes with Nanocellulose-Alginate Bioink for Cartilage Tissue Engineering Applications,Biomacromolecules
AMBC_aSOX9tiZLfQjzyWatzx8eGxixGw,unmodified,[],bulk_hydrogel,"[""bulk_hydrogel""]",in_vivo_repair,"[""in_vivo_repair""]","[""HA"", ""chitosan""]",[],3D_encapsulation,human,,0,1,1,1,1,1,2026-09-26T18:34:12Z,25748146,10.1089/ten.TEA.2014.0335,2015,A chitosan-hyaluronan-based hydrogel-hydrocolloid supports in vitro culture and differentiation of human mesenchymal stem/stromal cells,Tissue engineering. Part A
AMBC_Qykp08BUW5GT9PZJjLXibui8VlX,unmodified,[],monolayer,"[""monolayer""]",in_vitro_cartilage,"[""in_vitro_cartilage""]","[""collagen""]","[""MSC""]",2D,human,,0,1,1,1,1,1,2026-09-26T18:34:12Z,25837977,10.1371/journal.pone.0119334,2015,Radiation-induced alterations of osteogenic and chondrogenic differentiation of human mesenchymal stem cells,PloS one
AMBC_NEtpnJLPE9XCoAF7vivhNiXoCh1,unmodified,[],bulk_hydrogel,"[""bulk_hydrogel""]",in_vitro_cartilage,"[""in_vitro_cartilage""]","[""HA"", ""PEG"", ""collagen""]","[""adipose_MSC""]",3D_encapsulation,human,TGF_b3,0,1,1,1,1,3,2026-09-26T18:34:08Z,26347860,10.3389/fbioe.2015.00115,2015,Projection Stereolithographic Fabrication of Human Adipose Stem Cell-Incorporated Biodegradable Scaffolds for Cartilage Tissue Engineering,Frontiers in bioengineering and biotechnology
AMBC_Oj9bwTBdHyHL8Z8gwr3LhZpBQbW,unmodified,[],bulk_hydrogel,"[""bulk_hydrogel""]",osteochondral,"[""osteochondral"", ""in_vitro_cartilage""]","[""chitosan""]","[""MSC""]",3D_encapsulation,,,0,1,1,1,1,1,2026-09-26T18:34:08Z,24770944,10.1088/1748-6041/9/3/035008,2014,Directing chondrogenic differentiation of mesenchymal stem cells with a solid-supported chitosan thermogel for cartilage tissue engineering,"Biomedical materials (Bristol, England)"
AMBC_1izFNGvg7IWWzxyRNan27HJ4Oqg,unmodified,[],microsphere,"[""microsphere""]",in_vivo_repair,"[""in_vivo_repair"", ""in_vitro_cartilage""]","[""agarose""]","[""articular_chondrocyte""]",3D_encapsulation,human,,0,1,1,1,1,1,2026-09-26T18:34:03Z,24275437,10.1016/j.jbiomech.2013.10.051,2014,The mechanical microenvironment of high concentration agarose for applying deformation to primary chondrocytes,Journal of biomechanics
AMBC_110oNIv52MB14lSg649ORfiKEOO,unmodified,[],monolayer,"[""monolayer""]",in_vitro_cartilage,"[""in_vitro_cartilage""]","[""collagen""]","[""articular_chondrocyte""]",2D,human,,0,1,1,1,1,1,2026-09-26T18:34:03Z,23934174,10.1007/s10561-013-9387-8,2014,"Viability, proliferation and phenotype maintenance in cryopreserved human iliac apophyseal chondrocytes",Cell and tissue banking
AMBC_KCBZtV9fg7Ahcq4N3vWYgi6WMiI,unmodified,[],bulk_hydrogel,"[""bulk_hydrogel""]",unspecified,[],"[""collagen"", ""chitosan""]","[""MSC""]",3D_encapsulation,human,,0,1,1,1,1,1,2026-09-26T18:34:11Z,23571151,10.1159/000348359,2013,Delivery of mesenchymal stem cells in chitosan/collagen microbeads for orthopedic tissue repair,"Cells, tissues, organs"
AMBC_NClZAcUMsrT8kiWCDZSRVgU17Tg,unmodified,[],3d_printed,"[""3d_printed""]",in_vivo_repair,"[""in_vivo_repair"", ""in_vitro_cartilage""]","[""alginate"", ""collagen"", ""fibrin""]","[""articular_chondrocyte""]",3D_bioprint,rabbit,,0,1,1,1,1,1,2026-09-26T18:34:07Z,23172542,10.1088/1758-5082/5/1/015001,2013,Hybrid printing of mechanically and biologically improved constructs for cartilage tissue engineering applications,Biofabrication
AMBC_S3AKZj9repkvN9NVx8b0pp43qAa,methacrylated,"[""methacrylated""]",bulk_hydrogel,"[""bulk_hydrogel""]",osteochondral,"[""osteochondral"", ""in_vitro_cartilage""]","[""chitosan""]","[""articular_chondrocyte""]",3D_encapsulation,,,0,1,1,1,1,1,2026-09-26T18:34:02Z,22330279,10.1016/j.actbio.2012.01.029,2012,Visible light crosslinkable chitosan hydrogels for tissue engineering,Acta biomaterialia
AMBC_RlK811YDFBrg5M7UwZDxwZmOIPQ,unmodified,[],bulk_hydrogel,"[""bulk_hydrogel""]",in_vivo_repair,"[""in_vivo_repair""]","[""alginate""]","[""MSC""]",3D_encapsulation,murine,,0,1,1,1,1,1,2026-09-26T18:34:11Z,22776769,10.3727/096368912X647252,2012,Alginate scaffolds for mesenchymal stem cell cardiac therapy: influence of alginate composition,Cell transplantation
AMBC_WcFfUPjpRn2uXWVBcD7uQYKzFmE,methacrylated,"[""methacrylated"", ""sulfated""]",ipn,"[""ipn""]",in_vitro_cartilage,"[""in_vitro_cartilage""]","[""PEG"", ""agarose""]","[""articular_chondrocyte""]",3D_encapsulation,porcine,,0,1,1,1,1,1,2026-09-26T18:34:07Z,22116661,10.1007/s10856-011-4499-9,2012,Using chondroitin sulfate to improve the viability and biosynthesis of chondrocytes encapsulated in interpenetrating network (IPN) hydrogels of agarose and poly(ethylene glycol) diacrylate,Journal of materials science. Materials in medicine
AMBC_KpkkinKj8aPCTSB9Bxfrz2OZQGw,methacrylated,"[""methacrylated"", ""photo_I2959"", ""photo_VA086""]",bulk_hydrogel,"[""bulk_hydrogel""]",in_vitro_cartilage,"[""in_vitro_cartilage""]","[""alginate""]","[""articular_chondrocyte""]",3D_encapsulation,bovine,,0,1,1,1,1,1,2026-09-26T18:34:02Z,20704471,10.1089/ten.TEC.2009.0582,2011,Methods for photocrosslinking alginate hydrogel scaffolds with high cell viability,"Tissue engineering. Part C, Methods"
AMBC_7DlRrpRS3iBSFfhfHCh9l2alou4,unmodified,[],bulk_hydrogel,"[""bulk_hydrogel""]",in_vitro_cartilage,"[""in_vitro_cartilage""]","[""alginate""]","[""articular_chondrocyte""]",3D_encapsulation,bovine,,0,1,1,1,1,2,2026-09-26T18:34:02Z,19341919,10.1016/j.arthro.2009.01.003,2009,Lidocaine potentiates the chondrotoxicity of methylprednisolone,Arthroscopy : the journal of arthroscopic & related surgery : official publication of the Arthroscopy Association of North America and the International Arthroscopy Association
AMBC_VI1j5r4Mvp6WwGacN5BPYhKGpRf,unmodified,[],bulk_hydrogel,"[""bulk_hydrogel""]",in_vivo_repair,"[""in_vivo_repair""]","[""HA""]","[""MSC""]",3D_encapsulation,human,,0,1,1,1,1,1,2026-09-26T18:34:02Z,17208295,10.1016/j.biomaterials.2006.11.050,2007,Bone regeneration using hyaluronic acid-based hydrogel with bone morphogenic protein-2 and human mesenchymal stem cells,Biomaterials
AMBC_O4KT5I5fKj2Srg9ZxA7gNt6jKzD,methacrylated,"[""methacrylated"", ""norbornene"", ""rgd_conjugated"", ""thiolated""]",bulk_hydrogel,"[""bulk_hydrogel""]",in_vitro_cartilage,"[""in_vitro_cartilage""]","[""collagen""]","[""MSC""]",3D_encapsulation,human,,0,1,1,1,1,1,2026-09-26T18:34:10Z,17417949,10.1089/ten.2006.0126,2007,Chondrogenic differentiation potential of human mesenchymal stem cells photoencapsulated within poly(ethylene glycol)-arginine-glycine-aspartic acid-serine thiol-methacrylate mixed-mode networks,Tissue engineering
AMBC_Ix0MkwsajriJoZ40sPzTssr28ZA,unmodified,[],bulk_hydrogel,"[""bulk_hydrogel""]",in_vitro_cartilage,"[""in_vitro_cartilage""]","[""collagen"", ""chitosan""]","[""articular_chondrocyte""]",3D_encapsulation,,,0,1,1,1,1,1,2026-09-26T18:34:07Z,17148854,,2006,Long-term mechanical loading of chondrocyte-chitosan biocomposites in vitro enhanced their proteoglycan and collagen content,Biorheology
AMBC_XlC4YCNgXtyj6MZTm1Mv0MzIqZl,unmodified,[],bulk_hydrogel,"[""bulk_hydrogel""]",in_vitro_cartilage,"[""in_vitro_cartilage""]","[""collagen"", ""fibrin""]",[],3D_encapsulation,,,0,1,1,1,1,1,2026-09-26T18:34:07Z,16259610,10.1089/ten.2005.11.1562,2005,Fibrin-polyurethane composites for articular cartilage tissue engineering: a preliminary analysis,Tissue engineering
EPMC_42331156,methacrylated,"[""methacrylated"", ""dopamine""]",bilayer,"[""bilayer"", ""ipn""]",osteochondral,"[""osteochondral"", ""in_vitro_cartilage""]","[""HA"", ""chitosan""]",[],3D_encapsulation,,,0,1,1,0,1,0,2026-09-26T18:34:14Z,42331156,10.1016/j.ijbiomac.2026.153122,2026,Citric acid-enhanced chitosan/hyaluronic acid interpenetrating hydrogel network as a bioinspired adhesive for osteochondral scaffold fabrication.,International journal of biological macromolecules
EPMC_PPR1241293,methacrylated,"[""methacrylated""]",bulk_hydrogel,"[""bulk_hydrogel""]",osteochondral,"[""osteochondral"", ""in_vivo_repair"", ""in_vitro_cartilage""]","[""HA"", ""PEG"", ""collagen""]",[],3D_encapsulation,murine,,0,1,1,0,1,0,2026-09-26T18:34:14Z,,10.64898/2026.05.24.727447,2026,BMSC-Laden PEGDA/HAMA Dual-Crosslinked Hydrogels with Distinct Stiffness Profiles for Osteochondral Defect Repair,
EPMC_42440585,unmodified,[],microsphere,"[""microsphere"", ""injectable""]",osteochondral,"[""osteochondral"", ""in_vivo_repair"", ""drug_delivery"", ""in_vitro_cartilage""]","[""chitosan""]","[""ATDC5""]",3D_encapsulation,murine,,0,1,1,0,1,0,2026-09-26T18:34:14Z,42440585,10.1016/j.mtbio.2026.103350,2026,Injectable thermosensitive hydrogel incorporating exosome-loaded chitosan microspheres for immunomodulation and cartilage regeneration.,Materials today. Bio
EPMC_42157751,unmodified,[],bulk_hydrogel,"[""bulk_hydrogel""]",osteochondral,"[""osteochondral""]","[""collagen"", ""agarose""]","[""articular_chondrocyte""]",3D_encapsulation,,,0,1,1,0,1,0,2026-09-26T18:34:14Z,42157751,10.1002/bit.70238,2026,Numerical and Experimental Assessment of Oxygen Distribution in a Perfusion Bioreactor to Mimic the Osteochondral Niche.,Biotechnology and bioengineering
EPMC_42104641,unmodified,[],bulk_hydrogel,"[""bulk_hydrogel""]",osteochondral,"[""osteochondral"", ""in_vitro_cartilage""]","[""collagen""]","[""articular_chondrocyte"", ""iPSC""]",3D_encapsulation,human,,0,1,1,0,1,0,2026-09-26T18:34:14Z,42104641,10.1002/adma.202516189,2026,Synchronizing the Osteochondral Regeneration Process through Spatial Patterning of Stable and Hypertrophic Cartilage Organoids.,"Advanced materials (Deerfield Beach, Fla.)"
EPMC_42052364,unmodified,[],bulk_hydrogel,"[""bulk_hydrogel""]",osteochondral,"[""osteochondral"", ""in_vivo_repair"", ""in_vitro_cartilage""]","[""chitosan"", ""silk_fibrin""]","[""MSC""]",3D_encapsulation,,,0,1,1,0,1,0,2026-09-26T18:34:14Z,42052364,10.3389/fsurg.2026.1781739,2026,Research hotspots and prospects on the correlation between subchondral bone and stem cells: bibliometrics and visual analysis.,Frontiers in surgery
EPMC_42490685,sulfated,"[""sulfated""]",bulk_hydrogel,"[""bulk_hydrogel""]",osteochondral,"[""osteochondral""]","[""collagen""]","[""articular_chondrocyte""]",3D_encapsulation,,,0,1,1,0,1,0,2026-09-26T18:34:13Z,42490685,10.1002/advs.202523846,2026,"Sustainable Fabrication of Tailored Bone Substitutes: From High-Throughput Scaffold Manufacturing, Scaled-Up HMSC Expansion to Dynamic Cultivation in a Perfusion Bioreactor.","Advanced science (Weinheim, Baden-Wurttemberg, Germany)"
EPMC_41837227,rgd_conjugated,"[""rgd_conjugated""]",bulk_hydrogel,"[""bulk_hydrogel""]",osteochondral,"[""osteochondral"", ""in_vivo_repair"", ""in_vitro_cartilage""]","[""HA""]","[""articular_chondrocyte""]",3D_encapsulation,human,,0,1,1,0,1,0,2026-09-26T18:34:13Z,41837227,10.1021/acsmaterialsau.5c00193,2026,3D-Printed Biohybrid PE/PCL Biphasic Osteochondral Plug for Knee Cartilage Repair.,ACS materials Au
EPMC_41852880,unmodified,[],bulk_hydrogel,"[""bulk_hydrogel""]",osteochondral,"[""osteochondral"", ""in_vivo_repair"", ""in_vitro_cartilage""]","[""HA""]",[],3D_encapsulation,,,0,1,1,0,1,0,2026-09-26T18:34:13Z,41852880,10.1016/j.mtbio.2026.102986,2026,Hyaluronan open-pit nanofibrils with spontaneous cell-matrix assembly for advanced osteochondral defect repair.,Materials today. Bio
EPMC_41593163,unmodified,[],3d_printed,"[""3d_printed""]",osteochondral,"[""osteochondral"", ""bioprinting"", ""in_vitro_cartilage""]","[""alginate"", ""gelatin""]","[""MSC""]",3D_bioprint,,,0,1,1,0,1,0,2026-09-26T18:34:13Z,41593163,10.1038/s41598-026-37615-7,2026,Optimized gradient of lyophilized platelet-rich plasma in biomimetic 3D-printed triphasic scaffold based on alginate and gelatin for osteochondral tissue engineering.,Scientific reports
EPMC_41997947,unmodified,[],bulk_hydrogel,"[""bulk_hydrogel""]",osteochondral,"[""osteochondral"", ""in_vitro_cartilage""]",[],"[""articular_chondrocyte""]",3D_encapsulation,,,0,1,1,0,1,0,2026-09-26T18:34:13Z,41997947,10.1038/s41467-026-71810-4,2026,A decoupling strategy toward spatiotemporal regulation and biomechanical transmission of sandwiched scaffold for osteochondral regeneration.,Nature communications
EPMC_41624540,methacrylated,"[""methacrylated"", ""thiolated""]",bilayer,"[""bilayer"", ""microsphere""]",osteochondral,"[""osteochondral"", ""in_vivo_repair"", ""drug_delivery"", ""in_vitro_cartilage""]","[""GelMA"", ""HA""]","[""MSC""]",3D_encapsulation,murine,,0,1,1,0,1,0,2026-09-26T18:34:12Z,41624540,10.1016/j.mtbio.2026.102807,2026,Multifunctional bilayer scaffolds integrating melt electrowriting fibers and drug-loaded microspheres promote posteochondral regeneration through PI3K-AKT-mediated chondro-osteogenic signaling.,Materials today. Bio
EPMC_41837153,methacrylated,"[""methacrylated""]",bilayer,"[""bilayer"", ""microsphere""]",osteochondral,"[""osteochondral""]","[""GelMA"", ""collagen""]","[""articular_chondrocyte"", ""MSC""]",3D_encapsulation,,,0,1,1,0,1,0,2026-09-26T18:34:12Z,41837153,10.1039/d5ra07655b,2026,3D-printed GelMA/BC@PLLAms-Cur@TCP-PCL-PEG bilayer scaffold for osteochondral repair.,RSC advances
EPMC_42351826,unmodified,[],bulk_hydrogel,"[""bulk_hydrogel""]",osteochondral,"[""osteochondral"", ""in_vitro_cartilage""]","[""fibrin""]","[""MSC""]",3D_encapsulation,,,0,1,1,0,1,0,2026-09-26T18:34:12Z,42351826,10.3390/biomedicines14061398,2026,Clinical Application of Heparin-Conjugated Fibrin Hydrogel in the Treatment of Osteochondral Defects of the Talus: Preliminary Results.,Biomedicines
EPMC_42403396,enzymatic,"[""enzymatic""]",injectable,"[""injectable""]",osteochondral,"[""osteochondral"", ""in_vivo_repair"", ""in_vitro_cartilage""]","[""gelatin""]",[],3D_encapsulation,,,0,1,1,0,1,0,2026-09-26T18:34:12Z,42403396,10.1016/j.jot.2026.101104,2026,"Multifunctional ultrafast hydrogel for arthroscopic surgery: An enzymatically cross-linked, nanosilicate-reinforced system promotes dual cartilage and subchondral bone regeneration.",Journal of orthopaedic translation
AMBC_N1bez1JGKNOGRPkmqF0vze55iqj,unmodified,[],bulk_hydrogel,"[""bulk_hydrogel""]",osteochondral,"[""osteochondral"", ""in_vivo_repair"", ""in_vitro_cartilage""]","[""collagen""]","[""articular_chondrocyte"", ""MSC""]",3D_encapsulation,porcine,,0,1,1,0,1,0,2026-09-26T18:34:10Z,41549308,10.1186/s41065-026-00635-4,2026,Efficacy of nano-silver small intestine submucosa repair of osteochondral defect in rabbit model by the AMPK-mTOR-ULK1 pathway,Hereditas
AMBC_SMLnuntU6JNjxltptMOxMowzSyq,unmodified,[],bulk_hydrogel,"[""bulk_hydrogel""]",osteochondral,"[""osteochondral"", ""in_vitro_cartilage""]",[],"[""MSC""]",3D_encapsulation,,TGF_b3,0,1,1,0,1,0,2026-09-26T18:34:10Z,42694986,10.1016/j.jobcr.2026.101501,2026,"Biomimetic osteochondral regeneration of the TMJ condyle: integrating BMP-2 osteoinduction, MSC-mediated fibrochondrogenesis, and gradient 3D-printed scaffolds",Journal of oral biology and craniofacial research
AMBC_GhUCrtZaNRkMh5K9gJWGFIrt5S8,unmodified,[],3d_printed,"[""3d_printed""]",osteochondral,"[""osteochondral"", ""in_vitro_cartilage""]",[],[],3D_bioprint,,,0,1,1,0,1,0,2026-09-26T18:34:10Z,42738888,10.3390/cells15171595,2026,Three-Dimensional Bioprinting in Reconstructive Plastic Surgery: A Comprehensive Review,Cells
AMBC_OoZFDz1sjpkDBdsDTnCnJqf1uD0,unmodified,[],fiber,"[""fiber""]",osteochondral,"[""osteochondral"", ""in_vitro_cartilage""]",[],"[""articular_chondrocyte""]",3D_encapsulation,rabbit,,0,1,1,0,1,0,2026-09-26T18:34:10Z,42589834,10.3390/polym18151906,2026,Long-Term Osteochondral Repair Induced by Electrospun PLA/PCL Scaffolds Functionalized with Polypyrrole and Aggrecan: Histological and Mechanical Evaluation in a Rabbit Model,Polymers
AMBC_SLhPbOUsasn75PhbN7JzD3nhZKO,methacrylated,"[""methacrylated""]",3d_printed,"[""3d_printed""]",osteochondral,"[""osteochondral"", ""bioprinting"", ""in_vitro_cartilage""]","[""GelMA""]","[""articular_chondrocyte""]",3D_bioprint,murine,,0,1,1,0,1,0,2026-09-26T18:34:10Z,42287189,10.1021/acsami.6c05203,2026,Mung Bean Protein-Derived Bioink with Synergistic Antioxidant and Antibacterial Properties for Cartilage Regeneration,ACS applied materials & interfaces
AMBC_ARfaSAoRKEqg0ohxxXZaIfAw8NV,unmodified,[],bulk_hydrogel,"[""bulk_hydrogel""]",osteochondral,"[""osteochondral"", ""in_vivo_repair"", ""in_vitro_cartilage""]","[""chitosan""]",[],3D_encapsulation,,,0,1,1,0,1,0,2026-09-26T18:34:10Z,41560800,10.1016/j.mtbio.2025.102727,2026,Kartogenin-loaded chitosan composite scaffold with cartilage-mimetic microstructure for layered osteochondral repair and cartilage phenotype maintenance,Materials today. Bio
AMBC_HT9teyebQIkCpSxulu2yc1yLiX5,unmodified,[],injectable,"[""injectable""]",osteochondral,"[""osteochondral"", ""drug_delivery"", ""in_vitro_cartilage""]",[],[],3D_encapsulation,rabbit,,0,1,1,0,1,0,2026-09-26T18:34:10Z,40829296,10.1016/j.bioadv.2025.214462,2026,Hydroxyapatite injectable hydrogel with nanozyme activity for improved immunoregulation microenvironment and accelerated osteochondral defects repair via mild photothermal therapy,Biomaterials advances
AMBC_YVdO8fnyrr2gMUl7RuOA2WcdybB,methacrylated,"[""methacrylated""]",injectable,"[""injectable""]",osteochondral,"[""osteochondral"", ""in_vivo_repair"", ""in_vitro_cartilage""]","[""GelMA"", ""fibrin"", ""gelatin""]",[],3D_encapsulation,human,,0,1,1,0,1,0,2026-09-26T18:34:10Z,42147487,10.3389/fbioe.2026.1797388,2026,Adhesive hydrogel-enabled integrative fixation for cartilage and osteochondral repair,Frontiers in bioengineering and biotechnology
AMBC_S2zXYd0qFYU2D4SBYNAncsMOYfL,unmodified,[],bulk_hydrogel,"[""bulk_hydrogel""]",osteochondral,"[""osteochondral"", ""in_vitro_cartilage""]",[],[],3D_encapsulation,,,0,1,1,0,1,0,2026-09-26T18:34:10Z,41942040,10.1016/j.nano.2026.102939,2026,Advances in engineered exosome-loaded hydrogels for bone and cartilage regeneration,"Nanomedicine : nanotechnology, biology, and medicine"
AMBC_NeZsrLKmqpGCU33lVVatMrIYRUi,unmodified,[],bulk_hydrogel,"[""bulk_hydrogel""]",osteochondral,"[""osteochondral"", ""in_vitro_cartilage""]",[],"[""MSC""]",3D_encapsulation,,,0,1,1,0,1,0,2026-09-26T18:34:10Z,40499226,10.1016/j.biomaterials.2025.123493,2026,A soft-hard hybrid scaffold for osteochondral regeneration through integration of composite hydrogel and biodegradable magnesium,Biomaterials
AMBC_ODJ48vmxeZCdi9ixllJGivadlFv,methacrylated,"[""methacrylated"", ""dopamine""]",bulk_hydrogel,"[""bulk_hydrogel""]",osteochondral,"[""osteochondral"", ""in_vivo_repair"", ""in_vitro_cartilage""]",[],[],3D_encapsulation,murine,,0,1,1,0,1,0,2026-09-26T18:34:10Z,41775720,10.1038/s41536-026-00463-0,2026,Immunomodulatory and anabolic biphasic scaffold with hierarchical biomimetic structure directed osteochondral defect repair,NPJ Regenerative medicine
AMBC_5ODEHZsCNkLIzh2KTtu7FAesGY,methacrylated,"[""methacrylated"", ""sulfated""]",injectable,"[""injectable""]",osteochondral,"[""osteochondral"", ""in_vivo_repair"", ""in_vitro_cartilage""]","[""collagen""]","[""articular_chondrocyte""]",3D_encapsulation,murine,,0,1,1,0,1,0,2026-09-26T18:34:10Z,42210896,10.1039/d6bm00316h,2026,Biomimetic injectable methacrylated chondroitin sulfate-collagen hydrogels enhance chondrocyte function and promote osteochondral regeneration,Biomaterials science
AMBC_FBs0gNTrtUVDDGpQ0Jy1upDB6Fi,unmodified,[],bulk_hydrogel,"[""bulk_hydrogel""]",osteochondral,"[""osteochondral"", ""in_vitro_cartilage""]",[],[],3D_encapsulation,human,,0,1,1,0,1,0,2026-09-26T18:34:10Z,42327243,10.64898/2026.06.04.730235,2026,Human Osteochondral Granular Extracellular Matrix (gECM) Hydrogels Drive Tissue-Specific Composition and Mechanics,bioRxiv : the preprint server for biology
AMBC_EloopIWi3O31eRIHA4L4yICXcpO,unmodified,[],bulk_hydrogel,"[""bulk_hydrogel""]",osteochondral,"[""osteochondral"", ""in_vitro_cartilage""]","[""HA"", ""collagen"", ""PVA""]","[""MSC""]",3D_encapsulation,,,0,1,1,0,1,0,2026-09-26T18:34:10Z,42710039,10.1021/acsbiomaterials.6c00857,2026,Synergistic Tuning of Pore Architecture and Mechanical Properties in a Biomimetic COL-HA-PVA Hydrogel Directs BMSC Chondrogenesis for Osteochondral Regeneration,ACS biomaterials science & engineering
AMBC_DJIgY65P2Y758CcRD5qXSVadXmi,methacrylated,"[""methacrylated""]",bulk_hydrogel,"[""bulk_hydrogel""]",osteochondral,"[""osteochondral"", ""in_vivo_repair"", ""in_vitro_cartilage""]","[""HA"", ""collagen""]","[""MSC""]",3D_encapsulation,human,,0,1,1,0,1,0,2026-09-26T18:34:10Z,41905216,10.1016/j.biomaterials.2026.124174,2026,Artificial human stem cell niche created in cartilage-inspired hydrogel for enhanced articular cartilage regeneration,Biomaterials
AMBC_Y9vY0IsaCEDT86U2D8RmHp6nPpy,unmodified,[],fiber,"[""fiber""]",osteochondral,"[""osteochondral"", ""in_vivo_repair"", ""in_vitro_cartilage""]",[],[],3D_encapsulation,rabbit,TGF_b3,0,1,1,0,1,0,2026-09-26T18:34:06Z,42418438,10.1002/advs.76469,2026,Biomimetic Gradient Hydrogels Regulate Osteochondral Regeneration Microenvironment Remodeling via Spatiotemporal Programming Engineering,"Advanced science (Weinheim, Baden-Wurttemberg, Germany)"
AMBC_SFl1099cwO1bmmvrcGgdquLlgDA,rgd_conjugated,"[""rgd_conjugated""]",microgel,"[""microgel""]",osteochondral,"[""osteochondral""]","[""PEG""]",[],3D_encapsulation,human,,0,1,1,0,1,0,2026-09-26T18:34:06Z,42473121,10.1002/adhm.71393,2026,Structural Guidance in 3D Microgel-in-Hydrogel Systems to Improve Chondrogenesis,Advanced healthcare materials
AMBC_Cwi1JP16xFjjflzEbGdSj4aiiAv,methacrylated,"[""methacrylated"", ""sulfated""]",bulk_hydrogel,"[""bulk_hydrogel""]",osteochondral,"[""osteochondral"", ""in_vitro_cartilage""]","[""GelMA""]","[""articular_chondrocyte"", ""MSC""]",3D_encapsulation,human,,0,1,1,0,1,0,2026-09-26T18:34:06Z,42369023,10.1093/rb/rbag111,2026,Three-dimensionally-printed biphasic PCL/β-TCP scaffold with spatially confined GelMA/CS hydrogel for coordinated osteochondral regeneration,Regenerative biomaterials
AMBC_Y8Bo8vq0CkPuQxbnRHOuXfHc5Pi,hofmeister,"[""hofmeister""]",bilayer,"[""bilayer"", ""microsphere""]",osteochondral,"[""osteochondral"", ""in_vitro_cartilage""]","[""alginate"", ""collagen"", ""PVA""]","[""articular_chondrocyte"", ""MSC""]",3D_encapsulation,,,0,1,1,0,1,0,2026-09-26T18:34:06Z,42456236,10.1016/j.bioadv.2026.215062,2026,A novel bilayer osteochondral scaffold integrating Hofmeister-treated PVA-based hydrogel with collagen-coated PCL microspheres,Biomaterials advances
AMBC_5Zdi8C5fCCY4uPyxsTvwLnNJ4iG,methacrylated,"[""methacrylated""]",injectable,"[""injectable""]",osteochondral,"[""osteochondral"", ""in_vitro_cartilage""]","[""silk_fibrin""]","[""articular_chondrocyte""]",3D_encapsulation,murine,,0,1,1,0,1,0,2026-09-26T18:34:06Z,42142784,10.1016/j.ijbiomac.2026.152559,2026,Injectable silk fibroin methacrylate hydrogels with coordination-coupled cerium-polyphenol nanoassemblies for cartilage repair,International journal of biological macromolecules
AMBC_aJHnlJfAsyGtoBU0DhbQWAU4OcE,methacrylated,"[""methacrylated""]",injectable,"[""injectable""]",osteochondral,"[""osteochondral"", ""in_vivo_repair"", ""in_vitro_cartilage""]","[""collagen""]","[""articular_chondrocyte"", ""MSC""]",3D_encapsulation,human,,0,1,1,0,1,0,2026-09-26T18:34:06Z,42741508,10.34133/bmr.0412,2026,An Injectable and Photocrosslinkable Hydrogel Based on Recombinant Human Collagen Type XVII Promotes Osteochondral Regeneration by Activating the TGF β/SMAD Signaling Pathway,Biomaterials research
AMBC_1RQygt9QgeFZbbSC7wQc0txyaJ1,unmodified,[],injectable,"[""injectable""]",osteochondral,"[""osteochondral"", ""in_vitro_cartilage""]","[""alginate"", ""fibrin"", ""gelatin""]","[""articular_chondrocyte""]",3D_encapsulation,human,,0,1,1,0,1,0,2026-09-26T18:34:06Z,41887443,10.1016/j.ijbiomac.2026.151622,2026,An engineered triple-network alginate/gelatin hydrogel mediates osteochondral regeneration through temporal regulation of the PI3K-AKT pathway,International journal of biological macromolecules
EPMC_41804651,methacrylated,"[""methacrylated""]",injectable,"[""injectable""]",in_vitro_cartilage,"[""in_vitro_cartilage""]","[""GelMA"", ""HA"", ""collagen"", ""gelatin""]",[],3D_encapsulation,,,0,1,1,0,1,0,2026-09-26T18:34:14Z,41804651,10.1002/adhm.202505390,2026,An Injectable Dual-Layer Hydrogel Integrating Adhesive and Bioactive Functions for Cartilage Regeneration.,Advanced healthcare materials
EPMC_41786171,unmodified,[],bulk_hydrogel,"[""bulk_hydrogel""]",in_vitro_cartilage,"[""in_vitro_cartilage""]","[""chitosan"", ""PVA""]","[""articular_chondrocyte""]",3D_encapsulation,human,,0,1,1,0,1,0,2026-09-26T18:34:14Z,41786171,10.1016/j.ijbiomac.2026.151144,2026,"Green-synthesized MXenes enable low-friction, cytocompatible PVA-chitosan hydrogels.",International journal of biological macromolecules
EPMC_PPR1316816,rgd_conjugated,"[""rgd_conjugated""]",bulk_hydrogel,"[""bulk_hydrogel""]",in_vitro_cartilage,"[""in_vitro_cartilage""]","[""alginate""]","[""MSC"", ""iPSC""]",3D_encapsulation,human,,0,1,1,0,1,0,2026-09-26T18:34:14Z,,10.64898/2026.09.08.750074,2026,iPSC-Derived Chondroprogenitors as a Promising Cell Source for Cartilage Engineering: A Comparison with MSCs in Unmodified and Peptide-Functionalized Alginate Hydrogels,
EPMC_PPR1214884,methacrylated,"[""methacrylated""]",bulk_hydrogel,"[""bulk_hydrogel""]",in_vitro_cartilage,"[""in_vitro_cartilage""]","[""HA"", ""silk_fibrin""]","[""articular_chondrocyte""]",3D_encapsulation,human,,0,1,1,0,1,0,2026-09-26T18:34:14Z,,10.64898/2026.04.13.718180,2026,Photocrosslinkable silk fibroin-hyaluronic acid hybrid hydrogels enable chondrocyte-driven matrix deposition and mechanical maturation for cartilage tissue engineering,
EPMC_42604837,oxidized,"[""oxidized""]",injectable,"[""injectable""]",in_vitro_cartilage,"[""in_vitro_cartilage""]","[""alginate"", ""collagen"", ""gelatin"", ""cellulose""]","[""MSC""]",3D_encapsulation,human,,0,1,1,0,1,0,2026-09-26T18:34:14Z,42604837,10.1002/mabi.70243,2026,Mesenchymal Stem Cell-Laden Nanofibril-Reinforced Injectable and Self-Healing Alginate Dialdehyde/Gelatin Hydrogels with Enhanced Mechanical and Chondrogenic Performance In Vitro.,Macromolecular bioscience
EPMC_42034638,unmodified,[],bulk_hydrogel,"[""bulk_hydrogel""]",in_vitro_cartilage,"[""in_vitro_cartilage""]",[],[],3D_encapsulation,human,,0,1,1,0,1,0,2026-09-26T18:34:14Z,42034638,10.1038/s41467-026-72400-0,2026,Identification of synovial lymphatic system in the temporomandibular joint and their roles in arthritis and pain.,Nature communications
EPMC_42423501,unmodified,[],bulk_hydrogel,"[""bulk_hydrogel""]",in_vitro_cartilage,"[""in_vitro_cartilage""]",[],"[""articular_chondrocyte""]",3D_encapsulation,human,,0,1,1,0,1,0,2026-09-26T18:34:14Z,42423501,10.1002/advs.76477,2026,Kaempferol Attenuates Spaceflight-Associated Knee Cartilage Degradation by Targeting NOX4-Mediated Mitochondrial Dysfunction.,"Advanced science (Weinheim, Baden-Wurttemberg, Germany)"
EPMC_42518656,unmodified,[],microsphere,"[""microsphere"", ""injectable""]",in_vitro_cartilage,"[""in_vitro_cartilage""]",[],[],3D_encapsulation,murine,,0,1,1,0,1,0,2026-09-26T18:34:14Z,42518656,10.1016/j.bioactmat.2026.06.052,2026,Machine learning-guided discovery of a bioactive hydrogel for spatiotemporally orchestrated tendon-to-bone healing.,Bioactive materials
EPMC_42129950,unmodified,[],bulk_hydrogel,"[""bulk_hydrogel""]",in_vitro_cartilage,"[""in_vitro_cartilage""]","[""HA"", ""collagen""]","[""MSC""]",3D_encapsulation,human,,0,1,1,0,1,0,2026-09-26T18:34:14Z,42129950,10.15283/ijsc25106,2026,Stem Cell-Based Regeneration of Atrophied Vocal Folds after Recurrent Laryngeal Nerve Injury.,International journal of stem cells
EPMC_41595761,unmodified,[],bulk_hydrogel,"[""bulk_hydrogel""]",in_vitro_cartilage,"[""in_vitro_cartilage""]","[""fibrin""]","[""MSC""]",3D_encapsulation,murine,,0,1,1,0,1,0,2026-09-26T18:34:13Z,41595761,10.3390/biomedicines14010227,2026,Enhanced Bone Formation in Segmental Defect Healing Using 3D Printed Scaffolds Containing Bone Marrow Stromal Cells and Small Molecules Targeting Chondrogenesis and Osteogenesis.,Biomedicines
EPMC_41594073,unmodified,[],3d_printed,"[""3d_printed""]",in_vitro_cartilage,"[""in_vitro_cartilage""]",[],[],3D_bioprint,,,0,1,1,0,1,0,2026-09-26T18:34:13Z,41594073,10.3390/antibiotics15010036,2026,Smart Healing for Wound Repair: Emerging Multifunctional Strategies in Personalized Regenerative Medicine and Their Relevance to Orthopedics.,"Antibiotics (Basel, Switzerland)"
EPMC_41974925,unmodified,[],bulk_hydrogel,"[""bulk_hydrogel""]",in_vitro_cartilage,"[""in_vitro_cartilage""]",[],"[""adipose_MSC"", ""MSC""]",3D_encapsulation,murine,,0,1,1,0,1,0,2026-09-26T18:34:13Z,41974925,10.1038/s42003-026-10041-1,2026,CH25H-mediated cholesterol metabolism drives chondrogenic differentiation in adipose-derived stem cells and enhances cartilage repair.,Communications biology
EPMC_41974952,unmodified,[],bulk_hydrogel,"[""bulk_hydrogel""]",in_vitro_cartilage,"[""in_vitro_cartilage""]","[""HA"", ""collagen""]",[],3D_encapsulation,bovine,,0,1,1,0,1,0,2026-09-26T18:34:13Z,41974952,10.1007/s10856-026-07039-w,2026,Photosensitive and extracellular matrix-mimicking hydrogels promote the tendon-bone healing in rotator cuff injury.,Journal of materials science. Materials in medicine
EPMC_42212266,unmodified,[],bulk_hydrogel,"[""bulk_hydrogel""]",in_vitro_cartilage,"[""in_vitro_cartilage""]","[""HA"", ""collagen""]",[],3D_encapsulation,murine,,0,1,1,0,1,0,2026-09-26T18:34:13Z,42212266,10.3389/fphar.2026.1810048,2026,Anti-arthritic activities of cross-linked hyaluronic acid-dexamethasone hydrogel in a rat model of gouty arthritis.,Frontiers in pharmacology
EPMC_41625496,unmodified,[],bulk_hydrogel,"[""bulk_hydrogel""]",in_vitro_cartilage,"[""in_vitro_cartilage""]","[""silk_fibrin""]","[""MSC""]",3D_encapsulation,murine,,0,1,1,0,1,0,2026-09-26T18:34:13Z,41625496,10.1016/j.bioactmat.2026.01.009,2026,Precisely regulated physically-crosslinked carriers enable synergetic release of bioactive factors for MSC-mediated cartilage regeneration.,Bioactive materials
EPMC_41651851,unmodified,[],bulk_hydrogel,"[""bulk_hydrogel""]",in_vitro_cartilage,"[""in_vitro_cartilage""]",[],[],3D_encapsulation,,,0,1,1,0,1,0,2026-09-26T18:34:13Z,41651851,10.1038/s41467-026-69322-2,2026,Hierarchical picot-fiber hydrogel coating with ultralow friction and high wear resistance.,Nature communications
EPMC_42598518,unmodified,[],injectable,"[""injectable""]",in_vitro_cartilage,"[""in_vitro_cartilage""]",[],[],3D_encapsulation,,,0,1,1,0,1,0,2026-09-26T18:34:13Z,42598518,10.1016/j.bioactmat.2026.07.050,2026,Loss of EGFR activity in skeletal stem/progenitor cells is associated with impaired fracture healing in aged mice.,Bioactive materials
EPMC_41977122,unmodified,[],bulk_hydrogel,"[""bulk_hydrogel""]",in_vitro_cartilage,"[""in_vitro_cartilage""]","[""HA"", ""gelatin""]","[""MSC""]",3D_encapsulation,human,,0,1,1,0,1,0,2026-09-26T18:34:13Z,41977122,10.3390/ijms27072932,2026,Mechanically Soft Phase-Separated Gelatin/Hyaluronic Acid Hydrogels Support Long-Term Expansion of Human Mesenchymal Stem Cells While Preserving Multipotency.,International journal of molecular sciences
EPMC_PMC13298136,unmodified,[],bulk_hydrogel,"[""bulk_hydrogel""]",in_vitro_cartilage,"[""in_vitro_cartilage""]","[""PVA""]",[],3D_encapsulation,,,0,1,1,0,1,0,2026-09-26T18:34:13Z,,,2026,Freeze–Thaw-Induced Hybrid Porous PVA/PEG Hydrogels with Dynamic Load-Dissipation Capability for Cartilage Substitutes,"Gels (Basel, Switzerland)"
EPMC_41596573,unmodified,[],bulk_hydrogel,"[""bulk_hydrogel""]",in_vitro_cartilage,"[""in_vitro_cartilage""]",[],"[""articular_chondrocyte""]",3D_encapsulation,,,0,1,1,0,1,0,2026-09-26T18:34:12Z,41596573,10.3390/ijms27020926,2026,Spatiotemporal Regulation and Lineage Specification in Embryonic Endochondral Ossification.,International journal of molecular sciences
EPMC_41675681,methacrylated,"[""methacrylated""]",microsphere,"[""microsphere""]",in_vitro_cartilage,"[""in_vitro_cartilage""]","[""GelMA""]","[""MSC""]",3D_encapsulation,murine,,0,1,1,0,1,0,2026-09-26T18:34:12Z,41675681,10.1016/j.mtbio.2026.102851,2026,Orchestrating the immuno-chondrogenic microenvironment via a bio-inorganic hybrid microsphere system for tendon-to-bone healing.,Materials today. Bio
EPMC_42450646,unmodified,[],bulk_hydrogel,"[""bulk_hydrogel""]",in_vitro_cartilage,"[""in_vitro_cartilage""]","[""collagen""]","[""articular_chondrocyte""]",3D_encapsulation,,,0,1,1,0,1,0,2026-09-26T18:34:12Z,42450646,10.3390/ani16131939,2026,Eggshell Membrane Peptides Alleviate IL-1β-Induced Inflammatory Responses and Extracellular Matrix Degradation in Canine Chondrocytes by Inhibiting the NF-κB Signaling Pathway.,Animals : an open access journal from MDPI
EPMC_42576933,rgd_conjugated,"[""rgd_conjugated""]",bulk_hydrogel,"[""bulk_hydrogel""]",in_vitro_cartilage,"[""in_vitro_cartilage""]","[""chitosan""]",[],3D_encapsulation,murine,,0,1,1,0,1,0,2026-09-26T18:34:12Z,42576933,10.1016/j.mtbio.2026.103502,2026,"An intelligent tribological hydrogel delivering 9,10-DiOH activates cuproptosis for comprehensive rheumatoid arthritis intervention.",Materials today. Bio
EPMC_41503892,unmodified,[],3d_printed,"[""3d_printed""]",in_vitro_cartilage,"[""in_vitro_cartilage""]","[""collagen""]",[],3D_bioprint,,,0,1,1,0,1,0,2026-09-26T18:34:12Z,41503892,10.1002/smll.202510498,2026,Step-Ladder Bioprinting to Align Collagen Fibers for Anisotropic Tissue Fabrication.,"Small (Weinheim an der Bergstrasse, Germany)"
EPMC_41695772,unmodified,[],bulk_hydrogel,"[""bulk_hydrogel""]",in_vitro_cartilage,"[""in_vitro_cartilage""]","[""PEG"", ""chitosan""]",[],3D_encapsulation,,,0,1,1,0,1,0,2026-09-26T18:34:12Z,41695772,10.1016/j.ijpx.2026.100502,2026,ROS-triggered smart hydrogel adhesives for modulating the inflammatory microenvironment and promoting tendon-bone interface regeneration.,International journal of pharmaceutics: X
EPMC_41898749,methacrylated,"[""methacrylated""]",bulk_hydrogel,"[""bulk_hydrogel""]",in_vitro_cartilage,"[""in_vitro_cartilage""]","[""GelMA"", ""alginate"", ""chitosan"", ""gelatin""]","[""MSC""]",3D_encapsulation,murine,,0,1,1,0,1,0,2026-09-26T18:34:12Z,41898749,10.3390/ijms27062889,2026,Chitosan- and Gelatin-Based Composite Granular Hydrogels for Cartilage Tissue Regeneration.,International journal of molecular sciences
EPMC_42502817,unmodified,[],bulk_hydrogel,"[""bulk_hydrogel""]",in_vitro_cartilage,"[""in_vitro_cartilage""]","[""alginate"", ""collagen""]","[""articular_chondrocyte"", ""MSC""]",3D_encapsulation,human,,0,1,1,0,1,0,2026-09-26T18:34:12Z,42502817,10.1016/j.mtbio.2026.103434,2026,Triple-helical ligands for collagen-binding proteins improve cartilage extracellular matrix production in nasal chondrocytes.,Materials today. Bio
EPMC_41834276,methacrylated,"[""methacrylated""]",3d_printed,"[""3d_printed""]",in_vitro_cartilage,"[""in_vitro_cartilage""]","[""HA"", ""collagen""]",[],3D_bioprint,human,,0,1,1,0,1,0,2026-09-26T18:34:12Z,41834276,10.1002/adhm.202505855,2026,Packed for Ossification: High-Density Bioprinting of hPDC Spheroids in HAMA Toward Endochondral Ossification.,Advanced healthcare materials
EPMC_42340534,norbornene,"[""norbornene"", ""thiolated""]",fiber,"[""fiber""]",in_vitro_cartilage,"[""in_vitro_cartilage""]",[],[],3D_encapsulation,,,0,1,1,0,1,0,2026-09-26T18:34:12Z,42340534,10.1186/s41205-026-00330-0,2026,Enhancing bioactivity of 3D-printed porous scaffolds with self-assembling peptide hydrogels for cartilage tissue engineering.,3D printing in medicine
EPMC_42089215,sulfated,"[""sulfated""]",bulk_hydrogel,"[""bulk_hydrogel""]",in_vitro_cartilage,"[""in_vitro_cartilage""]","[""collagen""]","[""articular_chondrocyte""]",3D_encapsulation,human,,0,1,1,0,1,0,2026-09-26T18:34:12Z,42089215,10.1002/adhm.202505238,2026,Supramolecular Engineering of Fluid Pressure in Filamentous Hybrid Double Network Hydrogels for 3D Chondrocyte Culture.,Advanced healthcare materials
EPMC_42280615,unmodified,[],bulk_hydrogel,"[""bulk_hydrogel""]",in_vitro_cartilage,"[""in_vitro_cartilage""]","[""collagen"", ""chitosan"", ""silk_fibrin""]","[""articular_chondrocyte""]",3D_encapsulation,,TGF_b3,0,1,1,0,1,0,2026-09-26T18:34:12Z,42280615,10.3390/polym18111406,2026,Chitosan-Silk Fibroin Hydrogel Scaffold Incorporating Bioactive &lt;i&gt;Aloe vera&lt;/i&gt; and Mimosa Complex for Cartilage-Supportive Applications.,Polymers
AMBC_Jq0LBj0vKl9nLCzYFrGaSs6wlFJ,unmodified,[],bulk_hydrogel,"[""bulk_hydrogel""]",in_vitro_cartilage,"[""in_vitro_cartilage""]","[""collagen""]",[],3D_encapsulation,bovine,,0,1,1,0,1,0,2026-09-26T18:34:10Z,41603582,10.1115/1.4070964,2026,Intrinsic Viscoelasticity of Type II Collagen Contributes to the Viscoelastic Response of Immature Bovine Articular Cartilage Under Unconfined Compression Stress Relaxation,Journal of biomechanical engineering
AMBC_J63ovSs2WHNnTuFMTYRvFpnymmE,thiolated,"[""thiolated""]",bulk_hydrogel,"[""bulk_hydrogel""]",in_vitro_cartilage,"[""in_vitro_cartilage""]",[],[],3D_encapsulation,,,0,1,1,0,1,0,2026-09-26T18:34:10Z,41944315,10.1002/advs.202524144,2026,Millimeter-Scale Dual-Opposing RNA-Gradient Hydrogel for Interfacial Gene Silencing,"Advanced science (Weinheim, Baden-Wurttemberg, Germany)"
AMBC_QH1giZ8k0Sbv3yTJ2zf0NKLpnHK,unmodified,[],bulk_hydrogel,"[""bulk_hydrogel""]",in_vitro_cartilage,"[""in_vitro_cartilage""]","[""collagen"", ""agarose""]","[""articular_chondrocyte""]",3D_encapsulation,bovine,,0,1,1,0,1,0,2026-09-26T18:34:10Z,41274617,10.1016/j.actbio.2025.11.037,2026,A latent TGF-β conjugated scaffold improves neocartilage development,Acta biomaterialia
AMBC_9mVIiQRx70mhzk1qatAXiifnzZl,unmodified,[],monolayer,"[""monolayer""]",in_vitro_cartilage,"[""in_vitro_cartilage""]","[""alginate"", ""gelatin""]","[""MSC""]",2D,human,,0,1,1,0,1,0,2026-09-26T18:34:10Z,40407303,10.1089/ten.tea.2025.0028,2026,Donor Variability and 3D Culture Models Influence Human Mesenchymal Stem Cell Differentiation,Tissue engineering. Part A
AMBC_YrXjqbStC9ECpZ7rrtwhCOZzv2Z,unmodified,[],bulk_hydrogel,"[""bulk_hydrogel""]",in_vitro_cartilage,"[""in_vitro_cartilage""]","[""collagen""]","[""articular_chondrocyte""]",3D_encapsulation,,,0,1,1,0,1,0,2026-09-26T18:34:10Z,41389943,10.1016/j.actbio.2025.12.023,2026,Minipig costal and knee cartilage structure-function relationships and their use as cell sources for tissue-engineered analogous cellular products for cartilage repair,Acta biomaterialia
AMBC_YPe0O0QvhIBkhpd6x76QnwfOhIh,edc_nhs,"[""edc_nhs""]",injectable,"[""injectable""]",in_vitro_cartilage,"[""in_vitro_cartilage""]","[""cellulose""]",[],3D_encapsulation,,,0,1,1,0,1,0,2026-09-26T18:34:10Z,41482958,10.1021/acs.biomac.5c01591,2026,Injectable pH- and Temperature-Responsive Hydrogels for Scaffold Applications in Tissue Engineering,Biomacromolecules
AMBC_DZiTRULLwR8F28NRQfnicqbRque,unmodified,[],bulk_hydrogel,"[""bulk_hydrogel""]",in_vitro_cartilage,"[""in_vitro_cartilage""]","[""collagen""]",[],3D_encapsulation,,,0,1,1,0,1,0,2026-09-26T18:34:10Z,41977366,10.3390/ijms27073181,2026,"Special Issue ""Ligament/Tendon and Cartilage Tissue Engineering and Reconstruction""",International journal of molecular sciences
AMBC_4GXlIYD5GWPGS2PajAUlLDMF5FW,unmodified,[],bulk_hydrogel,"[""bulk_hydrogel""]",in_vitro_cartilage,"[""in_vitro_cartilage""]","[""gelatin""]",[],3D_encapsulation,human,TGF_b3,0,1,1,0,1,0,2026-09-26T18:34:10Z,41582431,10.1021/acsami.5c20922,2026,Mechanical Memory Induction by Microgrooved Hydrogels Enables Stem Cell-Driven Cartilage Repair,ACS applied materials & interfaces
AMBC_6L7fYHxnvyGRdDuxWIHqtEZ6CJz,unmodified,[],bulk_hydrogel,"[""bulk_hydrogel""]",in_vitro_cartilage,"[""in_vitro_cartilage""]","[""collagen""]","[""MSC""]",3D_encapsulation,human,,0,1,1,0,1,0,2026-09-26T18:34:10Z,41566779,10.1016/j.ymthe.2026.01.018,2026,JMJD3 and UTX as key targets for gene-modified mesenchymal stem cell therapy in cartilage tissue engineering,Molecular therapy : the journal of the American Society of Gene Therapy
AMBC_4C8CHIki4kFdfvDTYhZVYbNowDH,unmodified,[],3d_printed,"[""3d_printed""]",in_vitro_cartilage,"[""in_vitro_cartilage""]","[""HA""]","[""MSC""]",3D_bioprint,,,0,1,1,0,1,0,2026-09-26T18:34:10Z,41590118,10.3390/gels12010093,2026,Dual-Channel Extrusion-Based 3D Printing of a Gradient Hydroxyapatite Hydrogel Scaffold with Spatial Curved Architecture,"Gels (Basel, Switzerland)"
AMBC_3Rre6LvRmqd2QteMQRuTzAJMEzb,unmodified,[],bulk_hydrogel,"[""bulk_hydrogel""]",in_vitro_cartilage,"[""in_vitro_cartilage""]",[],[],3D_encapsulation,,,0,1,1,0,1,0,2026-09-26T18:34:10Z,41830205,10.1002/anie.202524676,2026,Enhancing Superlubricity and Wear Resistance in Mechanically Robust Hydrogel via Microliter-Scale Subsurface-Initiated Polymer Brush Grafting,Angewandte Chemie (International ed. in English)
AMBC_MjPL9Dfv0P6vIi9C8qayVrUAC14,unmodified,[],porous_scaffold,"[""porous_scaffold""]",in_vitro_cartilage,"[""in_vitro_cartilage""]",[],"[""articular_chondrocyte""]",3D_encapsulation,human,,0,1,1,0,1,0,2026-09-26T18:34:10Z,42395453,10.64898/2026.06.20.733538,2026,"Particle-Only gECM Wafers Enable Cohesive, ECM-Rich Scaffolds Without Secondary Polymers",bioRxiv : the preprint server for biology
AMBC_XC2eqRdgPzFOMHuYhiqDWT1R9f1,unmodified,[],bulk_hydrogel,"[""bulk_hydrogel""]",in_vitro_cartilage,"[""in_vitro_cartilage""]",[],"[""articular_chondrocyte""]",3D_encapsulation,,,0,1,1,0,1,0,2026-09-26T18:34:10Z,40402857,10.1089/ten.teb.2024.0316,2026,The Regulation of Pericellular Matrix Synthesis During Articular Cartilage Tissue Engineering,"Tissue engineering. Part B, Reviews"
AMBC_M0nalsoKUgnKaI5zXf9QX0k0ffC,unmodified,[],injectable,"[""injectable""]",in_vitro_cartilage,"[""in_vitro_cartilage""]",[],"[""articular_chondrocyte""]",3D_encapsulation,murine,,0,1,1,0,1,0,2026-09-26T18:34:10Z,41287253,10.1002/adhm.202502326,2026,LRRC15 Silencing Reprograms Costal Chondrocytes with Enhanced Anti-Hypertrophic Capacity for Functional Cartilage Regeneration,Advanced healthcare materials
AMBC_PwnNgD2hVHUDgoq8FmABsxDL8ab,methacrylated,"[""methacrylated""]",bilayer,"[""bilayer""]",in_vitro_cartilage,"[""in_vitro_cartilage""]","[""silk_fibrin""]",[],3D_encapsulation,,,0,1,1,0,1,0,2026-09-26T18:34:10Z,41506135,10.1016/j.colsurfb.2026.115425,2026,Fabrication of SilMA hydrogels with stiffness gradients for soft-to-hard interface tissue engineering,"Colloids and surfaces. B, Biointerfaces"
AMBC_a9H1EVTasFsa0qSHMVfTIEObKs5,unmodified,[],3d_printed,"[""3d_printed""]",in_vitro_cartilage,"[""in_vitro_cartilage""]","[""collagen""]","[""articular_chondrocyte""]",3D_bioprint,,,0,1,1,0,1,0,2026-09-26T18:34:10Z,41541279,10.1016/j.bioactmat.2025.12.013,2026,Cell-only bioprinting of articular cartilage progenitor cells within a physically constraining support bath to engineer structurally organized grafts,Bioactive materials
AMBC_EADb1wYW8Y7fqQ7HjH26ZTpjNFc,unmodified,[],bulk_hydrogel,"[""bulk_hydrogel""]",in_vitro_cartilage,"[""in_vitro_cartilage""]","[""HA""]",[],3D_encapsulation,,,0,1,1,0,1,0,2026-09-26T18:34:10Z,42182499,10.64898/2026.05.06.723348,2026,Granular Extracellular Matrix (gECM) Hydrogels Enable Distinct Composition and Mechanics Across Tissue Types for Translation,bioRxiv : the preprint server for biology
AMBC_K8pMZ1oBn9hZPKFZTOxAXPiDv8z,unmodified,[],bulk_hydrogel,"[""bulk_hydrogel""]",in_vitro_cartilage,"[""in_vitro_cartilage""]",[],"[""articular_chondrocyte"", ""MSC""]",3D_encapsulation,,,0,1,1,0,1,0,2026-09-26T18:34:10Z,41839567,10.7507/1002-1892.202510025,2026,Application of Kartogenin in cartilage tissue engineering,Zhongguo xiu fu chong jian wai ke za zhi = Zhongguo xiufu chongjian waike zazhi = Chinese journal of reparative and reconstructive surgery
AMBC_5v8UQSijVPHcZ5oklOEcUu58ih0,unmodified,[],injectable,"[""injectable""]",in_vitro_cartilage,"[""in_vitro_cartilage""]","[""collagen""]","[""MSC""]",3D_encapsulation,murine,TGF_b3,0,1,1,0,1,0,2026-09-26T18:34:10Z,42335966,10.1088/1748-605X/ae810c,2026,An injectable biomimetic hydrogel with tethered TGFβ3 for treatment in a rat growth plate injury model,"Biomedical materials (Bristol, England)"
AMBC_Px9bftg5Y5E8pCViumpfkoZJdoi,unmodified,[],bulk_hydrogel,"[""bulk_hydrogel""]",in_vitro_cartilage,"[""in_vitro_cartilage""]","[""alginate"", ""gelatin""]",[],3D_encapsulation,,,0,1,1,0,1,0,2026-09-26T18:34:10Z,41418948,10.1016/j.ijbiomac.2025.149743,2026,Sodium alginate-type B gelatin double-network hydrogels: the dual actions of ionic crosslinking and the salting-out effect,International journal of biological macromolecules
AMBC_RO0Tz69GLo2I3SDRROasyvCP0UR,unmodified,[],bulk_hydrogel,"[""bulk_hydrogel""]",in_vitro_cartilage,"[""in_vitro_cartilage""]","[""PEG""]","[""MSC""]",3D_encapsulation,human,,0,1,1,0,1,0,2026-09-26T18:34:10Z,41909512,10.1016/j.bioactmat.2026.03.014,2026,Adaptable sliding hydrogels enable pericellular pocket formation while enhancing MSC chondrogenesis and survival in 3D,Bioactive materials
AMBC_18oPlqOG9mEKKcUdLZnFCTTtP1p,sulfated,"[""sulfated""]",bulk_hydrogel,"[""bulk_hydrogel""]",in_vitro_cartilage,"[""in_vitro_cartilage""]","[""HA"", ""collagen""]","[""articular_chondrocyte""]",3D_encapsulation,,,0,1,1,0,1,0,2026-09-26T18:34:10Z,41837055,10.1097/RC9.0000000000000103,2026,Col II-CS-HA cartilage biomimetic matrix gel provides a new treatment option for huge cartilage defects - a case report,International journal of surgery case reports
AMBC_O6BsPO7rlT0lLgEbmYxP52l6M32,methacrylated,"[""methacrylated""]",bulk_hydrogel,"[""bulk_hydrogel""]",in_vitro_cartilage,"[""in_vitro_cartilage""]","[""chitosan""]","[""adipose_MSC""]",3D_encapsulation,human,,0,1,1,0,1,0,2026-09-26T18:34:10Z,42675886,10.1021/acsami.6c09000,2026,Highly Mechanically Robust Human-Derived Hydrogels for Tissue Engineering Applications,ACS applied materials & interfaces
AMBC_TeXjmI7VHd9IiFyof99vDy4mTOf,unmodified,[],bulk_hydrogel,"[""bulk_hydrogel""]",in_vitro_cartilage,"[""in_vitro_cartilage""]",[],[],3D_encapsulation,,,0,1,1,0,1,0,2026-09-26T18:34:10Z,41858727,10.1016/j.bioactmat.2026.03.011,2026,Reprogrammable 4D tissue engineering hydrogel scaffold via reversible ion printing,Bioactive materials
AMBC_Rwp3QMT9qdC7UlogHJOg5c0os8Y,dopamine,"[""dopamine""]",injectable,"[""injectable""]",in_vitro_cartilage,"[""in_vitro_cartilage""]","[""HA""]",[],3D_encapsulation,murine,,0,1,1,0,1,0,2026-09-26T18:34:10Z,42328819,10.1002/adhm.71374,2026,Injectable Composite Hydrogels Orchestrating Macrophage Reprogramming and Chondrogenesis to Promote Microfracture-Assisted Cartilage Repair,Advanced healthcare materials
AMBC_JSry4SMkK9DvhrKWQ6ziQqp4wOC,sulfated,"[""sulfated""]",bulk_hydrogel,"[""bulk_hydrogel""]",in_vitro_cartilage,"[""in_vitro_cartilage""]","[""collagen"", ""chitosan""]","[""articular_chondrocyte"", ""MSC""]",3D_encapsulation,murine,,0,1,1,0,1,0,2026-09-26T18:34:10Z,41892583,10.3390/gels12030261,2026,Formulation and 3D Printing of Collagen/Chitosan Inks: Tailoring the Scaffold Properties,"Gels (Basel, Switzerland)"
AMBC_MHl8pdmN6GQcFGFgd2s6qVy6PAp,unmodified,[],bulk_hydrogel,"[""bulk_hydrogel""]",in_vitro_cartilage,"[""in_vitro_cartilage""]","[""HA"", ""alginate"", ""collagen"", ""gelatin""]","[""MSC""]",3D_encapsulation,,,0,1,1,0,1,0,2026-09-26T18:34:10Z,41554255,10.1088/1748-605X/ae3a2a,2026,3D-printed EXOs/BMSCs composite hydrogel scaffolds for thyroid cartilage defect repair,"Biomedical materials (Bristol, England)"
AMBC_CX26FqAwr70X6rG6s9s6m0YaaCI,sulfated,"[""sulfated""]",bulk_hydrogel,"[""bulk_hydrogel""]",in_vitro_cartilage,"[""in_vitro_cartilage""]","[""collagen""]","[""articular_chondrocyte""]",3D_encapsulation,,,0,1,1,0,1,0,2026-09-26T18:34:10Z,42421179,10.1002/mabi.202300481,2026,Antioxidant Ascorbic Acid Influences Cell-mediated Alterations in Localized Hydrogel Crosslinking and Affects Neo-Cartilage Connectivity in Hydrolytically Degradable Hydrogels,Macromolecular bioscience
AMBC_1jd86FyBWuUcnvwkxuuIGzwBSnU,unmodified,[],bulk_hydrogel,"[""bulk_hydrogel""]",in_vitro_cartilage,"[""in_vitro_cartilage""]","[""collagen""]","[""MSC""]",3D_encapsulation,,,0,1,1,0,1,0,2026-09-26T18:34:10Z,41993616,10.7150/thno.126710,2026,Biomimetic ECM collagen hydrogel induces chondrogenic differentiation of BMSCs by activating autophagy through POU5F1-mediated AMPK/mTOR signaling pathway,Theranostics
AMBC_Trf14iffpsWEWwJgxwACzVLX1Z0,unmodified,[],bulk_hydrogel,"[""bulk_hydrogel""]",in_vitro_cartilage,"[""in_vitro_cartilage""]","[""HA"", ""collagen""]","[""articular_chondrocyte"", ""MSC""]",3D_encapsulation,human,,0,1,1,0,1,0,2026-09-26T18:34:10Z,41688374,10.1177/09636897251409464,2026,Collagen-hyaluronic acid hydrogel with embedded chondrocytes as a platform for modeling early stages of endochondral ossification in vitro,Cell transplantation
AMBC_MpcksBoPkskiGcfFALa0lnX0OZj,methacrylated,"[""methacrylated""]",bulk_hydrogel,"[""bulk_hydrogel""]",in_vitro_cartilage,"[""in_vitro_cartilage""]","[""GelMA"", ""collagen""]","[""articular_chondrocyte""]",3D_encapsulation,porcine,,0,1,1,0,1,0,2026-09-26T18:34:10Z,42257045,10.1155/term/9947868,2026,Mechanical Tuning of the Cell Microenvironment Using a Biomimetic Hydrogel System for Articular Cartilage Tissue Engineering,Journal of tissue engineering and regenerative medicine
AMBC_MDcT0sJFePhJfYBCWfQn3OznItY,unmodified,[],porous_scaffold,"[""porous_scaffold""]",in_vitro_cartilage,"[""in_vitro_cartilage""]","[""alginate"", ""collagen"", ""gelatin""]","[""MSC""]",3D_encapsulation,,,0,1,1,0,1,0,2026-09-26T18:34:10Z,41967540,10.1016/j.ijbiomac.2026.151968,2026,3D-printed alginate/gelatin/ platelet-rich plasma composite scaffold with magnesium-containing bioactive glass for enhancing the chondrogenic differentiation of mesenchymal stem cells in cartilage tissue engineering,International journal of biological macromolecules
AMBC_3Rts8kukKxv72QW4dAzNPEathXK,unmodified,[],microsphere,"[""microsphere"", ""injectable""]",in_vitro_cartilage,"[""in_vitro_cartilage""]","[""chitosan"", ""gelatin"", ""dextran""]","[""MSC""]",3D_encapsulation,rabbit,,0,1,1,0,1,0,2026-09-26T18:34:10Z,42206193,10.1093/rb/rbag060,2026,Hybrid hydrogel system integrating thermoresponsive microspheres and KGN-loaded nanofibers enables efficient cartilage matrix regeneration,Regenerative biomaterials
AMBC_Y9lOaOu6abPoF9ft9onx6H9Ix3a,unmodified,[],3d_printed,"[""3d_printed""]",in_vitro_cartilage,"[""in_vitro_cartilage""]",[],[],3D_bioprint,,,0,1,1,0,1,0,2026-09-26T18:34:10Z,42266274,10.3389/fbioe.2026.1698245,2026,The application of tissue engineering in cartilage regeneration: technological advances and future challenges,Frontiers in bioengineering and biotechnology
AMBC_UO9vs4KfFTuOxLk1W9dSqhnHI3P,click,"[""click""]",bulk_hydrogel,"[""bulk_hydrogel""]",in_vitro_cartilage,"[""in_vitro_cartilage""]","[""HA"", ""collagen"", ""gelatin""]",[],3D_encapsulation,,,0,1,1,0,1,0,2026-09-26T18:34:10Z,41717958,10.1002/adhm.202505013,2026,Diels-Alder Click Chemistry as a Dynamic-Covalent Crosslinking Method in Spheroid-Encapsulating Hydrogels for Cartilage Engineering,Advanced healthcare materials
AMBC_8JP4NkhyLZwY1qFGlVKoweHXCEk,unmodified,[],bulk_hydrogel,"[""bulk_hydrogel""]",in_vitro_cartilage,"[""in_vitro_cartilage""]","[""chitosan""]","[""ATDC5""]",3D_encapsulation,,,0,1,1,0,1,0,2026-09-26T18:34:10Z,42143140,10.1038/s41598-026-53640-y,2026,3D printed hydrogel scaffold incorporating keratin and melatonin-loaded nanomicelles for cartilage tissue engineering,Scientific reports
AMBC_97KU8yrfS4L20Uq0WMenS1QVVsi,oxidized,"[""oxidized""]",injectable,"[""injectable""]",in_vitro_cartilage,"[""in_vitro_cartilage""]","[""alginate"", ""gelatin""]","[""ATDC5""]",3D_encapsulation,,,0,1,1,0,1,0,2026-09-26T18:34:10Z,41708054,10.1021/acsbiomaterials.5c01832,2026,Injectable in Situ Cross-linked Oxidized Alginate-Gelatin-Based Hydrogels for Cartilage Tissue Engineering,ACS biomaterials science & engineering
AMBC_GVXCYy4CgawSke6GZfa4YdmBYgO,methacrylated,"[""methacrylated""]",bulk_hydrogel,"[""bulk_hydrogel""]",in_vitro_cartilage,"[""in_vitro_cartilage""]","[""GelMA"", ""collagen""]","[""articular_chondrocyte"", ""MSC""]",3D_encapsulation,human,,0,1,1,0,1,0,2026-09-26T18:34:10Z,42009041,10.1088/1758-5090/ae61f5,2026,Light-activated cartilage decellularised extracellular matrix hydrogels for engineering chondrogenic microenvironments with localised oxygen control,Biofabrication
AMBC_2jmbllh7BIxxycc7jY21YyNY9j0,unmodified,[],bulk_hydrogel,"[""bulk_hydrogel""]",in_vitro_cartilage,"[""in_vitro_cartilage""]","[""collagen""]","[""articular_chondrocyte""]",3D_encapsulation,human,,0,1,1,0,1,0,2026-09-26T18:34:07Z,42682878,10.3389/fcell.2026.1898879,2026,Emerging molecular mechanisms of the ECM-exosome growth-plate axis in idiopathic short stature,Frontiers in cell and developmental biology
AMBC_MbqcwtQ2Vo7YUErNw8GO1JDeM5u,unmodified,[],injectable,"[""injectable""]",in_vitro_cartilage,"[""in_vitro_cartilage""]",[],[],3D_encapsulation,,,0,1,1,0,1,0,2026-09-26T18:34:07Z,42582377,10.3389/fcell.2026.1802968,2026,Pediatric physeal repair: from immune-angiogenic-osteogenic coupling to zonal biomimetic scaffolds,Frontiers in cell and developmental biology
AMBC_50xKUsKyxSbFeVLv7eTgBCMf0jw,unmodified,[],monolayer,"[""monolayer""]",in_vitro_cartilage,"[""in_vitro_cartilage""]","[""alginate""]","[""articular_chondrocyte""]",2D,human,,0,1,1,0,1,0,2026-09-26T18:34:06Z,41960356,10.3389/fvets.2026.1802356,2026,Combination of hypoxia and hyperosmolarity reduces in vitro chondrocyte de-differentiation,Frontiers in veterinary science
AMBC_JzydQN6sA91gk83tTfodgTS5jBX,unmodified,[],fiber,"[""fiber""]",in_vitro_cartilage,"[""in_vitro_cartilage""]","[""collagen"", ""chitosan"", ""silk_fibrin""]","[""articular_chondrocyte""]",3D_encapsulation,,,0,1,1,0,1,0,2026-09-26T18:34:06Z,40965844,10.1515/znc-2025-0118,2026,Unrevealing the potential of fibrous biomaterials in cartilage tissue engineering: a review,"Zeitschrift fur Naturforschung. C, Journal of biosciences"
AMBC_UpfJ40aT65MK4KzwrfR5qhSNQEc,unmodified,[],bulk_hydrogel,"[""bulk_hydrogel""]",in_vitro_cartilage,"[""in_vitro_cartilage""]",[],"[""articular_chondrocyte""]",3D_encapsulation,human,,0,1,1,0,1,0,2026-09-26T18:34:06Z,42182122,10.64898/2026.05.10.724134,2026,Reprogramming Dedifferentiation Regulatory Networks Preserves Human Chondrocyte Phenotypes,bioRxiv : the preprint server for biology
AMBC_LtiTmHBcXVcBW76vRNjO24y0GPe,unmodified,[],bulk_hydrogel,"[""bulk_hydrogel""]",in_vitro_cartilage,"[""in_vitro_cartilage""]","[""PVA""]","[""articular_chondrocyte""]",3D_encapsulation,,,0,1,1,0,1,0,2026-09-26T18:34:06Z,42605633,10.1002/adma.74656,2026,Engineering Cartilage-Like PVA Hydrogels: Dual-Stage Crystallization Kinetics Regulations Overcome the Strength-Water Content Trade-Off,"Advanced materials (Deerfield Beach, Fla.)"
AMBC_MFQ910vst3LikPeAGjgnFUpblyr,tyramine,"[""tyramine""]",bulk_hydrogel,"[""bulk_hydrogel""]",in_vitro_cartilage,"[""in_vitro_cartilage""]","[""HA"", ""collagen""]","[""articular_chondrocyte""]",3D_encapsulation,,,0,1,1,0,1,0,2026-09-26T18:34:06Z,42639416,10.1039/d6ra01580h,2026,Crosslinking strategies govern the morphology and biological performance of decellularized extracellular matrix particle-tyramine-modified hyaluronic acid hydrogels,RSC advances
AMBC_NVKO3AgXngvoUFYWl4qJwcjVVBJ,freeze_thaw,"[""freeze_thaw""]",bulk_hydrogel,"[""bulk_hydrogel""]",in_vitro_cartilage,"[""in_vitro_cartilage""]","[""alginate"", ""gelatin"", ""PVA""]","[""articular_chondrocyte""]",3D_encapsulation,,,0,1,1,0,1,0,2026-09-26T18:34:06Z,42107061,10.1002/advs.75611,2026,A Piezo-Mimetic Ionic Hydrogel Harnessing Joint Motion for Cartilage Repair,"Advanced science (Weinheim, Baden-Wurttemberg, Germany)"
AMBC_VJbPaLob3tJjORnsyIJ9iPZXYs9,sulfated,"[""sulfated""]",injectable,"[""injectable""]",in_vitro_cartilage,"[""in_vitro_cartilage""]",[],"[""articular_chondrocyte""]",3D_encapsulation,,,0,1,1,0,1,0,2026-09-26T18:34:06Z,40662273,10.1002/smtd.202500605,2026,Mannose Oligosaccharide-Conjugated In Situ Pore-Forming Injectable Hydrogels for Rheumatoid Arthritis Treatment by Reprogramming Macrophage Extracellular Vesicles,Small methods
AMBC_K4qHsvUl0dVrc9ULnxqU1K5xMJx,unmodified,[],bulk_hydrogel,"[""bulk_hydrogel""]",in_vitro_cartilage,"[""in_vitro_cartilage""]","[""collagen""]","[""articular_chondrocyte""]",3D_encapsulation,,,0,1,1,0,1,0,2026-09-26T18:34:06Z,42525300,10.1007/s00508-026-02794-w,2026,Clinical follow-up 7-12 years after autologous chondrocyte implantation with a hydrogel scaffold (CaReS©) in knee cartilage defects,Wiener klinische Wochenschrift
AMBC_OWyCJq9jchPUv7HaEosbpajh8IK,unmodified,[],bulk_hydrogel,"[""bulk_hydrogel""]",in_vitro_cartilage,"[""in_vitro_cartilage""]","[""alginate""]","[""articular_chondrocyte""]",3D_encapsulation,porcine,,0,1,1,0,1,0,2026-09-26T18:34:06Z,42098489,10.1007/s10439-026-04170-1,2026,Microcavitary Alginate Hydrogel Reverses Chondrocyte Dedifferentiation via Temporal Modulation of the p53 Pathway,Annals of biomedical engineering
AMBC_WgHLpSRBfMkp0DVJx89rx2PCd9D,unmodified,[],bulk_hydrogel,"[""bulk_hydrogel""]",in_vitro_cartilage,"[""in_vitro_cartilage""]","[""alginate""]","[""articular_chondrocyte""]",3D_encapsulation,bovine,,0,1,1,0,1,0,2026-09-26T18:34:06Z,42603865,10.1002/adhm.71592,2026,Cell-Cell Interaction of Chondrocytes in Porous Alginate Hydrogels With Different Spatial Cell Distributions and Its Influence on Cell Functions,Advanced healthcare materials
EPMC_41546527,unmodified,[],3d_printed,"[""3d_printed""]",bioprinting,"[""bioprinting""]",[],"[""MSC""]",3D_bioprint,,,0,1,1,0,1,0,2026-09-26T18:34:13Z,41546527,10.1177/09636897251410650,2026,3D bioprinting and mesenchymal stem cells: A bibliometric analysis of emerging trends and advancements.,Cell transplantation
EPMC_42042269,unmodified,[],3d_printed,"[""3d_printed""]",bioprinting,"[""bioprinting"", ""in_vitro_cartilage""]","[""alginate"", ""collagen"", ""cellulose""]","[""articular_chondrocyte""]",3D_bioprint,human,,0,1,1,0,1,0,2026-09-26T18:34:13Z,42042269,10.3390/jfb17040163,2026,Biological Impact of Extrusion Bioprinting Nasoseptal Chondrocytes for Tissue Engineering Applications.,Journal of functional biomaterials
EPMC_41898453,unmodified,[],3d_printed,"[""3d_printed""]",bioprinting,"[""bioprinting"", ""in_vitro_cartilage""]",[],[],3D_bioprint,,,0,1,1,0,1,0,2026-09-26T18:34:13Z,41898453,10.3390/ijms27062589,2026,The Role of 3D Printing in Regenerative Medicine: A Game-Changer in Tissue Engineering.,International journal of molecular sciences
EPMC_42027395,unmodified,[],3d_printed,"[""3d_printed""]",bioprinting,"[""bioprinting"", ""in_vitro_cartilage""]","[""HA"", ""collagen""]","[""MSC""]",3D_bioprint,,,0,1,1,0,1,0,2026-09-26T18:34:12Z,42027395,10.3389/fbioe.2026.1749259,2026,Tissue maturation and development of mechanical properties in hyaluronic acid bioink-based cartilaginous constructs.,Frontiers in bioengineering and biotechnology
EPMC_42196073,unmodified,[],3d_printed,"[""3d_printed""]",bioprinting,"[""bioprinting""]","[""alginate"", ""collagen"", ""gelatin""]","[""MSC""]",3D_bioprint,human,,0,1,1,0,1,0,2026-09-26T18:34:12Z,42196073,10.3390/gels12050387,2026,hBM-MSC-Laden 3D Bioprinted Gelatin-Alginate Hydrogels: Physicochemical Characterisation and Osteogenic Lineage Commitment.,"Gels (Basel, Switzerland)"
AMBC_9Vs5KS4xD2U2GyxubOoogNpxnjy,unmodified,[],3d_printed,"[""3d_printed""]",bioprinting,"[""bioprinting"", ""in_vitro_cartilage""]",[],[],3D_bioprint,,,0,1,1,0,1,0,2026-09-26T18:34:10Z,42619726,10.64898/2026.07.27.740975,2026,Self-Actuating 4D Cell-Strand Bioprinting,bioRxiv : the preprint server for biology
AMBC_8Gg9de0qo3SzjieZ0bUvVyCerqO,methacrylated,"[""methacrylated""]",3d_printed,"[""3d_printed""]",bioprinting,"[""bioprinting"", ""in_vitro_cartilage""]","[""HA""]",[],3D_bioprint,rabbit,,0,1,1,0,1,0,2026-09-26T18:34:10Z,42621163,10.1016/j.mtbio.2026.103546,2026,"Multi-omics-guided HAMA/PLMA bioink integrating mechanical support, antibacterial protection, and liposomal kartogenin for cartilage regeneration",Materials today. Bio
AMBC_RlUPtDyf3kh8OIwKw4htGPuqTQZ,sulfated,"[""sulfated""]",3d_printed,"[""3d_printed""]",bioprinting,"[""bioprinting"", ""in_vitro_cartilage""]","[""alginate"", ""chitosan"", ""gelatin""]","[""articular_chondrocyte""]",3D_bioprint,,,0,1,1,0,1,0,2026-09-26T18:34:10Z,41879208,10.1021/acsabm.5c01783,2026,Tailoring Bioink Properties via Nanofibrous Polyelectrolyte Complexes of Distinct Polymeric Classes for Cartilage Tissue Engineering,ACS applied bio materials
AMBC_HDa9xwTcFxNs4QuMq303AaB9pe,methacrylated,"[""methacrylated""]",3d_printed,"[""3d_printed""]",bioprinting,"[""bioprinting"", ""in_vitro_cartilage""]","[""collagen""]","[""MSC""]",3D_bioprint,,,0,1,1,0,1,0,2026-09-26T18:34:10Z,41811532,10.1007/s10856-026-07024-3,2026,Development of biodegradable methacrylated guar gum 3D bioprinting bioinks for stem cell delivery and cartilage tissue engineering,Journal of materials science. Materials in medicine
AMBC_AhqIacYtIssiAuh6dWX2qIcnQah,unmodified,[],3d_printed,"[""3d_printed""]",bioprinting,"[""bioprinting"", ""in_vitro_cartilage""]","[""alginate"", ""collagen"", ""fibrin""]","[""articular_chondrocyte""]",3D_bioprint,,,0,1,1,0,1,0,2026-09-26T18:34:06Z,42319134,10.1039/d6bm00467a,2026,Bioprinting chondrocyte hydrogel cultures onto fibre membranes for cartilage defect repair,Biomaterials science
EPMC_41824109,unmodified,[],bulk_hydrogel,"[""bulk_hydrogel""]",auricular,"[""auricular"", ""in_vivo_repair"", ""in_vitro_cartilage""]","[""fibrin""]","[""adipose_MSC"", ""MSC""]",3D_encapsulation,human,,0,1,1,0,1,0,2026-09-26T18:34:14Z,41824109,10.1007/s10561-026-10219-1,2026,"Microenvironment-directed chondrogenesis of adipose-derived mesenchymal stem cells in hyaline, elastic, and fibrocartilage in vivo.",Cell and tissue banking
EPMC_42318054,unmodified,[],bulk_hydrogel,"[""bulk_hydrogel""]",auricular,"[""auricular"", ""in_vitro_cartilage""]",[],[],3D_encapsulation,rabbit,,0,1,1,0,1,0,2026-09-26T18:34:13Z,42318054,10.1016/j.bioactmat.2026.05.049,2026,Unconventional auricular reconstruction using controlled scaffold buckling and chondrogenic cocktail containing muscle-derived cells.,Bioactive materials
EPMC_41631209,unmodified,[],3d_printed,"[""3d_printed""]",auricular,"[""auricular"", ""bioprinting"", ""in_vitro_cartilage""]","[""collagen""]","[""articular_chondrocyte""]",3D_bioprint,,,0,1,1,0,1,0,2026-09-26T18:34:12Z,41631209,10.1016/j.mtbio.2026.102826,2026,3D bioprinted composite scaffold incorporating microfluidics-derived chondrocyte microspheroids promotes auricular cartilage regeneration.,Materials today. Bio
AMBC_YDM1wQH4ndMzsMvy4xWWaIVnZmK,unmodified,[],bulk_hydrogel,"[""bulk_hydrogel""]",auricular,"[""auricular"", ""in_vivo_repair"", ""in_vitro_cartilage""]","[""collagen""]","[""articular_chondrocyte"", ""auricular_chondrocyte""]",3D_encapsulation,human,,0,1,1,0,1,0,2026-09-26T18:34:10Z,42457006,10.1016/j.actbio.2026.07.019,2026,Modular assembly of human auricular chondrocyte-derived microtissues for ear cartilage tissue engineering,Acta biomaterialia
AMBC_EsnSH5i5N4kkJvCmFFd0lxmLgWM,unmodified,[],3d_printed,"[""3d_printed""]",auricular,"[""auricular"", ""in_vitro_cartilage""]",[],"[""articular_chondrocyte"", ""auricular_chondrocyte""]",3D_bioprint,,,0,1,1,0,1,0,2026-09-26T18:34:10Z,42746464,10.3389/fbioe.2026.1835403,2026,Auricular cartilage tissue engineering: from making cartilage to regenerating a shape-stable elastic organ,Frontiers in bioengineering and biotechnology
AMBC_CACDpO7ZhyJalTXsYtUBOB7lbIU,unmodified,[],bilayer,"[""bilayer"", ""microsphere"", ""injectable""]",auricular,"[""auricular"", ""in_vivo_repair"", ""in_vitro_cartilage""]",[],"[""MSC""]",3D_encapsulation,rabbit,,0,1,1,0,1,0,2026-09-26T18:34:10Z,42727235,10.1039/d6tb01398h,2026,A cascade-release microsphere-engineered injectable hydrogel enables immune remodeling and sustained chondrogenesis for facial cartilage regeneration,Journal of materials chemistry. B
AMBC_MKODPsEorFJw4HwbYqykcRnPWPC,methacrylated,"[""methacrylated""]",3d_printed,"[""3d_printed""]",auricular,"[""auricular"", ""bioprinting"", ""in_vitro_cartilage""]","[""GelMA"", ""alginate"", ""collagen""]","[""articular_chondrocyte"", ""adipose_MSC""]",3D_bioprint,,,0,1,1,0,1,0,2026-09-26T18:34:10Z,41359215,10.1007/s13770-025-00774-1,2026,GelMA Hydrogel/Alginate-Based Scaffolds: 3D Bioprinting for Cartilage Tissue Engineering,Tissue engineering and regenerative medicine
AMBC_AAth9HFFaKtKciOeN9041hU8oFb,sulfated,"[""sulfated""]",bulk_hydrogel,"[""bulk_hydrogel""]",auricular,"[""auricular"", ""in_vivo_repair"", ""in_vitro_cartilage""]","[""gelatin""]",[],3D_encapsulation,,,0,1,1,0,1,0,2026-09-26T18:34:10Z,41727271,10.1016/j.bioactmat.2026.01.025,2026,In vitro phenotypically stable cartilage regeneration with mechanically adaptable microenvironment using a hydrostatic pressure bioreactor,Bioactive materials
AMBC_E1JaFJFKUXRbSdFZQD5dI4Grdv6,methacrylated,"[""methacrylated""]",3d_printed,"[""3d_printed""]",auricular,"[""auricular"", ""in_vivo_repair"", ""in_vitro_cartilage""]","[""GelMA""]","[""articular_chondrocyte"", ""auricular_chondrocyte""]",3D_bioprint,human,,0,1,1,0,1,0,2026-09-26T18:34:06Z,42106949,10.1002/adhm.202505389,2026,Enhanced Auricular Cartilage Regeneration via 3D-Printed Hydrogel With miR-92a-3p-Enriched Platelet-Rich Plasma-Derived Extracellular Vesicles,Advanced healthcare materials
EPMC_39814285,methacrylated,"[""methacrylated""]",bulk_hydrogel,"[""bulk_hydrogel""]",osteochondral,"[""osteochondral"", ""in_vitro_cartilage""]","[""GelMA"", ""gelatin""]",[],3D_encapsulation,human,,0,1,1,0,1,0,2026-09-26T18:34:14Z,39814285,10.1016/j.ijbiomac.2025.139860,2025,Biomimetic bone cartilage scaffolds based on trilayer methacrylated hydroxyapatite/GelMA composites for full-thickness osteochondral regeneration.,International journal of biological macromolecules
EPMC_40156774,unmodified,[],bilayer,"[""bilayer""]",osteochondral,"[""osteochondral"", ""drug_delivery"", ""in_vitro_cartilage""]","[""gelatin""]",[],3D_encapsulation,,,0,1,1,0,1,0,2026-09-26T18:34:14Z,40156774,10.1002/advs.202412410,2025,ROS-Activated Nanohydrogel Scaffolds with Multi-Factors Controlled Release for Targeted Dual-Lineage Repair of Osteochondral Defects.,"Advanced science (Weinheim, Baden-Wurttemberg, Germany)"
EPMC_40657067,unmodified,[],bulk_hydrogel,"[""bulk_hydrogel""]",osteochondral,"[""osteochondral"", ""in_vitro_cartilage""]",[],"[""articular_chondrocyte"", ""MSC""]",3D_encapsulation,rabbit,,0,1,1,0,1,0,2026-09-26T18:34:14Z,40657067,10.1021/acsomega.5c02130,2025,MgAl-Layered Double Hydroxide-Modified Bioceramic Scaffolds for the Potential Application in Osteochondral Defect Repair.,ACS omega
EPMC_40012526,unmodified,[],bilayer,"[""bilayer""]",osteochondral,"[""osteochondral"", ""in_vivo_repair"", ""in_vitro_cartilage""]","[""collagen""]",[],3D_encapsulation,rabbit,,0,1,1,0,1,0,2026-09-26T18:34:14Z,40012526,10.1302/2046-3758.142.bjr-2024-0171.r1,2025,A bilayer scaffold of collagen and nanohydroxyapatite promotes osteochondral defect in rabbit knee joints.,Bone & joint research
EPMC_40297049,unmodified,[],bulk_hydrogel,"[""bulk_hydrogel""]",osteochondral,"[""osteochondral"", ""in_vitro_cartilage""]","[""collagen"", ""fibrin""]","[""articular_chondrocyte""]",3D_encapsulation,rabbit,,0,1,1,0,1,0,2026-09-26T18:34:14Z,40297049,10.1177/23259671251332620,2025,Effects of Silk-Elastin and SpheroSeev Mixture and Minced Cartilage on Cartilage Repair in Rabbit Osteochondral Defect Models.,Orthopaedic journal of sports medicine
EPMC_40212781,unmodified,[],bulk_hydrogel,"[""bulk_hydrogel""]",osteochondral,"[""osteochondral"", ""in_vitro_cartilage""]","[""alginate""]","[""MSC""]",3D_encapsulation,murine,,0,1,1,0,1,0,2026-09-26T18:34:14Z,40212781,10.1016/j.bioactmat.2025.03.013,2025,Continuous mechanical-gradient hydrogel with on-demand distributed Mn&lt;sup&gt;2+&lt;/sup&gt;/Mg-doped hydroxyapatite@Fe&lt;sub&gt;3&lt;/sub&gt;O&lt;sub&gt;4&lt;/sub&gt; for functional osteochondral regeneration.,Bioactive materials
EPMC_40487158,unmodified,[],bulk_hydrogel,"[""bulk_hydrogel""]",osteochondral,"[""osteochondral"", ""in_vitro_cartilage""]","[""alginate""]",[],3D_encapsulation,human,,0,1,1,0,1,0,2026-09-26T18:34:14Z,40487158,10.1016/j.mtbio.2025.101858,2025,"Additive manufacturing of patient-specific, biphasic implants with zonal design for regeneration of osteochondral defects-critical evaluation of the work flow from clinical MRI data to implantation.",Materials today. Bio
EPMC_41140963,unmodified,[],bilayer,"[""bilayer""]",osteochondral,"[""osteochondral"", ""in_vivo_repair"", ""in_vitro_cartilage""]",[],[],3D_encapsulation,murine,,0,1,1,0,1,0,2026-09-26T18:34:13Z,41140963,10.1016/j.bioactmat.2025.09.018,2025,Integrated 3D printing of topologically hierarchical mechanical hydrogel for accelerating osteochondral regeneration.,Bioactive materials
EPMC_40006520,methacrylated,"[""methacrylated""]",bilayer,"[""bilayer""]",osteochondral,"[""osteochondral"", ""in_vitro_cartilage""]","[""gelatin""]",[],3D_encapsulation,,,0,1,1,0,1,0,2026-09-26T18:34:13Z,40006520,10.3390/pharmaceutics17020153,2025,Three-Dimensional-Printed Osteochondral Scaffold with Biomimetic Surface Curvature for Osteochondral Regeneration.,Pharmaceutics
EPMC_40211705,unmodified,[],bilayer,"[""bilayer""]",osteochondral,"[""osteochondral""]",[],"[""MSC""]",3D_encapsulation,,,0,1,1,0,1,0,2026-09-26T18:34:13Z,40211705,10.3892/mmr.2025.13517,2025,Osteochondral tissue engineering‑based subchondral bone plate repair (Review).,Molecular medicine reports
EPMC_39896291,unmodified,[],microsphere,"[""microsphere""]",osteochondral,"[""osteochondral"", ""in_vivo_repair"", ""in_vitro_cartilage""]",[],[],3D_encapsulation,rabbit,,0,1,1,0,1,0,2026-09-26T18:34:13Z,39896291,10.1016/j.mtbio.2025.101494,2025,Biphasic biomimetic scaffolds based on a regionally decalcified bone framework and pre-chondrogenic microspheres for osteochondral defect repair.,Materials today. Bio
EPMC_39998315,unmodified,[],bulk_hydrogel,"[""bulk_hydrogel""]",osteochondral,"[""osteochondral"", ""in_vitro_cartilage""]","[""collagen""]",[],3D_encapsulation,,,0,1,1,0,1,0,2026-09-26T18:34:13Z,39998315,10.1002/advs.202416734,2025,Biological Reinforced Concrete for Cartilage Repair With 3D Printing.,"Advanced science (Weinheim, Baden-Wurttemberg, Germany)"
EPMC_41121217,unmodified,[],bilayer,"[""bilayer""]",osteochondral,"[""osteochondral"", ""in_vitro_cartilage""]",[],"[""MSC""]",3D_encapsulation,human,,0,1,1,0,1,0,2026-09-26T18:34:12Z,41121217,10.1186/s13018-025-06347-1,2025,Evaluation of cartilage regeneration using a hybrid bilayer scaffold based on omentum: evidence of limited efficacy.,Journal of orthopaedic surgery and research
EPMC_40301867,methacrylated,"[""methacrylated""]",bulk_hydrogel,"[""bulk_hydrogel""]",osteochondral,"[""osteochondral"", ""in_vivo_repair"", ""in_vitro_cartilage""]","[""GelMA""]","[""articular_chondrocyte""]",3D_encapsulation,rabbit,,0,1,1,0,1,0,2026-09-26T18:34:12Z,40301867,10.1186/s12951-025-03403-0,2025,Single BMSC-derived cartilage organoids for gradient heterogeneous osteochondral regeneration by leveraging native vascular microenvironment.,Journal of nanobiotechnology
EPMC_40487240,unmodified,[],3d_printed,"[""3d_printed""]",osteochondral,"[""osteochondral"", ""bioprinting"", ""drug_delivery"", ""in_vitro_cartilage""]",[],"[""adipose_MSC"", ""MSC""]",3D_bioprint,human,,0,1,1,0,1,0,2026-09-26T18:34:12Z,40487240,10.1016/j.bioactmat.2025.04.028,2025,3D-printed advanced scaffold armed with exosomes derived from human skeletal stem cell identified by single-cell RNA sequencing enhances osteochondral regeneration.,Bioactive materials
EPMC_40861966,unmodified,[],bilayer,"[""bilayer""]",osteochondral,"[""osteochondral"", ""in_vivo_repair"", ""in_vitro_cartilage""]",[],[],3D_encapsulation,,,0,1,1,0,1,0,2026-09-26T18:34:12Z,40861966,10.1039/d5ra00540j,2025,Continuous pore size gradient enhances zonal-specific differentiation of stem cells in an osteochondral scaffold.,RSC advances
EPMC_40040797,methacrylated,"[""methacrylated""]",bulk_hydrogel,"[""bulk_hydrogel""]",osteochondral,"[""osteochondral"", ""in_vivo_repair"", ""drug_delivery"", ""in_vitro_cartilage""]","[""GelMA""]","[""articular_chondrocyte"", ""MSC""]",3D_encapsulation,murine,,0,1,1,0,1,0,2026-09-26T18:34:12Z,40040797,10.1016/j.mtbio.2025.101569,2025,"An ""EVs-in-ECM"" mimicking system orchestrates transcription and translation of RUNX1 for in-situ cartilage regeneration.",Materials today. Bio
EPMC_41216371,methacrylated,"[""methacrylated""]",bilayer,"[""bilayer"", ""monolayer""]",osteochondral,"[""osteochondral"", ""in_vivo_repair"", ""in_vitro_cartilage""]","[""GelMA"", ""agarose"", ""gelatin""]",[],2D,rabbit,,0,1,1,0,1,0,2026-09-26T18:34:12Z,41216371,10.1016/j.bioactmat.2025.09.045,2025,A microneedle platform Co-encapsulating chondral organoids and PpIX for spatiotemporally orchestrated tumor ablation and osteochondral regeneration.,Bioactive materials
EPMC_41018627,unmodified,[],bilayer,"[""bilayer""]",osteochondral,"[""osteochondral"", ""drug_delivery"", ""in_vitro_cartilage""]","[""alginate"", ""chitosan"", ""PVA""]","[""articular_chondrocyte"", ""ATDC5""]",3D_encapsulation,,,0,1,1,0,1,0,2026-09-26T18:34:12Z,41018627,10.1021/acsomega.5c01794,2025,Double-Network Bilayer Hydrogel Loaded with Puerarin and Curcumin for Osteochondral Repair.,ACS omega
EPMC_41294535,unmodified,[],bulk_hydrogel,"[""bulk_hydrogel""]",osteochondral,"[""osteochondral"", ""in_vitro_cartilage""]","[""collagen""]","[""articular_chondrocyte""]",3D_encapsulation,rabbit,TGF_b3,0,1,1,0,1,0,2026-09-26T18:34:12Z,41294535,10.3390/gels11110850,2025,Dialdehyde Starch Cross-Linked Collagen with Heparin Conjugation: Characterization and Feasibility Study for Osteochondral Tissue Repair.,"Gels (Basel, Switzerland)"
EPMC_41085715,unmodified,[],bilayer,"[""bilayer""]",osteochondral,"[""osteochondral"", ""in_vitro_cartilage""]","[""HA"", ""collagen"", ""cellulose""]","[""articular_chondrocyte""]",3D_encapsulation,human,,0,1,1,0,1,0,2026-09-26T18:34:12Z,41085715,10.1007/s10856-025-06953-9,2025,A collagen-based bilayer nanocomposite scaffold for osteochondral tissue regeneration: integrating hydroxyapatite and cellulose nanocrystals.,Journal of materials science. Materials in medicine
AMBC_JISAbV274TZiAmZZbYc2SKeLOHe,unmodified,[],bulk_hydrogel,"[""bulk_hydrogel""]",osteochondral,"[""osteochondral"", ""in_vivo_repair"", ""in_vitro_cartilage""]","[""collagen"", ""gelatin"", ""PVA""]","[""MSC""]",3D_encapsulation,human,,0,1,1,0,1,0,2026-09-26T18:34:10Z,41427425,10.1093/rb/rbaf109,2025,The impact of microstructure and extracellular matrix suspension on the proliferation of bone marrow-derived mesenchymal stem cells for osteochondral defect repair,Regenerative biomaterials
AMBC_XyKyVfi2x2sXmsuda0jRdUJD7Z1,unmodified,[],bulk_hydrogel,"[""bulk_hydrogel""]",osteochondral,"[""osteochondral"", ""in_vitro_cartilage""]","[""silk_fibrin""]",[],3D_encapsulation,rabbit,TGF_b3,0,1,1,0,1,0,2026-09-26T18:34:10Z,40093302,10.1016/j.bioactmat.2025.01.036,2025,Living joint prosthesis with in-situ tissue engineering for real-time and long-term osteoarticular reconstruction,Bioactive materials
AMBC_XLdar5NtKmBPo62JLQdwZWTIBfb,unmodified,[],bulk_hydrogel,"[""bulk_hydrogel""]",osteochondral,"[""osteochondral"", ""in_vitro_cartilage""]","[""collagen"", ""fibrin""]","[""MSC""]",3D_encapsulation,human,,0,1,1,0,1,0,2026-09-26T18:34:10Z,41373902,10.3390/ijms262311759,2025,Development of an Ex Vivo Osteochondral Biomimetic Platform for Mechanistic Investigation of Cartilage Regeneration,International journal of molecular sciences
AMBC_XDhHXxhEH4maV9VWQivTTXOLLe0,unmodified,[],bilayer,"[""bilayer"", ""porous_scaffold""]",osteochondral,"[""osteochondral"", ""in_vitro_cartilage""]","[""HA"", ""PVA""]","[""MSC""]",3D_encapsulation,human,,0,1,1,0,1,0,2026-09-26T18:34:10Z,41079730,10.3389/fphar.2025.1650467,2025,Bio-hybrid scaffolds combining polyvinyl alcohol and decellularized articular cartilage for the treatment of focal chondral lesions in hemophilic patients,Frontiers in pharmacology
AMBC_4IipTU5GMBGP1kICjZYtKOHE4Jg,unmodified,[],injectable,"[""injectable""]",osteochondral,"[""osteochondral"", ""in_vitro_cartilage""]","[""gelatin""]",[],3D_encapsulation,rabbit,,0,1,1,0,1,0,2026-09-26T18:34:10Z,40110583,10.1016/j.bioactmat.2025.02.035,2025,Immune-modulated adhesive hydrogel for enhancing osteochondral graft adhesion and cartilage repair,Bioactive materials
AMBC_S0QyIqNAyl6z8l38XcQxmkTCnOK,unmodified,[],bulk_hydrogel,"[""bulk_hydrogel""]",osteochondral,"[""osteochondral"", ""in_vitro_cartilage""]","[""chitosan""]",[],3D_encapsulation,,,0,1,1,0,1,0,2026-09-26T18:34:10Z,40207259,10.34133/bmr.0186,2025,"Fabrication of 3-Dimensional-Printed Bilayered Scaffold Carboxymethyl Chitosan/Oxidized Xanthan Gum, Biphasic Calcium Phosphate for Osteochondral Regeneration",Biomaterials research
AMBC_EM7HqxUPutdl4Xt9uChbZ70OAXL,photo_LAP,"[""photo_LAP""]",bulk_hydrogel,"[""bulk_hydrogel""]",osteochondral,"[""osteochondral"", ""in_vitro_cartilage""]","[""collagen"", ""chitosan""]",[],3D_encapsulation,,,0,1,1,0,1,0,2026-09-26T18:34:10Z,41440618,10.3390/jfb16120441,2025,Three-Dimensional Printed Hybrid Scaffolds with Layered Polycaprolactone/Nanosized Smectic Clay Nanocomposite and Chitosan/Collagen/Demineralized Bone Powder Hydrogels Targeting Osteochondral Tissue Engineering,Journal of functional biomaterials
AMBC_AAxNm2gb9aQNo6mg77UMT6SC5H1,unmodified,[],bulk_hydrogel,"[""bulk_hydrogel""]",osteochondral,"[""osteochondral"", ""in_vitro_cartilage""]",[],[],3D_encapsulation,human,,0,1,1,0,1,0,2026-09-26T18:34:10Z,40174602,10.1088/1758-5090/adc840,2025,Combinatorial strategy for engineering cartilage and bone microtissues using microfluidic cell-laden microgels,Biofabrication
AMBC_3ZN36TK6N8G042QoFaTa9jJVDXB,unmodified,[],bulk_hydrogel,"[""bulk_hydrogel""]",osteochondral,"[""osteochondral"", ""in_vivo_repair"", ""drug_delivery"", ""in_vitro_cartilage""]","[""HA"", ""gelatin""]","[""articular_chondrocyte"", ""adipose_MSC""]",3D_encapsulation,human,,0,1,1,0,1,0,2026-09-26T18:34:10Z,38562117,10.1089/ten.TEA.2023.0344,2025,A Hybrid Scaffold Induces Chondrogenic Differentiation and Enhances In Vivo Cartilage Regeneration,Tissue engineering. Part A
AMBC_Nwl34MEHVYS8RH8sXIVhluLkiJH,unmodified,[],bulk_hydrogel,"[""bulk_hydrogel""]",osteochondral,"[""osteochondral"", ""in_vivo_repair"", ""in_vitro_cartilage""]","[""HA""]","[""MSC""]",3D_encapsulation,,,0,1,1,0,1,0,2026-09-26T18:34:10Z,41088351,10.1186/s12951-025-03648-9,2025,Investigation of the effects of Si-A/PUE@HA hydrogels on the osteochondral defect microenvironment based on single-cell RNA sequencing,Journal of nanobiotechnology
AMBC_8uJzR2vFVL9UHLcu9d8xZ9gnQs,unmodified,[],fiber,"[""fiber""]",osteochondral,"[""osteochondral"", ""in_vitro_cartilage""]","[""alginate"", ""chitosan"", ""gelatin""]",[],3D_encapsulation,,,0,1,1,0,1,0,2026-09-26T18:34:10Z,39613057,10.1016/j.ijbiomac.2024.138054,2025,Sodium alginate/chitosan composite scaffold reinforced with biodegradable polyesters/gelatin nanofibers for cartilage tissue engineering,International journal of biological macromolecules
AMBC_8RbadpxnBUvYAkyDPIaBNur7q26,unmodified,[],bulk_hydrogel,"[""bulk_hydrogel""]",osteochondral,"[""osteochondral"", ""in_vivo_repair"", ""in_vitro_cartilage""]",[],[],3D_encapsulation,rabbit,,0,1,1,0,1,0,2026-09-26T18:34:06Z,39602036,10.1007/s10439-024-03655-1,2025,Engineered Osteochondral Scaffolds with Bioactive Cartilage Zone for Enhanced Articular Cartilage Regeneration,Annals of biomedical engineering
AMBC_7DuUpN4uNVDz1owIdLBcD8GC037,unmodified,[],bulk_hydrogel,"[""bulk_hydrogel""]",osteochondral,"[""osteochondral"", ""in_vitro_cartilage""]","[""fibrin""]","[""MSC""]",3D_encapsulation,,,0,1,1,0,1,0,2026-09-26T18:34:06Z,41302953,10.3390/jcm14227917,2025,Cell Technologies in Treating Osteochondral Lesions of the Talus: A Clinical Case and Brief Review,Journal of clinical medicine
AMBC_5EB4Ocyz1soOIdnr7yRLENdOlwp,unmodified,[],bulk_hydrogel,"[""bulk_hydrogel""]",osteochondral,"[""osteochondral"", ""in_vivo_repair"", ""in_vitro_cartilage""]","[""gelatin""]","[""articular_chondrocyte"", ""MSC""]",3D_encapsulation,,,0,1,1,0,1,0,2026-09-26T18:34:06Z,41332939,10.1016/j.mtbio.2025.102560,2025,Cryogenic 3D printing of heterogeneous scaffolds with capability to spatially tune cellular morphology of mesenchymal stem cells for integrated osteochondral regeneration,Materials today. Bio
AMBC_S7VYW773mLtSUXwMOOiwO1X4Xaz,unmodified,[],3d_printed,"[""3d_printed"", ""microsphere""]",osteochondral,"[""osteochondral"", ""in_vivo_repair"", ""bioprinting"", ""drug_delivery"", ""in_vitro_cartilage""]","[""PEG""]","[""articular_chondrocyte""]",3D_bioprint,,,0,1,1,0,1,0,2026-09-26T18:34:06Z,40639017,10.1016/j.bioadv.2025.214404,2025,DLP-printed biomimetic dual-layer scaffold based on SilMA hydrogel with controlled release of chondrocytes for osteochondral defect reconstruction,Biomaterials advances
AMBC_I8J0MI6i4gPdXxMXIkexBPMxH2l,methacrylated,"[""methacrylated"", ""sulfated""]",bilayer,"[""bilayer""]",osteochondral,"[""osteochondral"", ""in_vitro_cartilage""]","[""GelMA"", ""PEG"", ""collagen"", ""gelatin""]","[""articular_chondrocyte""]",3D_encapsulation,,,0,1,1,0,1,0,2026-09-26T18:34:06Z,41444765,10.1038/s41598-025-33222-0,2025,Zone-inspired hydrogel constructs promote spatially controlled chondrogenesis for osteochondral regeneration,Scientific reports
EPMC_40343163,methacrylated,"[""methacrylated"", ""sulfated""]",bulk_hydrogel,"[""bulk_hydrogel""]",in_vitro_cartilage,"[""in_vitro_cartilage""]","[""collagen""]",[],3D_encapsulation,murine,,0,1,1,0,1,0,2026-09-26T18:34:14Z,40343163,10.1016/j.mtbio.2025.101792,2025,Inhibiting synovial inflammation and promoting cartilage repair in rheumatoid arthritis using a matrix metalloproteinase-binding hydrogel.,Materials today. Bio
EPMC_40349364,methacrylated,"[""methacrylated"", ""rgd_conjugated""]",bulk_hydrogel,"[""bulk_hydrogel""]",in_vitro_cartilage,"[""in_vitro_cartilage""]","[""alginate""]","[""MSC""]",3D_encapsulation,human,,0,1,1,0,1,0,2026-09-26T18:34:14Z,40349364,10.1002/jbm.a.37928,2025,Mesenchymal Stromal Cell Chondrogenic Differentiation Induced by Continuous Stiffness Gradient in Photocrosslinkable Hydrogels.,Journal of biomedical materials research. Part A
EPMC_41353085,methacrylated,"[""methacrylated"", ""dopamine""]",microsphere,"[""microsphere""]",in_vitro_cartilage,"[""in_vitro_cartilage""]","[""HA""]",[],3D_encapsulation,murine,,0,1,1,0,1,0,2026-09-26T18:34:14Z,41353085,10.1016/j.scib.2025.11.016,2025,An mRNA microsphere vaccine inhibiting overactivation of DNA sensing mechanisms.,Science bulletin
EPMC_41206891,unmodified,[],bulk_hydrogel,"[""bulk_hydrogel""]",in_vitro_cartilage,"[""in_vitro_cartilage""]",[],[],3D_encapsulation,,,0,1,1,0,1,0,2026-09-26T18:34:14Z,41206891,10.1002/marc.202500593,2025,Extending the pH Stability of Poly(2-Oxazoline)/Poly(Acrylic Acid) Double-Network Hydrogels by Including Acrylamide as Comonomer.,Macromolecular rapid communications
EPMC_41323426,unmodified,[],ipn,"[""ipn""]",in_vitro_cartilage,"[""in_vitro_cartilage""]",[],[],3D_encapsulation,,,0,1,1,0,1,0,2026-09-26T18:34:14Z,41323426,10.1007/s10971-025-06989-x,2025,Nanocomposite hydrogels reinforced with vinyl functionalised silica nanoparticles.,Journal of sol-gel science and technology
EPMC_40179029,unmodified,[],microgel,"[""microgel""]",in_vitro_cartilage,"[""in_vitro_cartilage""]",[],[],3D_encapsulation,,,0,1,1,0,1,0,2026-09-26T18:34:14Z,40179029,10.1002/advs.202412566,2025,Electrostatically Reinforced Double Network Granular Hydrogels.,"Advanced science (Weinheim, Baden-Wurttemberg, Germany)"
EPMC_40872433,unmodified,[],bulk_hydrogel,"[""bulk_hydrogel""]",in_vitro_cartilage,"[""in_vitro_cartilage""]","[""PEG"", ""dextran""]","[""articular_chondrocyte""]",3D_encapsulation,human,,0,1,1,0,1,0,2026-09-26T18:34:13Z,40872433,10.3390/mi16080926,2025,Cell Partitioning Design for Microfluidic ATPS Devices: A Dynamic Energy Strategy and Calculation Using Chondrocytes and Model Microparticles.,Micromachines
EPMC_41293490,unmodified,[],bulk_hydrogel,"[""bulk_hydrogel""]",in_vitro_cartilage,"[""in_vitro_cartilage""]","[""collagen"", ""gelatin""]",[],3D_encapsulation,,,0,1,1,0,1,0,2026-09-26T18:34:13Z,41293490,10.1016/j.mtbio.2025.102452,2025,"Recombinant collagen in regenerative medicine: Expression strategies, structural design, and translational applications.",Materials today. Bio
EPMC_41374914,unmodified,[],injectable,"[""injectable""]",in_vitro_cartilage,"[""in_vitro_cartilage""]",[],[],3D_encapsulation,,,0,1,1,0,1,0,2026-09-26T18:34:13Z,41374914,10.3390/polym17233227,2025,Brick by Brick the Wall Is Being Built: Particle-Based Scaffolds for Regenerative Medicine.,Polymers
EPMC_40417938,unmodified,[],bulk_hydrogel,"[""bulk_hydrogel""]",in_vitro_cartilage,"[""in_vitro_cartilage""]","[""HA"", ""collagen""]",[],3D_encapsulation,murine,,0,1,1,0,1,0,2026-09-26T18:34:13Z,40417938,10.1002/adhm.202501613,2025,Immunosuppressive Cytokine-Tethered Hydrogel for Treating Rheumatoid Arthritis.,Advanced healthcare materials
EPMC_40055358,unmodified,[],bulk_hydrogel,"[""bulk_hydrogel""]",in_vitro_cartilage,"[""in_vitro_cartilage""]","[""PEG"", ""PVA""]",[],3D_encapsulation,,,0,1,1,0,1,0,2026-09-26T18:34:13Z,40055358,10.1038/s41467-025-57653-5,2025,Cartilage-bioinspired tenacious concrete-like hydrogel verified via in-situ testing.,Nature communications
EPMC_41302179,unmodified,[],bulk_hydrogel,"[""bulk_hydrogel""]",in_vitro_cartilage,"[""in_vitro_cartilage""]",[],"[""articular_chondrocyte""]",3D_encapsulation,,,0,1,1,0,1,0,2026-09-26T18:34:13Z,41302179,10.3390/life15111755,2025,Effects of Surface Treatments on Innovative Additively Manufactured Scaffolds: Implications for Biocompatibility in Bone Tissue Engineering.,"Life (Basel, Switzerland)"
EPMC_40290449,unmodified,[],bulk_hydrogel,"[""bulk_hydrogel""]",in_vitro_cartilage,"[""in_vitro_cartilage""]","[""silk_fibrin""]",[],3D_encapsulation,,,0,1,1,0,1,0,2026-09-26T18:34:13Z,40290449,10.1093/rb/rbaf019,2025,Effects of protein conformational transition accompanied with crosslinking density cues in silk fibroin hydrogels on the proliferation and chondrogenesis of encapsulated stem cells.,Regenerative biomaterials
EPMC_41002522,unmodified,[],bulk_hydrogel,"[""bulk_hydrogel""]",in_vitro_cartilage,"[""in_vitro_cartilage""]","[""PVA""]",[],3D_encapsulation,,,0,1,1,0,1,0,2026-09-26T18:34:13Z,41002522,10.3390/gels11090747,2025,Tissue-like Fracture Toughness and Stress-Relaxation Ability in PVA-Agar-Based Hydrogels for Biomedical Applications.,"Gels (Basel, Switzerland)"
EPMC_40290860,methacrylated,"[""methacrylated""]",bulk_hydrogel,"[""bulk_hydrogel""]",in_vitro_cartilage,"[""in_vitro_cartilage""]","[""gelatin""]",[],3D_encapsulation,human,,0,1,1,0,1,0,2026-09-26T18:34:13Z,40290860,10.1177/20417314251326256,2025,Engineering growth factor gradients to drive spatiotemporal tissue patterning in organ-on-a-chip systems.,Journal of tissue engineering
EPMC_40851240,unmodified,[],bulk_hydrogel,"[""bulk_hydrogel""]",in_vitro_cartilage,"[""in_vitro_cartilage""]","[""collagen""]",[],3D_encapsulation,,,0,1,1,0,1,0,2026-09-26T18:34:13Z,40851240,10.47162/rjme.66.2.03,2025,"Short histological kaleidoscope - recent findings in histology. Part V. About tendons, ligaments, and cartilages.",Romanian journal of morphology and embryology = Revue roumaine de morphologie et embryologie
EPMC_40484806,methacrylated,"[""methacrylated""]",fiber,"[""fiber""]",in_vitro_cartilage,"[""in_vitro_cartilage""]","[""GelMA"", ""gelatin""]",[],3D_encapsulation,,,0,1,1,0,1,0,2026-09-26T18:34:13Z,40484806,10.1002/adhm.202501014,2025,Engineering Anisotropic Mechanical Properties in Large-Scale Fabricated Cartilage Constructs Using Microfiber Reinforcement.,Advanced healthcare materials
EPMC_41181038,unmodified,[],bulk_hydrogel,"[""bulk_hydrogel""]",in_vitro_cartilage,"[""in_vitro_cartilage""]","[""alginate""]",[],3D_encapsulation,,,0,1,1,0,1,0,2026-09-26T18:34:12Z,41181038,10.5312/wjo.v16.i10.110562,2025,Alginate-based biomaterials in orthopedics: What are the prospects for bacterial alginate?,World journal of orthopedics
EPMC_40060854,unmodified,[],bulk_hydrogel,"[""bulk_hydrogel""]",in_vitro_cartilage,"[""in_vitro_cartilage""]","[""PVA""]","[""MSC""]",3D_encapsulation,human,,0,1,1,0,1,0,2026-09-26T18:34:12Z,40060854,10.1021/acsomega.4c07029,2025,"Enhanced Cartilage Regeneration: Chemical, Mechanical, and In Vitro Analysis of Innovative TiO&lt;sub&gt;2&lt;/sub&gt;-Reinforced PVA Implants.",ACS omega
EPMC_41221202,unmodified,[],bulk_hydrogel,"[""bulk_hydrogel""]",in_vitro_cartilage,"[""in_vitro_cartilage""]","[""silk_fibrin""]","[""MSC""]",3D_encapsulation,,,0,1,1,0,1,0,2026-09-26T18:34:12Z,41221202,10.1093/rb/rbaf102,2025,Protein conformational transition microenvironment in silk fibroin hydrogels: proliferation and chondrogenesis of encapsulated stem cells.,Regenerative biomaterials
EPMC_40107873,thiolated,"[""thiolated""]",bulk_hydrogel,"[""bulk_hydrogel""]",in_vitro_cartilage,"[""in_vitro_cartilage""]","[""gelatin""]",[],3D_encapsulation,,,0,1,1,0,1,0,2026-09-26T18:34:12Z,40107873,10.1002/mabi.202400422,2025,Viscoelasticity Can Be Tuned Through Covalent Incorporation of Chondroitin Sulphate in Allylated Gelatin Hydrogels.,Macromolecular bioscience
AMBC_YavIkXxm4fYnTQnoJfFQum5kALd,unmodified,[],fiber,"[""fiber""]",in_vitro_cartilage,"[""in_vitro_cartilage""]",[],[],3D_encapsulation,,,0,1,1,0,1,0,2026-09-26T18:34:10Z,40422828,10.3390/jfb16050163,2025,Advancements in Musculoskeletal Tissue Engineering: The Role of Melt Electrowriting in 3D-Printed Scaffold Fabrication,Journal of functional biomaterials
AMBC_KzDy2dKNz8QVzvBeujX1rm3lQYp,unmodified,[],3d_printed,"[""3d_printed""]",in_vitro_cartilage,"[""in_vitro_cartilage""]",[],[],3D_bioprint,human,,0,1,1,0,1,0,2026-09-26T18:34:10Z,41402873,10.1186/s12938-025-01498-y,2025,Advances in 3D bioprinting for medical application: opportunities and challenges,Biomedical engineering online
AMBC_EVyWWSGJGqxwfof8kdvZJcWHxyH,unmodified,[],bulk_hydrogel,"[""bulk_hydrogel""]",in_vitro_cartilage,"[""in_vitro_cartilage""]","[""alginate""]","[""MSC""]",3D_encapsulation,,,0,1,1,0,1,0,2026-09-26T18:34:10Z,39827509,10.1016/j.biomaterials.2025.123112,2025,Tuning local matrix compliance accelerates mesenchymal stem cell chondrogenesis in 3D sliding hydrogels,Biomaterials
AMBC_RdvPjOr4XZ0RFI4FDBxuHBB6QVx,methacrylated,"[""methacrylated"", ""thiolated""]",bulk_hydrogel,"[""bulk_hydrogel""]",in_vitro_cartilage,"[""in_vitro_cartilage""]","[""GelMA"", ""gelatin""]",[],3D_encapsulation,,,0,1,1,0,1,0,2026-09-26T18:34:10Z,41082953,10.1016/j.ymeth.2025.10.003,2025,Gelatin methacryloyl - thiolated graphene oxide composites for soft tissue engineering,"Methods (San Diego, Calif.)"
AMBC_F5LrAMCPn3d2EfxWQqM0cGy9ZPB,unmodified,[],3d_printed,"[""3d_printed""]",in_vitro_cartilage,"[""in_vitro_cartilage""]",[],[],3D_bioprint,,,0,1,1,0,1,0,2026-09-26T18:34:10Z,41278903,10.1101/2025.11.06.682452,2025,3D Hybrid Bioprinting for Complex Multi-Tissue Engineering,bioRxiv : the preprint server for biology
AMBC_AqcmxDLDAMM7JXxO8QxbxVRUMFl,unmodified,[],3d_printed,"[""3d_printed""]",in_vitro_cartilage,"[""in_vitro_cartilage""]",[],[],3D_bioprint,,,0,1,1,0,1,0,2026-09-26T18:34:10Z,40710329,10.3390/cells14141076,2025,Design and Applications of Extracellular Matrix Scaffolds in Tissue Engineering and Regeneration,Cells
AMBC_UghXVZHm4cCLgvpLbM8kaiKKuIi,unmodified,[],bulk_hydrogel,"[""bulk_hydrogel""]",in_vitro_cartilage,"[""in_vitro_cartilage""]",[],"[""MSC""]",3D_encapsulation,human,,0,1,1,0,1,0,2026-09-26T18:34:10Z,40026618,10.1016/j.mtbio.2025.101526,2025,A platform for Bioengineering Tissue Membranes from cell spheroids,Materials today. Bio
AMBC_XIj7fbq2OXa1zfKU1BYYYhDFJDg,unmodified,[],bulk_hydrogel,"[""bulk_hydrogel""]",in_vitro_cartilage,"[""in_vitro_cartilage""]",[],[],3D_encapsulation,,,0,1,1,0,1,0,2026-09-26T18:34:10Z,41079918,10.7150/ijbs.118859,2025,Stem cells enhance their chondrogenic differentiation in hydrogels by mechanical tumbling,International journal of biological sciences
AMBC_Zul6cEEgg0UDaIo1NKR0CrAdrFk,methacrylated,"[""methacrylated""]",bulk_hydrogel,"[""bulk_hydrogel""]",in_vitro_cartilage,"[""in_vitro_cartilage""]","[""PVA""]",[],3D_encapsulation,bovine,,0,1,1,0,1,0,2026-09-26T18:34:10Z,41048714,10.1021/acsomega.5c05569,2025,Biomimetic pHEMA Hydrogels as an Alternative Cartilage-like Model Material for Biotribological Evaluations,ACS omega
AMBC_779fkg1WENHo9pGSO2CQsEMQXGb,unmodified,[],fiber,"[""fiber""]",in_vitro_cartilage,"[""in_vitro_cartilage""]","[""PVA""]",[],3D_encapsulation,human,,0,1,1,0,1,0,2026-09-26T18:34:10Z,40499870,10.1016/j.ijbiomac.2025.145087,2025,Strengthening of a hydrogel via silk nanofiber biomineralization and unilateral reverse dialysis,International journal of biological macromolecules
AMBC_7sYDjWF2QSAf8Wvfeo9PansU64O,unmodified,[],3d_printed,"[""3d_printed""]",in_vitro_cartilage,"[""in_vitro_cartilage""]","[""HA"", ""collagen""]",[],3D_bioprint,,,0,1,1,0,1,0,2026-09-26T18:34:10Z,39757574,10.1088/1758-5090/ad9cc2,2025,Biofabrication of anisotropic articular cartilage based on decellularized extracellular matrix,Biofabrication
AMBC_5wcHaChAOGgV7rW3LFipc1njhvj,unmodified,[],3d_printed,"[""3d_printed""]",in_vitro_cartilage,"[""in_vitro_cartilage""]","[""alginate"", ""collagen"", ""gelatin""]","[""MSC""]",3D_bioprint,rabbit,,0,1,1,0,1,0,2026-09-26T18:34:10Z,39529401,10.1177/08853282241300587,2025,3D printed sodium alginate/gelatin/tannic acid/calcium chloride scaffolds laden bone marrow mesenchymal stem cells to repair defective thyroid cartilage plate,Journal of biomaterials applications
AMBC_HHeKvDupPpr0XhLd8svvThlhoRJ,freeze_thaw,"[""freeze_thaw""]",3d_printed,"[""3d_printed""]",in_vitro_cartilage,"[""in_vitro_cartilage""]","[""gellan""]",[],3D_bioprint,,,0,1,1,0,1,0,2026-09-26T18:34:10Z,41028219,10.1038/s41598-025-11559-w,2025,The introduction and evaluation of novel decellularized extracellular matrix/gellan gum bioprinting scaffolds for cartilage tissue engineering,Scientific reports
AMBC_Mmh6lhgbDXYY8B1qPjY664toD7u,unmodified,[],bulk_hydrogel,"[""bulk_hydrogel""]",in_vitro_cartilage,"[""in_vitro_cartilage""]","[""PVA""]",[],3D_encapsulation,,,0,1,1,0,1,0,2026-09-26T18:34:10Z,41487215,10.1021/acsomega.5c10283,2025,"Toward Cartilage-Mimicking Biomaterials: Biotribological, Biochemical and Structural Evaluation of pHEMA and PVA-Based Hydrogels",ACS omega
AMBC_P58gkhGyxANNcgpWbs9DU5QuBBD,unmodified,[],bulk_hydrogel,"[""bulk_hydrogel""]",in_vitro_cartilage,"[""in_vitro_cartilage""]",[],[],3D_encapsulation,,,0,1,1,0,1,0,2026-09-26T18:34:10Z,40453027,10.1016/j.eats.2024.103346,2025,Tissue Engineered Cartilage Repair Using Small-Incision Implantation of Decalcified Corticocancellous Bone Scaffold,Arthroscopy techniques
AMBC_NNeHCUpIfEcba4Thff8pCYzUHZU,unmodified,[],3d_printed,"[""3d_printed""]",in_vitro_cartilage,"[""in_vitro_cartilage""]",[],"[""MSC""]",3D_bioprint,human,,0,1,1,0,1,0,2026-09-26T18:34:10Z,41306579,10.21769/BioProtoc.5501,2025,Spheroid Sheets: A Scalable Platform for Producing Tissue Membrane Constructs,Bio-protocol
AMBC_CIJ35aPX0sU0wQpp6aVVTXiIM62,methacrylated,"[""methacrylated""]",3d_printed,"[""3d_printed""]",in_vitro_cartilage,"[""in_vitro_cartilage""]","[""GelMA"", ""HA"", ""gelatin""]","[""articular_chondrocyte""]",3D_bioprint,,,0,1,1,0,1,0,2026-09-26T18:34:10Z,40345290,10.1016/j.ijbiomac.2025.144022,2025,Effect and potential mechanism of modified citrus pectin in 3D printing-based cartilage tissue engineering,International journal of biological macromolecules
AMBC_OVSgyZkOApS6Fui09SGhH7RP4UF,unmodified,[],bulk_hydrogel,"[""bulk_hydrogel""]",in_vitro_cartilage,"[""in_vitro_cartilage""]",[],[],3D_encapsulation,,,0,1,1,0,1,0,2026-09-26T18:34:10Z,40761544,10.3389/fbioe.2025.1595116,2025,Modern experimental methods for assessing the effectiveness of tissue-engineered products for hyaline cartilage regeneration,Frontiers in bioengineering and biotechnology
AMBC_YDs53Lxzk0ET87gqiF8MI89ao8v,methacrylated,"[""methacrylated"", ""photo_LAP""]",injectable,"[""injectable""]",in_vitro_cartilage,"[""in_vitro_cartilage""]","[""alginate"", ""PEG"", ""fibrin""]",[],3D_encapsulation,,,0,1,1,0,1,0,2026-09-26T18:34:10Z,41048770,10.1021/acsomega.5c05254,2025,Tough PEGDA-Based Bioadhesive Hydrogels for High-Strength In Situ Cartilage Adhesion,ACS omega
AMBC_NiovFY7zuYys6fcKZVmG1W8CUbQ,unmodified,[],bulk_hydrogel,"[""bulk_hydrogel""]",in_vitro_cartilage,"[""in_vitro_cartilage""]",[],[],3D_encapsulation,,,0,1,1,0,1,0,2026-09-26T18:34:10Z,39635820,10.1039/d4nr03322a,2025,"Tough, durable and strongly bonded self-healing cartilage-mimicking noncovalently assembled hydrogel nanostructures: the interplay between experiment and theory",Nanoscale
AMBC_Xh8Uo68TXWEpCj3q1bo7mX8Uwxq,unmodified,[],bulk_hydrogel,"[""bulk_hydrogel""]",in_vitro_cartilage,"[""in_vitro_cartilage""]",[],[],3D_encapsulation,,,0,1,1,0,1,0,2026-09-26T18:34:10Z,40868782,10.3390/gels11080652,2025,Advanced Hydrogels in Fibrocartilage Regeneration of the Glenoid Labrum,"Gels (Basel, Switzerland)"
AMBC_R9NiOG91LR0qPVu9P0seCe7fbct,methacrylated,"[""methacrylated""]",bulk_hydrogel,"[""bulk_hydrogel""]",in_vitro_cartilage,"[""in_vitro_cartilage""]",[],"[""articular_chondrocyte""]",3D_encapsulation,,,0,1,1,0,1,0,2026-09-26T18:34:10Z,40345227,10.1088/1748-605X/add6f8,2025,Flexible polyurethane scaffolds with high biocompatibility for effective chondrogenic performance in cartilage tissue engineering,"Biomedical materials (Bristol, England)"
AMBC_4l2xjSXPBbQQ3GcCfOW56yRnmlc,unmodified,[],bulk_hydrogel,"[""bulk_hydrogel""]",in_vitro_cartilage,"[""in_vitro_cartilage""]","[""collagen"", ""cellulose""]","[""articular_chondrocyte""]",3D_encapsulation,bovine,,0,1,1,0,1,0,2026-09-26T18:34:10Z,40609599,10.1088/1748-605X/adebd2,2025,Decellularized lucky bamboo scaffolds for cartilage tissue engineering,"Biomedical materials (Bristol, England)"
AMBC_8mO4MKXviLHTG0jT7jV4DfBdqkv,dopamine,"[""dopamine""]",injectable,"[""injectable""]",in_vitro_cartilage,"[""in_vitro_cartilage""]","[""collagen"", ""chitosan""]","[""articular_chondrocyte"", ""MSC""]",3D_encapsulation,murine,,0,1,1,0,1,0,2026-09-26T18:34:10Z,39454507,10.1016/j.biomaterials.2024.122875,2025,A MnO2 nanosheets doping double crosslinked hydrogel for cartilage defect repair through alleviating inflammation and guiding chondrogenic differentiation,Biomaterials
AMBC_DFOnBi5N59ODvF2vgJ4qutX5A9c,unmodified,[],bulk_hydrogel,"[""bulk_hydrogel""]",in_vitro_cartilage,"[""in_vitro_cartilage""]","[""gelatin""]","[""articular_chondrocyte""]",3D_encapsulation,,,0,1,1,0,1,0,2026-09-26T18:34:10Z,39998819,10.1080/09205063.2025.2466971,2025,Effects of electric fields on the modulation of chondrocytes dynamics in gelatin scaffolds: a novel approach to optimize cartilage tissue engineering,Journal of biomaterials science. Polymer edition
AMBC_SBt1aeMnmflBFeZ6l2MIh3cylVK,methacrylated,"[""methacrylated"", ""sulfated""]",injectable,"[""injectable""]",in_vitro_cartilage,"[""in_vitro_cartilage""]","[""HA"", ""collagen""]","[""MSC""]",3D_encapsulation,,,0,1,1,0,1,0,2026-09-26T18:34:10Z,39759843,10.1016/j.mtbio.2024.101382,2025,A miR-activated hydrogel for the delivery of a pro-chondrogenic microRNA-221 inhibitor as a minimally invasive therapeutic approach for articular cartilage repair,Materials today. Bio
AMBC_ZttC1hu0tSrO4t6Pre1I11KlYUj,thiolated,"[""thiolated"", ""dopamine""]",injectable,"[""injectable""]",in_vitro_cartilage,"[""in_vitro_cartilage""]","[""chitosan""]",[],3D_encapsulation,murine,,0,1,1,0,1,0,2026-09-26T18:34:10Z,39486918,10.1016/j.carbpol.2024.122643,2025,Injectable interface-bonded fiber-reinforced thiolated chitosan hydrogels for enhanced cellular activities and cartilage regeneration,Carbohydrate polymers
AMBC_3dEKGBDwUIGqRWmXPuDeUpAaG3q,unmodified,[],injectable,"[""injectable""]",in_vitro_cartilage,"[""in_vitro_cartilage""]",[],"[""articular_chondrocyte""]",3D_encapsulation,,,0,1,1,0,1,0,2026-09-26T18:34:10Z,40843447,10.3389/fbioe.2025.1602303,2025,Application and progress of temperature-sensitive hydrogels in cartilage injury repair,Frontiers in bioengineering and biotechnology
AMBC_JriEsJYY3Uw1LBq6vrnb5YewJic,unmodified,[],microsphere,"[""microsphere"", ""injectable""]",in_vitro_cartilage,"[""in_vitro_cartilage""]","[""collagen""]",[],3D_encapsulation,,,0,1,1,0,1,0,2026-09-26T18:34:10Z,39955730,10.1002/adhm.202404877,2025,Injectable Microspheres With Cartilage-Like Structure Facilitate Inflammation Inhibition and Tissue Regeneration,Advanced healthcare materials
AMBC_YXoDNVQZLZ0wpnEconHha29vBCz,unmodified,[],bulk_hydrogel,"[""bulk_hydrogel""]",in_vitro_cartilage,"[""in_vitro_cartilage""]",[],"[""articular_chondrocyte""]",3D_encapsulation,,,0,1,1,0,1,0,2026-09-26T18:34:10Z,39971373,10.7507/1002-1892.202411015,2025,Application and progress of intelligent responsive hydrogels in articular cartilage injury repair,Zhongguo xiu fu chong jian wai ke za zhi = Zhongguo xiufu chongjian waike zazhi = Chinese journal of reparative and reconstructive surgery
AMBC_D2Ol1MBNgf4PI6wHUWSOpWi7Gau,unmodified,[],bulk_hydrogel,"[""bulk_hydrogel""]",in_vitro_cartilage,"[""in_vitro_cartilage""]","[""PEG"", ""PVA""]",[],3D_encapsulation,,,0,1,1,0,1,0,2026-09-26T18:34:10Z,40076680,10.3390/ijms26052057,2025,Evaluation of Physicochemical Properties of Polymeric Systems for Potential Applications in Cartilage Tissue Engineering,International journal of molecular sciences
AMBC_OJEml0mPZVa8lryaDnJLU4heKb2,unmodified,[],fiber,"[""fiber""]",in_vitro_cartilage,"[""in_vitro_cartilage""]","[""chitosan"", ""gelatin"", ""PVA""]",[],3D_encapsulation,human,,0,1,1,0,1,0,2026-09-26T18:34:10Z,40508766,10.3390/polym17111520,2025,"Antibacterial Crosslinker for Ternary PCL-Reinforced Hydrogels Based on Chitosan, Polyvinyl Alcohol, and Gelatin for Tissue Engineering",Polymers
AMBC_JfZaLTMXKzLxWgn82x8WOw6oXNX,unmodified,[],bulk_hydrogel,"[""bulk_hydrogel""]",in_vitro_cartilage,"[""in_vitro_cartilage""]","[""alginate""]","[""MSC""]",3D_encapsulation,,,0,1,1,0,1,0,2026-09-26T18:34:10Z,40118412,10.1016/j.ijbiomac.2025.142346,2025,Dual-crosslinkable alginate hydrogel with dynamic viscoelasticity for chondrogenic and osteogenic differentiation of mesenchymal stem cells,International journal of biological macromolecules
AMBC_D9e27SswGIWuCseQRlFm3wWTZRa,unmodified,[],bulk_hydrogel,"[""bulk_hydrogel""]",in_vitro_cartilage,"[""in_vitro_cartilage""]",[],[],3D_encapsulation,,,0,1,1,0,1,0,2026-09-26T18:34:10Z,40518480,10.1007/s10237-025-01976-1,2025,Numerical study of the structural design influence on cartilage cell differentiation in mechanically stimulated hydrogel scaffolds using an FSI-based model,Biomechanics and modeling in mechanobiology
AMBC_HuGSt3IAZ1nE9Fzu4b5UscRC29W,methacrylated,"[""methacrylated""]",ipn,"[""ipn""]",in_vitro_cartilage,"[""in_vitro_cartilage""]","[""GelMA"", ""alginate"", ""gelatin""]",[],3D_encapsulation,,,0,1,1,0,1,0,2026-09-26T18:34:10Z,40319954,10.1016/j.ijbiomac.2025.143845,2025,IPN nanocomposite scaffolds based on GelMA-alginate with modified super-paramagnetic iron oxide for cartilage tissue engineering,International journal of biological macromolecules
AMBC_WcqXmZFMBEU7pCe6k6YuGRWoS5P,unmodified,[],bulk_hydrogel,"[""bulk_hydrogel""]",in_vitro_cartilage,"[""in_vitro_cartilage""]","[""collagen"", ""gelatin""]","[""MSC""]",3D_encapsulation,bovine,,0,1,1,0,1,0,2026-09-26T18:34:10Z,40203945,10.1016/j.ijbiomac.2025.142553,2025,Development of a bovine gelatin-kappa carrageenan-based dual network biomimetic hydrogel for chondrogenic differentiation of mesenchymal stem cells,International journal of biological macromolecules
AMBC_91j3mHR8d6VD5ump4ZE0NnlkOBC,methacrylated,"[""methacrylated"", ""sulfated""]",bulk_hydrogel,"[""bulk_hydrogel""]",in_vitro_cartilage,"[""in_vitro_cartilage""]","[""collagen"", ""gelatin""]","[""adipose_MSC"", ""MSC""]",3D_encapsulation,human,,0,1,1,0,1,0,2026-09-26T18:34:10Z,38517083,10.1089/ten.TEA.2023.0358,2025,Negative Printing for the Reinforcement of In Situ Tissue-Engineered Cartilage,Tissue engineering. Part A
AMBC_LCDCq9KJgwkDFlEiYJCUl1WNbh,methacrylated,"[""methacrylated""]",bulk_hydrogel,"[""bulk_hydrogel""]",in_vitro_cartilage,"[""in_vitro_cartilage""]","[""GelMA"", ""gelatin""]","[""adipose_MSC"", ""MSC""]",3D_encapsulation,human,,0,1,1,0,1,0,2026-09-26T18:34:10Z,40706623,10.1088/1758-5090/adf3e7,2025,Trackingin vitrobiodegradation dynamics in cartilage tissue engineering using dual-labeled hydrogel/scaffold composites,Biofabrication
AMBC_1MQKnnQuszP5eoPD9UrYX8jVgdV,edc_nhs,"[""edc_nhs""]",bulk_hydrogel,"[""bulk_hydrogel""]",in_vitro_cartilage,"[""in_vitro_cartilage""]","[""gelatin"", ""cellulose""]",[],3D_encapsulation,human,,0,1,1,0,1,0,2026-09-26T18:34:10Z,39775686,10.1002/bip.23641,2025,Highly Flexible Methyl Cellulose/Gelatin Hydrogels for Potential Cartilage Tissue Engineering Applications,Biopolymers
AMBC_P08RLO3XMF0ZyjXFQQlSURJ6AHK,dopamine,"[""dopamine""]",injectable,"[""injectable""]",in_vitro_cartilage,"[""in_vitro_cartilage""]",[],"[""articular_chondrocyte""]",3D_encapsulation,,,0,1,1,0,1,0,2026-09-26T18:34:06Z,40306784,10.1016/j.carbpol.2025.123578,2025,Cyclodextrin-based self-assembling hydrogel for Photothermal-controlled nitric oxide release in stage-specific treatment of MRSA-induced arthritis,Carbohydrate polymers
AMBC_IUkwrpC41KnaXKBWu57hYbfx8yE,sulfated,"[""sulfated""]",3d_printed,"[""3d_printed""]",in_vitro_cartilage,"[""in_vitro_cartilage""]",[],"[""articular_chondrocyte""]",3D_bioprint,human,,0,1,1,0,1,0,2026-09-26T18:34:06Z,41440628,10.3390/jfb16120451,2025,Three-Dimensional Bioprinting of Regenerative Cartilage Constructs with Directional Ionically Derived Stiffness Gradients,Journal of functional biomaterials
AMBC_97LHrZDWsy7Te6Zyj2srfyz4OnB,unmodified,[],bulk_hydrogel,"[""bulk_hydrogel""]",in_vitro_cartilage,"[""in_vitro_cartilage""]","[""collagen""]","[""articular_chondrocyte"", ""MSC""]",3D_encapsulation,,,0,1,1,0,1,0,2026-09-26T18:34:06Z,40869010,10.3390/ijms26167683,2025,Umbilical Cord Mesenchymal Stem Cell-Derived Extracellular Vesicles Enhance Chondrocyte Function by Reducing Oxidative Stress in Chondrocytes,International journal of molecular sciences
AMBC_3nwPfYNufNCpTu15USm5D70BCWD,unmodified,[],bulk_hydrogel,"[""bulk_hydrogel""]",in_vitro_cartilage,"[""in_vitro_cartilage""]",[],"[""articular_chondrocyte"", ""MSC""]",3D_encapsulation,,,0,1,1,0,1,0,2026-09-26T18:34:06Z,41036385,10.3389/fbioe.2025.1608923,2025,Advances in tissue engineering for the repair of growth plate injuries,Frontiers in bioengineering and biotechnology
AMBC_DcAvlStkjIJFWdXbUSiN5nFCJ4o,unmodified,[],bulk_hydrogel,"[""bulk_hydrogel""]",in_vitro_cartilage,"[""in_vitro_cartilage""]","[""PVA""]",[],3D_encapsulation,,,0,1,1,0,1,0,2026-09-26T18:34:06Z,40868773,10.3390/gels11080644,2025,Annealed Polyvinyl Alcohol Hydrogels for Cartilage Replacement: Effects of Synthesis Parameters on Mechanical Properties,"Gels (Basel, Switzerland)"
AMBC_RhHeG4UrbqTAA5mzFmSOoZe3je2,unmodified,[],microgel,"[""microgel""]",in_vitro_cartilage,"[""in_vitro_cartilage""]","[""collagen"", ""agarose""]","[""articular_chondrocyte"", ""MSC""]",3D_bioprint,bovine,,0,1,1,0,1,0,2026-09-26T18:34:06Z,40992389,10.1088/1758-5090/ae0aff,2025,Tailoring agarose fluid gels for use in suspension bath bioprinting and culture of spheroid-based bioinks,Biofabrication
AMBC_9oUbvQRuTVbDcUMObrNlcpUguny,unmodified,[],ipn,"[""ipn""]",in_vitro_cartilage,"[""in_vitro_cartilage""]","[""HA"", ""alginate""]",[],3D_encapsulation,,,0,1,1,0,1,0,2026-09-26T18:34:06Z,40006190,10.3390/polym17040528,2025,The Effect of Alginate/Hyaluronic Acid Proportion on Semi-Interpenetrating Hydrogel Properties for Articular Cartilage Tissue Engineering,Polymers
AMBC_IZCgejk1k8ZkttJZa5J9E2ZCqJf,unmodified,[],monolayer,"[""monolayer""]",in_vitro_cartilage,"[""in_vitro_cartilage""]",[],"[""articular_chondrocyte""]",2D,,,0,1,1,0,1,0,2026-09-26T18:34:06Z,39236979,10.1016/j.bj.2024.100786,2025,Advancements in chondrocyte 3-dimensional embedded culture: Implications for tissue engineering and regenerative medicine,Biomedical journal
AMBC_Gj4vjjmK6kjbp22SDEVuHcUVJjk,unmodified,[],monolayer,"[""monolayer""]",in_vitro_cartilage,"[""in_vitro_cartilage""]","[""HA"", ""chitosan""]","[""articular_chondrocyte""]",2D,,,0,1,1,0,1,0,2026-09-26T18:34:06Z,41226336,10.3390/ijms262110291,2025,2D Chitosan-Based Films: A Proteomic Mass Spectrometry Study of Chondrocyte Phenotype as a Function of Cell-Biomaterial Interactions,International journal of molecular sciences
AMBC_ALLHDeaw5Q6wh8dR1tRPZN0f4XC,unmodified,[],bulk_hydrogel,"[""bulk_hydrogel""]",in_vitro_cartilage,"[""in_vitro_cartilage""]",[],[],3D_encapsulation,,,0,1,1,0,1,0,2026-09-26T18:34:06Z,40260509,10.1039/d5tb00050e,2025,"Architecting a partial thickness cartilage substitute with mimetic, self-assembling hydrogels",Journal of materials chemistry. B
AMBC_KSxnDt1oheUDLi4pt3IAA9lRvBH,unmodified,[],bulk_hydrogel,"[""bulk_hydrogel""]",in_vitro_cartilage,"[""in_vitro_cartilage""]","[""collagen"", ""agarose""]","[""articular_chondrocyte""]",3D_encapsulation,human,,0,1,1,0,1,0,2026-09-26T18:34:06Z,40451954,10.1007/s10439-025-03755-6,2025,Chondrocytes Embedded in Agarose Generate Distinct Metabolic Heat Profiles Based on Media Carbon Sources,Annals of biomedical engineering
AMBC_3BZiZeJ4cIDXxqJqn6xCQCCPSyL,unmodified,[],bulk_hydrogel,"[""bulk_hydrogel""]",in_vitro_cartilage,"[""in_vitro_cartilage""]","[""HA"", ""gelatin""]","[""articular_chondrocyte""]",3D_encapsulation,human,,0,1,1,0,1,0,2026-09-26T18:34:06Z,41322147,10.1016/j.mtbio.2025.102550,2025,Engineering biomimetic zonal properties in fibre-reinforced hydrogels for functional cartilage tissue engineering in vitro,Materials today. Bio
AMBC_Dq1fjDGcmflAXDxaj0RfLXb5G2c,unmodified,[],bulk_hydrogel,"[""bulk_hydrogel""]",in_vitro_cartilage,"[""in_vitro_cartilage""]",[],[],3D_encapsulation,,,0,1,1,0,1,0,2026-09-26T18:34:06Z,40508573,10.3390/ma18112576,2025,Recent Advancements in Smart Hydrogel-Based Materials in Cartilage Tissue Engineering,"Materials (Basel, Switzerland)"
AMBC_Z0ioO4zECsO57NpwFJH0XPFRqin,unmodified,[],bulk_hydrogel,"[""bulk_hydrogel""]",in_vitro_cartilage,"[""in_vitro_cartilage""]","[""collagen"", ""agarose""]","[""articular_chondrocyte""]",3D_encapsulation,human,,0,1,1,0,1,0,2026-09-26T18:34:06Z,41002510,10.3390/gels11090736,2025,Exploring Mechanotransduction and Inflammation in Human Cartilaginous Endplate Cells in Blended Collagen-Agarose Hydrogels Under Cyclic Compression,"Gels (Basel, Switzerland)"
AMBC_AG5LeoN6Ybe8Bsz0lxMDmJr650o,methacrylated,"[""methacrylated""]",3d_printed,"[""3d_printed""]",in_vitro_cartilage,"[""in_vitro_cartilage""]","[""GelMA"", ""collagen"", ""gelatin""]","[""articular_chondrocyte""]",3D_bioprint,human,,0,1,1,0,1,0,2026-09-26T18:34:06Z,40294687,10.1016/j.ijbiomac.2025.143559,2025,Gelatin methacryloyl bioinks for bioprinting nasal cartilage: Balancing mechanical integrity and extracellular matrix formation,International journal of biological macromolecules
AMBC_E1PSUI0S7vuI2rbTXoZ8zal2OMu,sulfated,"[""sulfated""]",injectable,"[""injectable""]",in_vitro_cartilage,"[""in_vitro_cartilage""]","[""collagen"", ""chitosan""]","[""articular_chondrocyte"", ""MSC""]",3D_encapsulation,porcine,,0,1,1,0,1,0,2026-09-26T18:34:06Z,40054632,10.1016/j.jconrel.2025.113608,2025,"Innovative injectable, self-healing, exosome cross-linked biomimetic hydrogel for cartilage regeneration",Journal of controlled release : official journal of the Controlled Release Society
AMBC_O0gNqI1yQQ0L1ZnysaOXnKAx5m9,unmodified,[],bulk_hydrogel,"[""bulk_hydrogel""]",in_vitro_cartilage,"[""in_vitro_cartilage""]","[""agarose""]",[],3D_encapsulation,human,,0,1,1,0,1,0,2026-09-26T18:34:06Z,40415244,10.1002/bit.29026,2025,Dynamic Compression Improves Chondrogenesis in the Tissue Engineered Model of Cartilage,Biotechnology and bioengineering
AMBC_OpugqmNiGOqXLe1baPYO1KqvStz,unmodified,[],bulk_hydrogel,"[""bulk_hydrogel""]",in_vitro_cartilage,"[""in_vitro_cartilage""]",[],[],3D_encapsulation,,,0,1,1,0,1,0,2026-09-26T18:34:06Z,39920742,10.1186/s12938-025-01342-3,2025,Ultramodern natural and synthetic polymer hydrogel scaffolds for articular cartilage repair and regeneration,Biomedical engineering online
AMBC_KhMRpKAjrQIg7ZUVhEMJJeT7AEl,unmodified,[],bulk_hydrogel,"[""bulk_hydrogel""]",in_vitro_cartilage,"[""in_vitro_cartilage""]","[""HA"", ""collagen"", ""chitosan"", ""gelatin""]","[""articular_chondrocyte""]",3D_encapsulation,human,,0,1,1,0,1,0,2026-09-26T18:34:06Z,41437626,10.1177/19476035251407298,2025,Starch-Gelatin-Based Scaffolds for Cartilage Defect Repair: An in vitro Study Supporting Its Potential Clinical Use,Cartilage
AMBC_PTUWpp5AEZlJeftJSM7nRSCijy2,unmodified,[],bulk_hydrogel,"[""bulk_hydrogel""]",in_vitro_cartilage,"[""in_vitro_cartilage""]",[],"[""articular_chondrocyte""]",3D_encapsulation,porcine,,0,1,1,0,1,0,2026-09-26T18:34:06Z,40503575,10.1177/03635465251343288,2025,Improved Articular Cartilage Repair With Stratified Zonal Chondrocyte Implantation,The American journal of sports medicine
AMBC_GU9VQzwOHhz0LMRa2zEskmVJ3WJ,unmodified,[],bulk_hydrogel,"[""bulk_hydrogel""]",in_vitro_cartilage,"[""in_vitro_cartilage""]","[""alginate"", ""collagen""]","[""articular_chondrocyte"", ""adipose_MSC"", ""MSC""]",3D_encapsulation,human,,0,1,1,0,1,0,2026-09-26T18:34:06Z,40136918,10.3390/gels11030213,2025,"Influence of Cell Seeding Density and Material Stiffness on Chondrogenesis of Human Stem Cells Within Soft Hydrogels, Without the Use of Exogenous Growth Factors","Gels (Basel, Switzerland)"
AMBC_ReXL0URBamIpJryQMaqVO6LddUf,unmodified,[],fiber,"[""fiber""]",in_vitro_cartilage,"[""in_vitro_cartilage""]","[""HA"", ""PVA""]","[""articular_chondrocyte""]",3D_encapsulation,,,0,1,1,0,1,0,2026-09-26T18:34:06Z,40267156,10.1080/09205063.2025.2492462,2025,Enhanced biological properties of polyvinyl alcohol-polycaprolactone/hyaluronic acid-coated electrospun scaffolds for articular cartilage regeneration,Journal of biomaterials science. Polymer edition
AMBC_H7TEtwMkaWYlDyr7d9TPp5KvAfk,methacrylated,"[""methacrylated""]",bulk_hydrogel,"[""bulk_hydrogel""]",in_vitro_cartilage,"[""in_vitro_cartilage""]","[""GelMA""]","[""articular_chondrocyte""]",3D_encapsulation,rabbit,,0,1,1,0,1,0,2026-09-26T18:34:06Z,39852013,10.3390/gels11010042,2025,Polydeoxynucleotide-Loaded Visible Light Photo-Crosslinked Gelatin Methacrylate Hydrogel: Approach to Accelerating Cartilage Regeneration,"Gels (Basel, Switzerland)"
AMBC_Il9YO5zxZGJK3kWpmvaSWyQx9UA,unmodified,[],bulk_hydrogel,"[""bulk_hydrogel""]",in_vitro_cartilage,"[""in_vitro_cartilage""]","[""collagen""]","[""articular_chondrocyte""]",3D_encapsulation,rabbit,,0,1,1,0,1,0,2026-09-26T18:34:06Z,40831709,10.1016/j.bioactmat.2025.07.043,2025,Bioenergetic-active hydrogel drives extracellular matrix synthesis for cartilage repair,Bioactive materials
AMBC_9SwUXxD6jlMDmt8fJe9Eq6kRD5U,methacrylated,"[""methacrylated""]",bulk_hydrogel,"[""bulk_hydrogel""]",in_vitro_cartilage,"[""in_vitro_cartilage""]","[""HA"", ""gelatin""]","[""articular_chondrocyte""]",3D_encapsulation,,,0,1,1,0,1,0,2026-09-26T18:34:06Z,40162094,10.1038/s43246-025-00781-8,2025,Crosslinking substrate regulates frictional properties of tissue-engineered cartilage and chondrocyte response to loading,Communications materials
AMBC_D0RhTiHlgN0pXEksXvL2VfPyd0p,unmodified,[],bulk_hydrogel,"[""bulk_hydrogel""]",in_vitro_cartilage,"[""in_vitro_cartilage""]",[],"[""articular_chondrocyte"", ""MSC""]",3D_encapsulation,human,,0,1,1,0,1,0,2026-09-26T18:34:06Z,41023083,10.1038/s41598-025-16308-7,2025,Co-delivery of NGF and BMP-2 via thermosensitive pluronic F127 hydrogel enhances chondrogenesis and cartilage repair,Scientific reports
AMBC_96h0ZrhJJozlpJoi8g2lFLJXWHg,unmodified,[],microsphere,"[""microsphere""]",in_vitro_cartilage,"[""in_vitro_cartilage""]",[],"[""articular_chondrocyte""]",3D_encapsulation,,,0,1,1,0,1,0,2026-09-26T18:34:06Z,40130039,10.1016/j.mtbio.2025.101641,2025,Preparation of hydrogel microsphere and its application in articular cartilage injury,Materials today. Bio
AMBC_EidLVSO9MnHbKD8jKGSa1MP4BKq,methacrylated,"[""methacrylated""]",bulk_hydrogel,"[""bulk_hydrogel""]",in_vitro_cartilage,"[""in_vitro_cartilage""]","[""chitosan"", ""dextran""]","[""articular_chondrocyte""]",3D_encapsulation,,,0,1,1,0,1,0,2026-09-26T18:34:06Z,39732244,10.1016/j.ijbiomac.2024.139251,2025,The preparation of 3D-printed self-healing hydrogels composed of carboxymethyl chitosan and oxidized dextran via stereolithography for biomedical applications,International journal of biological macromolecules
AMBC_SimrEIq1ftOfeZQIm5yW1vn3UAH,methacrylated,"[""methacrylated""]",microsphere,"[""microsphere""]",in_vitro_cartilage,"[""in_vitro_cartilage""]","[""GelMA"", ""gelatin""]","[""articular_chondrocyte""]",2D,human,,0,1,1,0,1,0,2026-09-26T18:34:06Z,40136904,10.3390/gels11030199,2025,Expansion and Delivery of Human Chondrocytes on Gelatin-Based Cell Carriers,"Gels (Basel, Switzerland)"
AMBC_ZWvqHz74V7I9yca6HwOo1cS15s,unmodified,[],bulk_hydrogel,"[""bulk_hydrogel""]",in_vitro_cartilage,"[""in_vitro_cartilage""]","[""PEG"", ""collagen""]","[""articular_chondrocyte""]",3D_encapsulation,human,,0,1,1,0,1,0,2026-09-26T18:34:06Z,40104649,10.1016/j.mtbio.2025.101623,2025,Dynamic Col-HZ Hydrogel with efficient delivery of bioactivator promotes ECM deposition and cartilage formation,Materials today. Bio
AMBC_9X2pJ65SCP9WHwcrbqyhxGzjw6D,sulfated,"[""sulfated""]",bulk_hydrogel,"[""bulk_hydrogel""]",in_vitro_cartilage,"[""in_vitro_cartilage""]","[""collagen"", ""agarose""]","[""articular_chondrocyte""]",3D_encapsulation,murine,,0,1,1,0,1,0,2026-09-26T18:34:06Z,39277549,10.1007/s10439-024-03613-x,2025,Characterization of Composite Agarose-Collagen Hydrogels for Chondrocyte Culture,Annals of biomedical engineering
AMBC_WpsVK4Px7LMPns9v5b98oK3Fhp3,unmodified,[],monolayer,"[""monolayer""]",in_vitro_cartilage,"[""in_vitro_cartilage""]","[""collagen"", ""gelatin""]","[""articular_chondrocyte""]",3D_encapsulation,porcine,,0,1,1,0,1,0,2026-09-26T18:34:06Z,40108844,10.1021/acsbiomaterials.4c02409,2025,3D-Printed PEG-PLA/Gelatin Hydrogel: Characterization toward In Vitro Chondrocyte Redifferentiation,ACS biomaterials science & engineering
EPMC_42518840,unmodified,[],3d_printed,"[""3d_printed""]",bioprinting,"[""bioprinting"", ""in_vitro_cartilage""]","[""alginate""]","[""MSC""]",3D_bioprint,human,,0,1,1,0,1,0,2026-09-26T18:34:14Z,42518840,10.1007/s40883-025-00396-y,2025,Bioprintable Janus Base Nano-Matrix for Improved Cartilage Tissue Engineering.,Regenerative engineering and translational medicine
EPMC_41228628,methacrylated,"[""methacrylated""]",3d_printed,"[""3d_printed""]",bioprinting,"[""bioprinting""]","[""GelMA"", ""alginate"", ""chitosan"", ""gelatin""]","[""MSC""]",3D_bioprint,,,0,1,1,0,1,0,2026-09-26T18:34:14Z,41228628,10.3390/polym17212867,2025,"Comparing the Printability, Biological and Physicochemical Properties of Bio-Based Photo-Crosslinkable Hydrogels.",Polymers
EPMC_41426968,unmodified,[],3d_printed,"[""3d_printed""]",bioprinting,"[""bioprinting""]","[""collagen"", ""gelatin""]","[""adipose_MSC""]",3D_bioprint,human,,0,1,1,0,1,0,2026-09-26T18:34:13Z,41426968,10.17691/stm2025.17.5.02,2025,The Use of High-Concentration Collagen-Based Composition and Gelatin Granules as Bioinks for Extrusion 3D Bioprinting of Porous-Structured Hydrogel Constructs.,Sovremennye tekhnologii v meditsine
AMBC_ZpP0uBcOurbbMGsEdbbaTQuml3P,methacrylated,"[""methacrylated""]",3d_printed,"[""3d_printed"", ""bilayer"", ""microsphere""]",bioprinting,"[""bioprinting""]","[""GelMA"", ""alginate"", ""gelatin""]","[""MSC""]",3D_bioprint,human,,0,1,1,0,1,0,2026-09-26T18:34:10Z,40964499,10.1016/j.matt.2025.102413,2025,Cell Contractile Forces Drive Spatiotemporal Morphogenesis in 4D Bioprinted Living Constructs,Matter
AMBC_C61kr1aVngDbrl88olIh7WbCbCW,unmodified,[],3d_printed,"[""3d_printed""]",bioprinting,"[""bioprinting"", ""in_vitro_cartilage""]","[""agarose"", ""gelatin""]","[""articular_chondrocyte""]",3D_bioprint,human,,0,1,1,0,1,0,2026-09-26T18:34:10Z,40194271,10.1021/acsami.5c00077,2025,Incorporation of Cross-Linked Gelatin Microparticles To Enhance Cell Attachment and Chondrogenesis in Carboxylated Agarose Bioinks for Cartilage Engineering,ACS applied materials & interfaces
AMBC_1cMFfO2cmsSgP9IV6A6JVg6UZTS,unmodified,[],3d_printed,"[""3d_printed""]",bioprinting,"[""bioprinting"", ""in_vitro_cartilage""]","[""alginate"", ""gelatin""]",[],3D_bioprint,,,0,1,1,0,1,0,2026-09-26T18:34:10Z,40742716,10.1002/mabi.202500167,2025,3D Bioprintable Gt-Alg-MMT Nano Bioink for Cartilage Tissue Engineering,Macromolecular bioscience
AMBC_OVPxorr1MAmG36U6ALt9A1urz6B,methacrylated,"[""methacrylated""]",3d_printed,"[""3d_printed""]",bioprinting,"[""bioprinting"", ""in_vitro_cartilage""]","[""GelMA"", ""gelatin""]","[""articular_chondrocyte"", ""iPSC""]",3D_bioprint,,,0,1,1,0,1,0,2026-09-26T18:34:10Z,41002473,10.3390/gels11090698,2025,Novel GelMA/GelMA-AEMA Hydrogel Blend with Enhanced Printability as a Carrier for iPSC-Derived Chondrocytes In Vitro,"Gels (Basel, Switzerland)"
AMBC_M8dVjC95QYUDSl9CbH9gFq6W04M,methacrylated,"[""methacrylated""]",3d_printed,"[""3d_printed"", ""porous_scaffold""]",bioprinting,"[""bioprinting"", ""in_vitro_cartilage""]","[""GelMA"", ""collagen"", ""silk_fibrin""]","[""articular_chondrocyte""]",3D_bioprint,,,0,1,1,0,1,0,2026-09-26T18:34:10Z,41490725,10.1631/jzus.B2500343,2025,Novel multi-component synergistic bioink that balances biocompatibility and mechanical strength for cartilage regeneration,Journal of Zhejiang University. Science. B
AMBC_Qf1P1ia9gZy6tWan7YZeoKf5m3V,unmodified,[],3d_printed,"[""3d_printed""]",bioprinting,"[""bioprinting"", ""in_vitro_cartilage""]","[""collagen""]","[""MSC""]",3D_bioprint,,,0,1,1,0,1,0,2026-09-26T18:34:10Z,42032314,10.1038/s44385-025-00012-2,2025,Bioengineered articular cartilage biomimetic organ-on-a-chip using microfluidics,npj biomedical innovations
AMBC_E3jTF9iBIwpfNyrd2okCMjHT4qO,unmodified,[],3d_printed,"[""3d_printed"", ""ipn""]",bioprinting,"[""bioprinting"", ""in_vitro_cartilage""]","[""HA"", ""alginate""]","[""articular_chondrocyte""]",3D_bioprint,,,0,1,1,0,1,0,2026-09-26T18:34:10Z,39818697,10.1021/acsabm.4c01505,2025,Mucin-Based Dual Cross-Linkable IPN Hydrogel Bioink for 3D Bioprinting and Cartilage Tissue Engineering,ACS applied bio materials
AMBC_Gd8jYu9S4J1Yiw7auZdO0iI5Mqn,unmodified,[],3d_printed,"[""3d_printed""]",bioprinting,"[""bioprinting"", ""in_vitro_cartilage""]",[],"[""articular_chondrocyte""]",3D_bioprint,,,0,1,1,0,1,0,2026-09-26T18:34:06Z,39925718,10.1016/j.mtbio.2025.101509,2025,DNA-encoded dynamic hydrogels for 3D bioprinted cartilage organoids,Materials today. Bio
EPMC_40264116,unmodified,[],bulk_hydrogel,"[""bulk_hydrogel""]",auricular,"[""auricular"", ""in_vitro_cartilage""]","[""alginate""]","[""articular_chondrocyte""]",3D_encapsulation,human,,0,1,1,0,1,0,2026-09-26T18:34:14Z,40264116,10.1186/s13036-025-00502-2,2025,Decellularized apple hypanthium as a plant-based biomaterial for cartilage regeneration in vitro: a comparative study of progenitor cell types and environmental conditions.,Journal of biological engineering
EPMC_41082383,unmodified,[],bulk_hydrogel,"[""bulk_hydrogel""]",auricular,"[""auricular"", ""tracheal"", ""in_vitro_cartilage""]",[],"[""articular_chondrocyte""]",3D_encapsulation,rabbit,,0,1,1,0,1,0,2026-09-26T18:34:14Z,41082383,10.1002/advs.202514724,2025,"Dual-Pedicle Tissue-Engineered Trachea Promotes Biomimetic Cartilaginous Framework, Vascularization, and Epithelial Lining for Long-Segment Tracheal Reconstruction.","Advanced science (Weinheim, Baden-Wurttemberg, Germany)"
EPMC_39896443,methacrylated,"[""methacrylated""]",bulk_hydrogel,"[""bulk_hydrogel""]",auricular,"[""auricular"", ""in_vitro_cartilage""]","[""GelMA""]","[""articular_chondrocyte"", ""auricular_chondrocyte""]",3D_encapsulation,human,,0,1,1,0,1,0,2026-09-26T18:34:14Z,39896443,10.1016/j.reth.2025.01.005,2025,Quercetin prevents the loss of chondrogenic capacity in expansion cultured human auricular chondrocytes by alleviating mitochondrial dysfunction.,Regenerative therapy
EPMC_40946483,methacrylated,"[""methacrylated""]",bulk_hydrogel,"[""bulk_hydrogel""]",auricular,"[""auricular"", ""in_vivo_repair"", ""in_vitro_cartilage""]","[""GelMA"", ""gelatin""]","[""articular_chondrocyte"", ""adipose_MSC""]",3D_encapsulation,human,,0,1,1,0,1,0,2026-09-26T18:34:14Z,40946483,10.1016/j.biomaterials.2025.123691,2025,Self-assembled hADSCs/hNSCs spheroids combined with 3D printed M-shaped GelMA/Pu Scaffolds: Creating histologically biomimetic engineered cartilage that meets the characteristics of alar cartilage.,Biomaterials
EPMC_40304399,unmodified,[],3d_printed,"[""3d_printed""]",auricular,"[""auricular"", ""in_vivo_repair"", ""bioprinting"", ""in_vitro_cartilage""]","[""collagen""]","[""articular_chondrocyte"", ""auricular_chondrocyte"", ""adipose_MSC"", ""MSC""]",3D_bioprint,human,,0,1,1,0,1,0,2026-09-26T18:34:13Z,40304399,10.1093/stcltm/szae098,2025,Adipose-mesenchymal stem cells enhance the formation of auricular cartilage in vitro and in vivo.,Stem cells translational medicine
EPMC_PPR1109195,unmodified,[],3d_printed,"[""3d_printed""]",auricular,"[""auricular"", ""in_vivo_repair"", ""in_vitro_cartilage""]","[""collagen""]","[""articular_chondrocyte"", ""auricular_chondrocyte""]",3D_bioprint,human,,0,1,1,0,1,0,2026-09-26T18:34:13Z,,10.1101/2025.10.27.684810,2025,Tissue Engineered Elastic Cartilage-Mimetic Auricular Grafts for Ear Reconstruction,
EPMC_39968521,unmodified,[],bulk_hydrogel,"[""bulk_hydrogel""]",auricular,"[""auricular"", ""in_vitro_cartilage""]","[""gelatin"", ""PVA""]","[""articular_chondrocyte""]",3D_encapsulation,human,,0,1,1,0,1,0,2026-09-26T18:34:13Z,39968521,10.1016/j.mtbio.2025.101516,2025,Enhancing auricular reconstruction: A biomimetic scaffold with 3D-printed multiscale porous structure utilizing chondrogenic activity ink.,Materials today. Bio
EPMC_40034808,unmodified,[],3d_printed,"[""3d_printed""]",auricular,"[""auricular"", ""in_vitro_cartilage""]","[""gelatin""]","[""articular_chondrocyte"", ""auricular_chondrocyte"", ""adipose_MSC""]",3D_bioprint,,,0,1,1,0,1,0,2026-09-26T18:34:13Z,40034808,10.1016/j.bioactmat.2025.02.011,2025,Integrated biomimetic bioprinting of perichondrium with cartilage for auricle reconstruction.,Bioactive materials
AMBC_5HZ5ebjp3DET1xbcGZiyfmGQsH0,unmodified,[],bulk_hydrogel,"[""bulk_hydrogel""]",auricular,"[""auricular"", ""in_vivo_repair"", ""in_vitro_cartilage""]","[""chitosan""]",[],3D_encapsulation,,,0,1,1,0,1,0,2026-09-26T18:34:10Z,39955711,10.1002/adhm.202404488,2025,Application of 4D-Printed Magnetoresponsive FOGS Hydrogel Scaffolds in Auricular Cartilage Regeneration,Advanced healthcare materials
AMBC_2r68gcwmViNl15rN6sX46Ahq5Pb,methacrylated,"[""methacrylated""]",bulk_hydrogel,"[""bulk_hydrogel""]",auricular,"[""auricular"", ""in_vivo_repair"", ""in_vitro_cartilage""]","[""GelMA""]","[""articular_chondrocyte""]",3D_encapsulation,murine,,0,1,1,0,1,0,2026-09-26T18:34:06Z,40224461,10.1021/acsomega.5c00476,2025,Enhanced Ear Cartilage Regeneration with Dual-Network LT-GelMA/F127DA Hydrogel Featuring Nanomicelle Integration,ACS omega
EPMC_39211509,unmodified,[],3d_printed,"[""3d_printed""]",osteochondral,"[""osteochondral"", ""bioprinting"", ""in_vitro_cartilage""]","[""collagen""]",[],3D_bioprint,murine,,0,1,1,0,1,0,2026-09-26T18:34:13Z,39211509,10.1016/j.mtbio.2024.101114,2024,High-precision bioactive scaffold with dECM and extracellular vesicles targeting 4E-BP inhibition for cartilage injury repair.,Materials today. Bio
EPMC_40061434,methacrylated,"[""methacrylated""]",bulk_hydrogel,"[""bulk_hydrogel""]",osteochondral,"[""osteochondral"", ""in_vitro_cartilage""]","[""HA""]",[],3D_encapsulation,,,0,1,1,0,1,0,2026-09-26T18:34:13Z,40061434,10.1016/j.bioactmat.2024.12.011,2024,Synergizing adaptive immunity and regenerative signals to enhance osteochondral defects repair.,Bioactive materials
EPMC_39456913,unmodified,[],3d_printed,"[""3d_printed""]",osteochondral,"[""osteochondral""]","[""alginate"", ""collagen"", ""fibrin""]","[""articular_chondrocyte""]",3D_bioprint,,,0,1,1,0,1,0,2026-09-26T18:34:13Z,39456913,10.3390/ijms252011131,2024,Bioprinted High-Cell-Density Laminar Scaffolds Stimulate Extracellular Matrix Production in Osteochondral Co-Cultures.,International journal of molecular sciences
EPMC_38745590,methacrylated,"[""methacrylated""]",bulk_hydrogel,"[""bulk_hydrogel""]",osteochondral,"[""osteochondral"", ""in_vitro_cartilage""]","[""GelMA""]","[""articular_chondrocyte"", ""MSC""]",3D_encapsulation,rabbit,,0,1,1,0,1,0,2026-09-26T18:34:13Z,38745590,10.1016/j.bioactmat.2024.05.004,2024,Diatomite-incorporated hierarchical scaffolds for osteochondral regeneration.,Bioactive materials
EPMC_38496032,methacrylated,"[""methacrylated""]",bulk_hydrogel,"[""bulk_hydrogel""]",osteochondral,"[""osteochondral"", ""in_vivo_repair"", ""in_vitro_cartilage""]","[""GelMA""]","[""articular_chondrocyte""]",3D_encapsulation,murine,,0,1,1,0,1,0,2026-09-26T18:34:13Z,38496032,10.1016/j.bioactmat.2024.03.004,2024,Enhanced osteochondral regeneration with a 3D-Printed biomimetic scaffold featuring a calcified interfacial layer.,Bioactive materials
EPMC_38757056,unmodified,[],bilayer,"[""bilayer""]",osteochondral,"[""osteochondral"", ""in_vivo_repair"", ""in_vitro_cartilage""]",[],[],3D_encapsulation,,,0,1,1,0,1,0,2026-09-26T18:34:13Z,38757056,10.1016/j.mtbio.2024.101080,2024,Enhanced hyaline cartilage formation and continuous osteochondral regeneration via 3D-Printed heterogeneous hydrogel with multi-crosslinking inks.,Materials today. Bio
EPMC_39329662,methacrylated,"[""methacrylated""]",bulk_hydrogel,"[""bulk_hydrogel""]",osteochondral,"[""osteochondral"", ""in_vivo_repair""]","[""GelMA"", ""PEG""]","[""adipose_MSC""]",3D_encapsulation,human,,0,1,1,0,1,0,2026-09-26T18:34:13Z,39329662,10.3390/bioengineering11090920,2024,Comparison of Bioengineered Scaffolds for the Induction of Osteochondrogenic Differentiation of Human Adipose-Derived Stem Cells.,"Bioengineering (Basel, Switzerland)"
AMBC_YkhTJKKWHLg3kphLKwmzuGnuJGw,unmodified,[],bulk_hydrogel,"[""bulk_hydrogel""]",osteochondral,"[""osteochondral"", ""in_vitro_cartilage""]",[],[],3D_encapsulation,,,0,1,1,0,1,0,2026-09-26T18:34:10Z,39635584,10.3389/fmed.2024.1503707,2024,Visualized trends and bibliometric analysis in ankle cartilage repair from 2004 to 2024,Frontiers in medicine
AMBC_2eWzZxZeNQ7lgexFKEnj0wZyU6I,methacrylated,"[""methacrylated""]",injectable,"[""injectable""]",osteochondral,"[""osteochondral""]","[""GelMA"", ""collagen"", ""gelatin""]","[""adipose_MSC""]",3D_encapsulation,rabbit,,0,1,1,0,1,0,2026-09-26T18:34:10Z,38831361,10.1186/s13287-024-03750-z,2024,Enhanced osteochondral repair by leukocyte-depleted platelet-rich plasma in combination with adipose-derived mesenchymal stromal cells encapsulated in a three-dimensional photocrosslinked injectable hydrogel in a rabbit model,Stem cell research & therapy
AMBC_UhohpRONI887ufZrKMWODWiZCop,methacrylated,"[""methacrylated""]",bulk_hydrogel,"[""bulk_hydrogel""]",osteochondral,"[""osteochondral"", ""in_vivo_repair"", ""drug_delivery""]","[""alginate""]",[],3D_encapsulation,rabbit,,0,1,1,0,1,0,2026-09-26T18:34:10Z,39070169,10.3389/fbioe.2024.1417742,2024,Honeycomb-like biomimetic scaffold by functionalized antibacterial hydrogel and biodegradable porous Mg alloy for osteochondral regeneration,Frontiers in bioengineering and biotechnology
AMBC_X3LopAHOoMiKy4XgtlcQvowbKxW,methacrylated,"[""methacrylated""]",bulk_hydrogel,"[""bulk_hydrogel""]",osteochondral,"[""osteochondral"", ""in_vivo_repair"", ""drug_delivery"", ""in_vitro_cartilage""]","[""GelMA"", ""gelatin""]",[],3D_encapsulation,rabbit,,0,1,1,0,1,0,2026-09-26T18:34:10Z,37830126,10.1111/joor.13608,2024,Gelatin methacryloyl hydrogel with and without dental pulp stem cells for TMJ regeneration: An in vivo study in rabbits,Journal of oral rehabilitation
AMBC_TIVaH78MX67FSF8oPKrJsc8oYB8,unmodified,[],3d_printed,"[""3d_printed""]",osteochondral,"[""osteochondral"", ""in_vivo_repair"", ""drug_delivery"", ""in_vitro_cartilage""]",[],[],3D_bioprint,,,0,1,1,0,1,0,2026-09-26T18:34:10Z,37882983,10.1007/s13346-023-01437-1,2024,"Integrating bioprinting, cell therapies and drug delivery towards in vivo regeneration of cartilage, bone and osteochondral tissue",Drug delivery and translational research
AMBC_KFCwXPXfNcvlwBMsNASoBpRLb8N,oxidized,"[""oxidized""]",fiber,"[""fiber""]",osteochondral,"[""osteochondral"", ""in_vitro_cartilage""]","[""alginate"", ""gelatin""]",[],3D_encapsulation,,,0,1,1,0,1,0,2026-09-26T18:34:10Z,39590101,10.3390/gels10110745,2024,In Vitro Investigation of 3D Printed Hydrogel Scaffolds with Electrospun Tidemark Component for Modeling Osteochondral Interface,"Gels (Basel, Switzerland)"
AMBC_C5f0uCCjAx5hOFz4v1sPLpNn3CF,sulfated,"[""sulfated""]",bilayer,"[""bilayer"", ""injectable""]",osteochondral,"[""osteochondral"", ""in_vitro_cartilage""]","[""PEG"", ""collagen""]","[""articular_chondrocyte"", ""MSC""]",3D_encapsulation,,,0,1,1,0,1,0,2026-09-26T18:34:10Z,38056750,10.1016/j.ijbiomac.2023.128593,2024,Biomimetic injectable and bilayered hydrogel scaffold based on collagen and chondroitin sulfate for the repair of osteochondral defects,International journal of biological macromolecules
AMBC_3yBpYKRKIswFtYumJrFhDaz6ZD8,unmodified,[],injectable,"[""injectable""]",osteochondral,"[""osteochondral"", ""in_vitro_cartilage""]","[""PEG"", ""collagen"", ""cellulose""]","[""articular_chondrocyte""]",3D_encapsulation,,,0,1,1,0,1,0,2026-09-26T18:34:10Z,38333227,10.1007/s40964-022-00360-0,2024,A 4D printed self-assembling PEGDA microscaffold fabricated by digital light processing for arthroscopic articular cartilage tissue engineering,Progress in additive manufacturing
AMBC_2IdwckcenksTACpKqWFL15Wmvmg,sulfated,"[""sulfated""]",injectable,"[""injectable""]",osteochondral,"[""osteochondral"", ""in_vitro_cartilage""]","[""alginate"", ""gelatin""]",[],3D_encapsulation,,,0,1,1,0,1,0,2026-09-26T18:34:10Z,39174114,10.1016/j.carbpol.2024.122424,2024,An injectable self-healing alginate hydrogel with desirable mechanical and degradation properties for enhancing osteochondral regeneration,Carbohydrate polymers
AMBC_AvkPBiU0kBj3ys34TBOtLeeAOnC,sulfated,"[""sulfated""]",bulk_hydrogel,"[""bulk_hydrogel""]",osteochondral,"[""osteochondral"", ""in_vitro_cartilage""]",[],[],3D_encapsulation,porcine,,0,1,1,0,1,0,2026-09-26T18:34:10Z,37885916,10.1016/j.bioactmat.2023.10.014,2024,Full-thickness osteochondral defect repair using a biodegradable bilayered scaffold of porous zinc and chondroitin sulfate hydrogel,Bioactive materials
AMBC_Hu3WJFZHHtwYo9qjxxlLSLamtap,methacrylated,"[""methacrylated""]",bulk_hydrogel,"[""bulk_hydrogel""]",osteochondral,"[""osteochondral"", ""in_vivo_repair"", ""in_vitro_cartilage""]","[""GelMA"", ""gelatin""]","[""articular_chondrocyte"", ""iPSC""]",3D_encapsulation,human,,0,1,1,0,1,0,2026-09-26T18:34:10Z,38665810,10.3389/fbioe.2024.1386692,2024,In vitro and in vivo evaluation of periosteum-derived cells and iPSC-derived chondrocytes encapsulated in GelMA for osteochondral tissue engineering,Frontiers in bioengineering and biotechnology
AMBC_MBkoNr5RBYcDXDWKZUf640r79rM,sulfated,"[""sulfated""]",ipn,"[""ipn""]",osteochondral,"[""osteochondral"", ""in_vitro_cartilage""]","[""cellulose""]","[""MSC""]",3D_encapsulation,,,0,1,1,0,1,0,2026-09-26T18:34:10Z,38697073,10.1088/1758-5090/ad467e,2024,Functionally graded hydrogels with opposing biochemical cues for osteochondral tissue engineering,Biofabrication
AMBC_GCbrzw0n2dq72d8iJxLsV4AfRcF,unmodified,[],bulk_hydrogel,"[""bulk_hydrogel""]",osteochondral,"[""osteochondral"", ""in_vitro_cartilage""]","[""collagen""]","[""articular_chondrocyte""]",3D_encapsulation,human,,0,1,1,0,1,0,2026-09-26T18:34:06Z,39221155,10.1016/j.bbiosy.2024.100099,2024,A phosphate glass reinforced composite acrylamide gradient scaffold for osteochondral interface regeneration,Biomaterials and biosystems
AMBC_MOH78bZsG3BcFudKJ8MjRLCgPxx,unmodified,[],bulk_hydrogel,"[""bulk_hydrogel""]",osteochondral,"[""osteochondral"", ""in_vitro_cartilage""]","[""collagen""]","[""articular_chondrocyte"", ""iPSC""]",3D_encapsulation,human,,0,1,1,0,1,0,2026-09-26T18:34:06Z,39596131,10.3390/ijms252212063,2024,Efficient Production of Chondrocyte Particles from Human iPSC-Derived Chondroprogenitors Using a Plate-Based Cell Self-Aggregation Technique,International journal of molecular sciences
AMBC_HOruJmo23iup2rlEhrZL7psgzUe,unmodified,[],bulk_hydrogel,"[""bulk_hydrogel""]",osteochondral,"[""osteochondral"", ""in_vivo_repair"", ""in_vitro_cartilage""]","[""collagen""]","[""articular_chondrocyte"", ""adipose_MSC"", ""MSC""]",3D_encapsulation,murine,,0,1,1,0,1,0,2026-09-26T18:34:06Z,38229196,10.1186/s13287-024-03632-4,2024,Comparison of the ability of exosomes and ectosomes derived from adipose-derived stromal cells to promote cartilage regeneration in a rat osteochondral defect model,Stem cell research & therapy
AMBC_UnUzlEtuSG9buOloffR4kBmA86j,norbornene,"[""norbornene""]",bilayer,"[""bilayer""]",osteochondral,"[""osteochondral"", ""in_vivo_repair"", ""in_vitro_cartilage""]","[""PEG""]",[],3D_encapsulation,,,0,1,1,0,1,0,2026-09-26T18:34:06Z,38684606,10.1007/s10439-024-03516-x,2024,Controlled Mechanical Property Gradients Within a Digital Light Processing Printed Hydrogel-Composite Osteochondral Scaffold,Annals of biomedical engineering
AMBC_4l5raympPnJ1Kjgz8HNiY5s0MNj,unmodified,[],bulk_hydrogel,"[""bulk_hydrogel""]",osteochondral,"[""osteochondral"", ""in_vitro_cartilage""]","[""collagen""]","[""articular_chondrocyte""]",3D_encapsulation,human,,0,1,1,0,1,0,2026-09-26T18:34:06Z,38415965,10.1002/ksa.12101,2024,Collagen 1 gel may improve the regenerative capacity of minced adult and preosteoarthritic cartilage,"Knee surgery, sports traumatology, arthroscopy : official journal of the ESSKA"
AMBC_Oc59gGmvYG78teNixTe0eYEf3hQ,unmodified,[],microsphere,"[""microsphere""]",osteochondral,"[""osteochondral"", ""drug_delivery"", ""in_vitro_cartilage""]","[""alginate""]","[""MSC""]",3D_encapsulation,human,,0,1,1,0,1,0,2026-09-26T18:34:06Z,38796487,10.1038/s41598-024-62474-5,2024,Cartilage tissue engineering using decellularized biomatrix hydrogel containing TGF-β-loaded alginate microspheres in mechanically loaded bioreactor,Scientific reports
AMBC_Qlaugm6sOqh0Joc3V1gT9qIPPMw,unmodified,[],bilayer,"[""bilayer""]",osteochondral,"[""osteochondral"", ""in_vivo_repair"", ""in_vitro_cartilage""]",[],"[""articular_chondrocyte"", ""MSC""]",3D_encapsulation,murine,,0,1,1,0,1,0,2026-09-26T18:34:06Z,39069607,10.1186/s12951-024-02723-x,2024,A nanozyme-functionalized bilayer hydrogel scaffold for modulating the inflammatory microenvironment to promote osteochondral regeneration,Journal of nanobiotechnology
EPMC_38318476,methacrylated,"[""methacrylated""]",fiber,"[""fiber"", ""injectable""]",in_vitro_cartilage,"[""in_vitro_cartilage""]","[""silk_fibrin""]",[],3D_encapsulation,,,0,1,1,0,1,0,2026-09-26T18:34:14Z,38318476,10.1016/j.mtbio.2024.100962,2024,Injectable silk fibroin peptide nanofiber hydrogel composite scaffolds for cartilage regeneration.,Materials today. Bio
EPMC_PPR843837,methacrylated,"[""methacrylated""]",bulk_hydrogel,"[""bulk_hydrogel""]",in_vitro_cartilage,"[""in_vitro_cartilage""]","[""alginate""]","[""MSC""]",3D_encapsulation,human,,0,1,1,0,1,0,2026-09-26T18:34:14Z,,10.1101/2024.04.20.590385,2024,<i>In situ</i>  cell condensation-based cartilage tissue engineering via immediately implantable high-density stem cell core and rapidly degradable shell microgels,
EPMC_39195056,unmodified,[],bulk_hydrogel,"[""bulk_hydrogel""]",in_vitro_cartilage,"[""in_vitro_cartilage""]","[""PVA""]",[],3D_encapsulation,,,0,1,1,0,1,0,2026-09-26T18:34:14Z,39195056,10.3390/gels10080527,2024,Enhancement of Mechanical Properties of Benign Polyvinyl Alcohol/Agar Hydrogel by Crosslinking Tannic Acid and Applying Multiple Freeze/Thaw Cycles.,"Gels (Basel, Switzerland)"
EPMC_38978120,methacrylated,"[""methacrylated""]",3d_printed,"[""3d_printed""]",in_vitro_cartilage,"[""in_vitro_cartilage""]","[""GelMA"", ""collagen"", ""gelatin""]","[""articular_chondrocyte"", ""ATDC5""]",3D_bioprint,,,0,1,1,0,1,0,2026-09-26T18:34:14Z,38978120,10.1186/s13020-024-00948-4,2024,Application of 3D bioprinting technology apply to assessing Dangguiniantongtang (DGNT) decoctions in arthritis.,Chinese medicine
EPMC_39675009,methacrylated,"[""methacrylated""]",bulk_hydrogel,"[""bulk_hydrogel""]",in_vitro_cartilage,"[""in_vitro_cartilage""]","[""GelMA"", ""gelatin""]","[""articular_chondrocyte"", ""ATDC5""]",3D_encapsulation,human,,0,1,1,0,1,0,2026-09-26T18:34:13Z,39675009,10.1016/j.xpro.2024.103511,2024,Protocol for microindentation analysis of human cartilage and methacrylated gelatin hydrogels with varying stiffness in ATDC5 cell cultures.,STAR protocols
EPMC_39548341,methacrylated,"[""methacrylated""]",bulk_hydrogel,"[""bulk_hydrogel""]",in_vitro_cartilage,"[""in_vitro_cartilage""]","[""GelMA"", ""gelatin""]","[""MSC""]",3D_encapsulation,rabbit,,0,1,1,0,1,0,2026-09-26T18:34:13Z,39548341,10.1038/s41598-024-79787-0,2024,GelMA encapsulating BMSCs-exosomes combined with interference screw or suture anchor promotes tendon-bone healing in a rabbit model.,Scientific reports
EPMC_39790486,unmodified,[],3d_printed,"[""3d_printed""]",in_vitro_cartilage,"[""in_vitro_cartilage""]","[""gelatin""]","[""articular_chondrocyte""]",3D_bioprint,,,0,1,1,0,1,0,2026-09-26T18:34:13Z,39790486,10.1016/j.mtbio.2024.101384,2024,Digital light processing printing of non-modified protein-only compositions.,Materials today. Bio
EPMC_39791725,methacrylated,"[""methacrylated""]",bulk_hydrogel,"[""bulk_hydrogel""]",in_vitro_cartilage,"[""in_vitro_cartilage""]","[""GelMA"", ""collagen""]","[""articular_chondrocyte"", ""MSC""]",3D_encapsulation,,,0,1,1,0,1,0,2026-09-26T18:34:12Z,39791725,10.3390/cells14010025,2024,In Vitro Induction of Hypertrophic Chondrocyte Differentiation of Naïve MSCs by Strain.,Cells
AMBC_FEisW3lWYWESVwhelhi1FgVmtrq,unmodified,[],bulk_hydrogel,"[""bulk_hydrogel""]",in_vitro_cartilage,"[""in_vitro_cartilage""]",[],[],3D_encapsulation,murine,,0,1,1,0,1,0,2026-09-26T18:34:10Z,38660473,10.1016/j.mtbio.2024.101042,2024,A dual dynamically cross-linked hydrogel promotes rheumatoid arthritis repair through ROS initiative regulation and microenvironment modulation-independent triptolide release,Materials today. Bio
AMBC_Whv9bm1oC5CTXzrPGLxHTqtzY0t,unmodified,[],bulk_hydrogel,"[""bulk_hydrogel""]",in_vitro_cartilage,"[""in_vitro_cartilage""]","[""alginate"", ""collagen""]","[""MSC""]",3D_encapsulation,murine,,0,1,1,0,1,0,2026-09-26T18:34:10Z,38561728,10.1186/s12891-024-07381-6,2024,Specific lipid magnetic sphere sorted CD146-positive bone marrow mesenchymal stem cells can better promote articular cartilage damage repair,BMC musculoskeletal disorders
AMBC_Hlk0GL0CcrZGhaEIoryn5olWqv2,unmodified,[],monolayer,"[""monolayer""]",in_vitro_cartilage,"[""in_vitro_cartilage""]","[""alginate"", ""collagen"", ""cellulose""]","[""articular_chondrocyte""]",3D_encapsulation,human,,0,1,1,0,1,0,2026-09-26T18:34:10Z,38558791,10.3389/fbioe.2024.1360089,2024,Orbital shaking conditions augment human nasoseptal cartilage formation in 3D culture,Frontiers in bioengineering and biotechnology
AMBC_UoeiKd4ulRsZwQYB9AD7i2aWVgr,unmodified,[],bulk_hydrogel,"[""bulk_hydrogel""]",in_vitro_cartilage,"[""in_vitro_cartilage""]","[""collagen""]",[],3D_encapsulation,,,0,1,1,0,1,0,2026-09-26T18:34:10Z,37858935,10.1002/adhm.202300174,2024,Temporal Enzymatic Treatment to Enhance the Remodeling of Multiple Cartilage Microtissues into a Structurally Organized Tissue,Advanced healthcare materials
AMBC_QZkLMvDKLVEI7ZpU0EiQJesKRLH,unmodified,[],bulk_hydrogel,"[""bulk_hydrogel""]",in_vitro_cartilage,"[""in_vitro_cartilage""]","[""cellulose""]",[],3D_encapsulation,,,0,1,1,0,1,0,2026-09-26T18:34:10Z,38479658,10.1016/j.ijbiomac.2024.130732,2024,Recent advances and biomedical application of 3D printed nanocellulose-based adhesive hydrogels: A review,International journal of biological macromolecules
AMBC_4igwdz5Z1aCvN70WOfxWmJYH8Zh,unmodified,[],fiber,"[""fiber""]",in_vitro_cartilage,"[""in_vitro_cartilage""]","[""PVA"", ""cellulose""]",[],3D_encapsulation,,,0,1,1,0,1,0,2026-09-26T18:34:10Z,39203302,10.3390/ma17164125,2024,Facile Preparation of Irradiated Poly(vinyl alcohol)/Cellulose Nanofiber Hydrogels with Ultrahigh Mechanical Properties for Artificial Joint Cartilage,"Materials (Basel, Switzerland)"
AMBC_BTMmiiR0vBRWq6L5VAYDpRRXXPr,unmodified,[],bulk_hydrogel,"[""bulk_hydrogel""]",in_vitro_cartilage,"[""in_vitro_cartilage""]",[],[],3D_encapsulation,,,0,1,1,0,1,0,2026-09-26T18:34:10Z,38643918,10.1016/j.ijbiomac.2024.131643,2024,Hydrogel-based immunoregulation of macrophages for tissue repair and regeneration,International journal of biological macromolecules
AMBC_Z28egHqTj0tZiTAS5Tvl9BwbFof,unmodified,[],bulk_hydrogel,"[""bulk_hydrogel""]",in_vitro_cartilage,"[""in_vitro_cartilage""]","[""gelatin""]",[],3D_encapsulation,,,0,1,1,0,1,0,2026-09-26T18:34:10Z,39109566,10.1177/09544119241267021,2024,Chondrogenic potential of superficial versus cartilage layer cells of the temporomandibular joint condyle in photopolymerizable gelatin-based hydrogels,"Proceedings of the Institution of Mechanical Engineers. Part H, Journal of engineering in medicine"
AMBC_S6DZcLL2svz67iyFer0MNfBBpi9,unmodified,[],bulk_hydrogel,"[""bulk_hydrogel""]",in_vitro_cartilage,"[""in_vitro_cartilage""]",[],"[""articular_chondrocyte""]",3D_encapsulation,,,0,1,1,0,1,0,2026-09-26T18:34:10Z,38502020,10.1096/fj.202302391RR,2024,Mechanisms of vascular invasion after cartilage injury and potential engineering cartilage treatment strategies,FASEB journal : official publication of the Federation of American Societies for Experimental Biology
AMBC_IG1UtC9W0PWB7oT2ChFFpyS7h3d,unmodified,[],bulk_hydrogel,"[""bulk_hydrogel""]",in_vitro_cartilage,"[""in_vitro_cartilage""]","[""collagen"", ""gelatin"", ""PVA""]","[""articular_chondrocyte""]",3D_encapsulation,,,0,1,1,0,1,0,2026-09-26T18:34:10Z,39009268,10.1016/j.ijbiomac.2024.133866,2024,Copper nanoparticles loaded gelatin/ polyvinyl alcohol/ guar gum-based 3D printable multimaterial hydrogel for tissue engineering applications,International journal of biological macromolecules
AMBC_2t7mu50Nfk2qODvwcs3QhK0VqpI,unmodified,[],bulk_hydrogel,"[""bulk_hydrogel""]",in_vitro_cartilage,"[""in_vitro_cartilage""]","[""HA""]",[],3D_encapsulation,,,0,1,1,0,1,0,2026-09-26T18:34:10Z,38793505,10.3390/ma17102439,2024,"Exploring the Progress of Hyaluronic Acid Hydrogels: Synthesis, Characteristics, and Wide-Ranging Applications","Materials (Basel, Switzerland)"
AMBC_Ryjl6scrz5hFCbG6CNKX5PTD2w7,methacrylated,"[""methacrylated""]",bulk_hydrogel,"[""bulk_hydrogel""]",in_vitro_cartilage,"[""in_vitro_cartilage""]","[""GelMA"", ""gelatin""]",[],3D_encapsulation,,,0,1,1,0,1,0,2026-09-26T18:34:10Z,38994903,10.1080/09205063.2024.2366080,2024,Temporal modulation of inflammation and chondrogenesis through dendritic nanoparticle-mediated therapy with diclofenac surface modification and strontium ion encapsulation,Journal of biomaterials science. Polymer edition
AMBC_5TAtwXCYfv3l3g5A2pjykgakfUJ,unmodified,[],bulk_hydrogel,"[""bulk_hydrogel""]",in_vitro_cartilage,"[""in_vitro_cartilage""]",[],[],3D_encapsulation,,,0,1,1,0,1,0,2026-09-26T18:34:10Z,38265144,10.1002/mabi.202300577,2024,Hydrogels in Gene Delivery Techniques for Regenerative Medicine and Tissue Engineering,Macromolecular bioscience
AMBC_45znilhPkyV6DkKLUR1MudrtNtE,unmodified,[],3d_printed,"[""3d_printed""]",in_vitro_cartilage,"[""in_vitro_cartilage""]",[],[],3D_bioprint,,,0,1,1,0,1,0,2026-09-26T18:34:10Z,37793116,10.1002/adhm.202300095,2024,Single-Step Biofabrication of In Situ Spheroid-Forming Compartmentalized Hydrogel for Clinical-Sized Cartilage Tissue Formation,Advanced healthcare materials
AMBC_Ta3OW7tgtRKTw0fhvcz6joR6Szp,unmodified,[],bulk_hydrogel,"[""bulk_hydrogel""]",in_vitro_cartilage,"[""in_vitro_cartilage""]","[""PVA""]",[],3D_encapsulation,,,0,1,1,0,1,0,2026-09-26T18:34:10Z,39303004,10.1021/acsami.4c13362,2024,Molecular Chain Rearrangement-Induced In Situ Formation of Nanofibers for Improving the Strength and Toughness of Hydrogels,ACS applied materials & interfaces
AMBC_3RzpRhYkAZl7x3yVlTlwNRsSEbZ,methacrylated,"[""methacrylated""]",bulk_hydrogel,"[""bulk_hydrogel""]",in_vitro_cartilage,"[""in_vitro_cartilage""]","[""HA"", ""gelatin""]",[],3D_encapsulation,,,0,1,1,0,1,0,2026-09-26T18:34:10Z,38876236,10.1016/j.ijbiomac.2024.133122,2024,Carbene-mediated gelatin and hyaluronic acid hydrogel paints with ultra adhesive ability for arthroscopic cartilage repair,International journal of biological macromolecules
AMBC_1SkaQ1T4IHwW8pgwSw7HFUBoleX,unmodified,[],bulk_hydrogel,"[""bulk_hydrogel""]",in_vitro_cartilage,"[""in_vitro_cartilage""]","[""cellulose""]",[],3D_encapsulation,,,0,1,1,0,1,0,2026-09-26T18:34:10Z,38805188,10.1039/d4tb00397g,2024,Nanocellulose-based hydrogels as versatile materials with interesting functional properties for tissue engineering applications,Journal of materials chemistry. B
AMBC_9nZOMbDjyRTYcvr7X6Qt9r74PpC,unmodified,[],microgel,"[""microgel"", ""injectable""]",in_vitro_cartilage,"[""in_vitro_cartilage""]","[""HA""]","[""MSC""]",3D_encapsulation,porcine,,0,1,1,0,1,0,2026-09-26T18:34:10Z,38178647,10.1002/adma.202312226,2024,Injectable MSC Spheroid and Microgel Granular Composites for Engineering Tissue,"Advanced materials (Deerfield Beach, Fla.)"
AMBC_OczEqyMKu4xOljOlyH6Qnwq6dn1,methacrylated,"[""methacrylated"", ""hofmeister""]",bulk_hydrogel,"[""bulk_hydrogel""]",in_vitro_cartilage,"[""in_vitro_cartilage""]","[""gelatin""]",[],3D_encapsulation,,,0,1,1,0,1,0,2026-09-26T18:34:10Z,39561837,10.1016/j.ijbiomac.2024.137801,2024,Hofmeister effect enhanced SiO2/gelatin-based hydrophobically associated hydrogels and their lubricating properties,International journal of biological macromolecules
AMBC_Vqb9o4obdFrlbFkC61Tdnc8RqYD,methacrylated,"[""methacrylated""]",bulk_hydrogel,"[""bulk_hydrogel""]",in_vitro_cartilage,"[""in_vitro_cartilage""]","[""alginate""]","[""MSC""]",3D_encapsulation,human,,0,1,1,0,1,0,2026-09-26T18:34:10Z,38712035,10.1101/2024.04.20.590385,2024,In situ cell condensation-based cartilage tissue engineering via immediately implantable high-density stem cell core and rapidly degradable shell microgels,bioRxiv : the preprint server for biology
AMBC_OhQ1Gwg2T0NwkbZCdmUTpBg85fB,unmodified,[],bulk_hydrogel,"[""bulk_hydrogel""]",in_vitro_cartilage,"[""in_vitro_cartilage""]",[],[],3D_encapsulation,,,0,1,1,0,1,0,2026-09-26T18:34:10Z,38744364,10.1016/j.ijbiomac.2024.132280,2024,Tissue regeneration properties of hydrogels derived from biological macromolecules: A review,International journal of biological macromolecules
AMBC_I71CEo7Q6MnJU8JRSF2x0zzxmjp,unmodified,[],3d_printed,"[""3d_printed""]",in_vitro_cartilage,"[""in_vitro_cartilage""]","[""alginate"", ""PVA""]",[],3D_bioprint,,,0,1,1,0,1,0,2026-09-26T18:34:10Z,39727587,10.3390/gels10120829,2024,Tunable Alginate-Polyvinyl Alcohol Bioinks for 3D Printing in Cartilage Tissue Engineering,"Gels (Basel, Switzerland)"
AMBC_Cpadx1t68VOgl5wdhY87Is4Sw1b,unmodified,[],bulk_hydrogel,"[""bulk_hydrogel""]",in_vitro_cartilage,"[""in_vitro_cartilage""]",[],"[""articular_chondrocyte"", ""MSC"", ""iPSC""]",3D_encapsulation,,,0,1,1,0,1,0,2026-09-26T18:34:10Z,38414693,10.7759/cureus.53095,2024,Critical Challenges and Frontiers in Cartilage Tissue Engineering,Cureus
AMBC_VB5c6pMjNM06R0zzOXHZvrEUAca,sulfated,"[""sulfated""]",ipn,"[""ipn"", ""injectable""]",in_vitro_cartilage,"[""in_vitro_cartilage""]","[""silk_fibrin"", ""cellulose""]","[""articular_chondrocyte""]",3D_encapsulation,,,0,1,1,0,1,0,2026-09-26T18:34:10Z,38470831,10.1039/d3bm01466e,2024,Engineering sulfated polysaccharides and silk fibroin based injectable IPN hydrogels with stiffening and growth factor presentation abilities for cartilage tissue engineering,Biomaterials science
AMBC_DPy4lnpXFtDxhZKfPHdKt79qEv7,methacrylated,"[""methacrylated""]",microgel,"[""microgel"", ""injectable""]",in_vitro_cartilage,"[""in_vitro_cartilage""]",[],"[""articular_chondrocyte""]",3D_encapsulation,human,,0,1,1,0,1,0,2026-09-26T18:34:10Z,37501337,10.1002/adhm.202301831,2024,Zwitterionic Granular Hydrogel for Cartilage Tissue Engineering,Advanced healthcare materials
AMBC_8E5uIEFJ97N5OhEgtZeGCuXTabK,unmodified,[],bulk_hydrogel,"[""bulk_hydrogel""]",in_vitro_cartilage,"[""in_vitro_cartilage""]","[""collagen""]","[""articular_chondrocyte""]",3D_encapsulation,,,0,1,1,0,1,0,2026-09-26T18:34:06Z,39369540,10.1016/j.bbrc.2024.150785,2024,Elevated PRELP expression in heart and liver fibrosis promotes collagen production,Biochemical and biophysical research communications
AMBC_7pktvTenm21nuJZTfo4TsjbaUma,unmodified,[],injectable,"[""injectable""]",in_vitro_cartilage,"[""in_vitro_cartilage""]","[""collagen""]","[""articular_chondrocyte""]",3D_encapsulation,,,0,1,1,0,1,0,2026-09-26T18:34:06Z,38921522,10.3390/jfb15060148,2024,Laser Ablation Facilitates Implantation of Dynamic Self-Regenerating Cartilage for Articular Cartilage Regeneration,Journal of functional biomaterials
AMBC_APRTeUrEiRojf6Z6sei4dCTa6OI,unmodified,[],bulk_hydrogel,"[""bulk_hydrogel""]",in_vitro_cartilage,"[""in_vitro_cartilage""]","[""collagen""]","[""articular_chondrocyte""]",3D_encapsulation,,,0,1,1,0,1,0,2026-09-26T18:34:06Z,38166938,10.1186/s12969-023-00940-6,2024,Methotrexate inhibits BMP4 and abrogates the hypertrophic chondrocyte phenotype of synovial fibroblasts in juvenile idiopathic arthritis,Pediatric rheumatology online journal
AMBC_LBVXj7BVcFhCIBp2igvjU4fJ2lY,unmodified,[],bulk_hydrogel,"[""bulk_hydrogel""]",in_vitro_cartilage,"[""in_vitro_cartilage""]",[],"[""articular_chondrocyte"", ""ATDC5""]",3D_encapsulation,,,0,1,1,0,1,0,2026-09-26T18:34:06Z,39042176,10.1007/s00441-024-03905-7,2024,Spatiotemporal analysis of multi-scale cell structure in spheroid culture reveals hypertrophic chondrocyte differentiation,Cell and tissue research
AMBC_A0zaZPVsoWoR3tHyKSFy8w8GsUe,unmodified,[],bulk_hydrogel,"[""bulk_hydrogel""]",in_vitro_cartilage,"[""in_vitro_cartilage""]",[],[],3D_encapsulation,,,0,1,1,0,1,0,2026-09-26T18:34:06Z,38473922,10.3390/ijms25052675,2024,Tough Hydrogels with Different Toughening Mechanisms and Applications,International journal of molecular sciences
AMBC_Zy6t2MNSnm3JcPHncrikNKcnaav,unmodified,[],bulk_hydrogel,"[""bulk_hydrogel""]",in_vitro_cartilage,"[""in_vitro_cartilage""]","[""collagen""]","[""articular_chondrocyte""]",3D_encapsulation,,,0,1,1,0,1,0,2026-09-26T18:34:06Z,39532925,10.1038/s41598-024-78676-w,2024,Low fluid shear stress promotes chondrocyte proliferation and extracellular matrix secretion by downregulating mir-143-3p and activating the ERK5/KLF4 signaling pathway,Scientific reports
AMBC_R5TlmfCya885Yuh3k4JwE6SKegC,unmodified,[],bulk_hydrogel,"[""bulk_hydrogel""]",in_vitro_cartilage,"[""in_vitro_cartilage""]",[],[],3D_encapsulation,human,,0,1,1,0,1,0,2026-09-26T18:34:06Z,39100348,10.1021/acsomega.4c04851,2024,"Dynamic Metal-Coordinated Adhesive and Self-Healable Antifreezing Hydrogels for Strain Sensing, Flexible Supercapacitors, and EMI Shielding Applications",ACS omega
AMBC_EffB7lXeZehRL4s4BfoxJqU9UYl,unmodified,[],3d_printed,"[""3d_printed""]",in_vitro_cartilage,"[""in_vitro_cartilage""]",[],"[""articular_chondrocyte""]",3D_bioprint,human,,0,1,1,0,1,0,2026-09-26T18:34:06Z,39593783,10.3390/bioengineering11111123,2024,Human Septal Cartilage Tissue Engineering: Current Methodologies and Future Directions,"Bioengineering (Basel, Switzerland)"
AMBC_CRL5nkLeKOpuJiP5kHVK6cnDXOn,unmodified,[],bulk_hydrogel,"[""bulk_hydrogel""]",in_vitro_cartilage,"[""in_vitro_cartilage""]",[],"[""articular_chondrocyte""]",3D_encapsulation,human,,0,1,1,0,1,0,2026-09-26T18:34:06Z,39627845,10.1186/s43019-024-00249-y,2024,Pathologically altered articular cartilage attracts intense chondrocyte invasion into the extracellular matrix: in vitro pilot study,Knee surgery & related research
AMBC_Y9T0Ib1LksxoETr8kTpDZngmf26,methacrylated,"[""methacrylated""]",microsphere,"[""microsphere""]",in_vitro_cartilage,"[""in_vitro_cartilage""]","[""GelMA""]","[""articular_chondrocyte"", ""adipose_MSC"", ""MSC""]",3D_encapsulation,human,,0,1,1,0,1,0,2026-09-26T18:34:06Z,38816719,10.1186/s12951-024-02567-5,2024,A quick and innovative pipeline for producing chondrocyte-homing peptide-modified extracellular vesicles by three-dimensional dynamic culture of hADSCs spheroids to modulate the fate of remaining ear chondrocytes in the M1 macrophage-infiltrated microenvironment,Journal of nanobiotechnology
AMBC_P3myHFIUDDNCJ4ZgSpuCQnKEuev,methacrylated,"[""methacrylated"", ""genipin""]",bulk_hydrogel,"[""bulk_hydrogel""]",in_vitro_cartilage,"[""in_vitro_cartilage""]","[""HA"", ""fibrin""]","[""MSC""]",3D_encapsulation,,,0,1,1,0,1,0,2026-09-26T18:34:06Z,39437834,10.1088/1758-5090/ad89fe,2024,Micro-thin hydrogel coating integrated in 3D printing for spatiotemporal delivery of bioactive small molecules,Biofabrication
AMBC_7T08tiypoOGX1nNt5Q1PCqDPjKA,unmodified,[],microgel,"[""microgel"", ""microsphere"", ""injectable""]",in_vitro_cartilage,"[""in_vitro_cartilage""]","[""gelatin""]",[],3D_encapsulation,,,0,1,1,0,1,0,2026-09-26T18:34:06Z,38235061,10.1093/rb/rbad104,2024,"Tissue adhesive, ROS scavenging and injectable PRP-based 'plasticine' for promoting cartilage repair",Regenerative biomaterials
AMBC_5Ivx4dfkTDsgmPkXfyqdu53OoUs,unmodified,[],bulk_hydrogel,"[""bulk_hydrogel""]",in_vitro_cartilage,"[""in_vitro_cartilage""]",[],"[""articular_chondrocyte""]",3D_encapsulation,,,0,1,1,0,1,0,2026-09-26T18:34:06Z,39359266,10.3389/fbioe.2024.1450611,2024,Stimulation of fracture mineralization by salt-inducible kinase inhibitors,Frontiers in bioengineering and biotechnology
AMBC_1hbXciNWVJMRosfC2xmnaAjui0k,tyramine,"[""tyramine""]",injectable,"[""injectable""]",in_vitro_cartilage,"[""in_vitro_cartilage""]","[""dextran""]",[],3D_encapsulation,human,,0,1,1,0,1,0,2026-09-26T18:34:06Z,38946794,10.1016/j.ocarto.2024.100492,2024,Dextran-tryamine hydrogel maintains position and integrity under simulated loading in a human cadaver knee model,Osteoarthritis and cartilage open
AMBC_KyQnpK2Qjx8bQ3Ue76LbatE1WbC,thiolated,"[""thiolated""]",bulk_hydrogel,"[""bulk_hydrogel""]",in_vitro_cartilage,"[""in_vitro_cartilage""]","[""collagen"", ""gelatin""]","[""MSC""]",3D_encapsulation,human,TGF_b3,0,1,1,0,1,0,2026-09-26T18:34:06Z,39150417,10.1039/d4bm00543k,2024,Paracrine signals influence patterns of fibrocartilage differentiation in a lyophilized gelatin hydrogel for applications in rotator cuff repair,Biomaterials science
AMBC_aTG0gpMXONVzXzTadnLuIhHDD7Q,dopamine,"[""dopamine""]",bulk_hydrogel,"[""bulk_hydrogel""]",in_vitro_cartilage,"[""in_vitro_cartilage""]",[],[],3D_encapsulation,,,0,1,1,0,1,0,2026-09-26T18:34:06Z,39077937,10.1002/smll.202405979,2024,A Multi-functional Hybrid System Comprised of Polydopamine Nanobottles and Biological Effectors for Cartilage Repair,"Small (Weinheim an der Bergstrasse, Germany)"
AMBC_SEj5j6FEXnGn3ReL9MSM5JJ5Qru,rgd_conjugated,"[""rgd_conjugated""]",monolayer,"[""monolayer""]",in_vitro_cartilage,"[""in_vitro_cartilage""]","[""PEG""]","[""MSC""]",2D,human,,0,1,1,0,1,0,2026-09-26T18:34:06Z,38014647,10.1002/adhm.202302571,2024,Mind the Viscous Modulus: The Mechanotransductive Response to the Viscous Nature of Isoelastic Matrices Regulates Stem Cell Chondrogenesis,Advanced healthcare materials
AMBC_U7D2JENDHmZRGTLHY363U11GhH4,tyramine,"[""tyramine""]",injectable,"[""injectable""]",in_vitro_cartilage,"[""in_vitro_cartilage""]","[""HA"", ""collagen"", ""gelatin""]",[],3D_encapsulation,,,0,1,1,0,1,0,2026-09-26T18:34:06Z,39684154,10.3390/polym16233410,2024,Synthesis and Engineering of Hyaluronic Acid-Gelatin Hydrogels with Improved Cellular Attachment and Growth,Polymers
AMBC_NBZhmA2IZXxELtyVNGpgmkJVexq,unmodified,[],bulk_hydrogel,"[""bulk_hydrogel""]",in_vitro_cartilage,"[""in_vitro_cartilage""]",[],"[""articular_chondrocyte""]",3D_encapsulation,rabbit,,0,1,1,0,1,0,2026-09-26T18:34:06Z,39423269,10.1126/sciadv.adp7872,2024,Bioenergetic-active exosomes for cartilage regeneration and homeostasis maintenance,Science advances
AMBC_ZyKw4aAOOgLYbtqlmYBqVgs6vdA,unmodified,[],bulk_hydrogel,"[""bulk_hydrogel""]",in_vitro_cartilage,"[""in_vitro_cartilage""]","[""PEG""]","[""articular_chondrocyte"", ""MSC""]",3D_encapsulation,human,,0,1,1,0,1,0,2026-09-26T18:34:06Z,39057446,10.3390/gels10070422,2024,Fabrication and Characterization of Porous PEGDA Hydrogels for Articular Cartilage Regeneration,"Gels (Basel, Switzerland)"
AMBC_YLxy8Yn93SaGGou1cEbeet9LifK,methacrylated,"[""methacrylated""]",microgel,"[""microgel""]",in_vitro_cartilage,"[""in_vitro_cartilage""]",[],"[""articular_chondrocyte""]",3D_encapsulation,,,0,1,1,0,1,0,2026-09-26T18:34:06Z,39347711,10.1039/d4bm00233d,2024,Porosity dominates over microgel stiffness for promoting chondrogenesis in zwitterionic granular hydrogels,Biomaterials science
AMBC_GoYiEPkFkiiqqHvzIB796vT5GQ7,unmodified,[],bulk_hydrogel,"[""bulk_hydrogel""]",in_vitro_cartilage,"[""in_vitro_cartilage""]","[""HA"", ""collagen""]","[""articular_chondrocyte""]",3D_encapsulation,,,0,1,1,0,1,0,2026-09-26T18:34:06Z,39067644,10.1016/j.actbio.2024.07.018,2024,Collagen-based hydrogels induce hyaline cartilage regeneration by immunomodulation and homeostasis maintenance,Acta biomaterialia
AMBC_Rt8fhdC9mmIm2gUUXZsihnlIUfo,unmodified,[],monolayer,"[""monolayer""]",in_vitro_cartilage,"[""in_vitro_cartilage""]","[""collagen""]","[""articular_chondrocyte""]",2D,bovine,,0,1,1,0,1,0,2026-09-26T18:34:06Z,38323554,10.1089/ten.TEA.2023.0170,2024,Epigenetic Priming Enhances Chondrogenic Potential of Expanded Chondrocytes,Tissue engineering. Part A
AMBC_M3MIXXm17Hnoy7heFlpnUE8R4Ks,unmodified,[],injectable,"[""injectable""]",in_vitro_cartilage,"[""in_vitro_cartilage""]",[],"[""articular_chondrocyte""]",3D_encapsulation,,,0,1,1,0,1,0,2026-09-26T18:34:06Z,39418070,10.1002/advs.202400502,2024,Insufficient Mechanical Loading Downregulates Piezo1 in Chondrocytes and Impairs Fracture Healing Through ApoE-Induced Senescence,"Advanced science (Weinheim, Baden-Wurttemberg, Germany)"
AMBC_JDWK0KbBdAOe21FHNDRn6HB98ZG,unmodified,[],bulk_hydrogel,"[""bulk_hydrogel""]",in_vitro_cartilage,"[""in_vitro_cartilage""]","[""collagen""]","[""MSC""]",3D_encapsulation,,,0,1,1,0,1,0,2026-09-26T18:34:06Z,39073623,10.1007/s10856-024-06801-2,2024,Identification of key genes involved in collagen hydrogel-induced chondrogenic differentiation of mesenchymal stem cells through transcriptome analysis: the role of m6A modification,Journal of materials science. Materials in medicine
AMBC_5y0NlkcomnnuJSFx3SjqlFp4z05,unmodified,[],monolayer,"[""monolayer""]",in_vitro_cartilage,"[""in_vitro_cartilage""]","[""agarose""]","[""articular_chondrocyte""]",2D,,,0,1,1,0,1,0,2026-09-26T18:34:06Z,39270434,10.1016/j.jbiomech.2024.112307,2024,Heat conduction simulation of chondrocyte-embedded agarose gels suggests negligible impact of viscoelastic dissipation on temperature change,Journal of biomechanics
AMBC_TLu1RHub19qjs9e0E3OquzCmYMU,unmodified,[],bulk_hydrogel,"[""bulk_hydrogel""]",in_vitro_cartilage,"[""in_vitro_cartilage""]","[""alginate"", ""chitosan""]","[""articular_chondrocyte"", ""adipose_MSC"", ""MSC""]",3D_encapsulation,human,,0,1,1,0,1,0,2026-09-26T18:34:06Z,38567084,10.3389/fbioe.2024.1363241,2024,Natural based hydrogels promote chondrogenic differentiation of human mesenchymal stem cells,Frontiers in bioengineering and biotechnology
AMBC_aKB888pR07EXw2eCj4fnHH92hv3,unmodified,[],bulk_hydrogel,"[""bulk_hydrogel""]",in_vitro_cartilage,"[""in_vitro_cartilage""]","[""HA""]","[""articular_chondrocyte""]",3D_encapsulation,,,0,1,1,0,1,0,2026-09-26T18:34:06Z,38823918,10.1016/j.carbpol.2024.122251,2024,A quality by design approach to optimise disulfide-linked hyaluronic acid hydrogels,Carbohydrate polymers
AMBC_Bs4XSL9ED2cMjwTeHAeVAJ4w2Kt,tyramine,"[""tyramine""]",injectable,"[""injectable""]",in_vitro_cartilage,"[""in_vitro_cartilage""]","[""HA"", ""collagen""]","[""articular_chondrocyte"", ""MSC""]",3D_encapsulation,human,,0,1,1,0,1,0,2026-09-26T18:34:06Z,39127277,10.1016/j.ijbiomac.2024.134614,2024,An enzymatically crosslinked collagen type II/hyaluronic acid hybrid hydrogel: A biomimetic cell delivery system for cartilage tissue engineering,International journal of biological macromolecules
AMBC_UOf9Si8ldzVTIuSUxELwRErxXic,unmodified,[],3d_printed,"[""3d_printed""]",in_vitro_cartilage,"[""in_vitro_cartilage""]",[],"[""articular_chondrocyte""]",3D_bioprint,,,0,1,1,0,1,0,2026-09-26T18:34:06Z,37341034,10.1089/ten.TEA.2023.0097,2024,Aspects of a Suspended Bioprinting System Affect Cell Viability and Support Bath Properties,Tissue engineering. Part A
AMBC_9i7Ba5XbrYrQj7Wm8xfc2ToHOdY,unmodified,[],bulk_hydrogel,"[""bulk_hydrogel""]",in_vitro_cartilage,"[""in_vitro_cartilage""]","[""collagen""]","[""articular_chondrocyte""]",3D_encapsulation,,,0,1,1,0,1,0,2026-09-26T18:34:06Z,38772085,10.1016/j.colsurfb.2024.113959,2024,Transforming growth factor-β1-loaded RADA-16 hydrogel scaffold for effective cartilage regeneration,"Colloids and surfaces. B, Biointerfaces"
AMBC_Uo1dJReY19S5QEiCW6EOk1tXVbj,methacrylated,"[""methacrylated"", ""rgd_conjugated""]",bulk_hydrogel,"[""bulk_hydrogel""]",in_vitro_cartilage,"[""in_vitro_cartilage""]","[""alginate"", ""gellan""]","[""articular_chondrocyte""]",3D_encapsulation,human,,0,1,1,0,1,0,2026-09-26T18:34:06Z,39191817,10.1038/s41598-024-70426-2,2024,Arthroscopic device with bendable tip for the controlled extrusion of hydrogels on cartilage defects,Scientific reports
AMBC_XoQDrfAlVrQWVhYOExGTyEsNRrF,methacrylated,"[""methacrylated"", ""photo_I2959"", ""photo_LAP""]",bulk_hydrogel,"[""bulk_hydrogel""]",in_vitro_cartilage,"[""in_vitro_cartilage""]","[""GelMA""]","[""articular_chondrocyte""]",3D_encapsulation,,,0,1,1,0,1,0,2026-09-26T18:34:06Z,38535270,10.3390/jfb15030077,2024,Precision Engineering of Chondrocyte Microenvironments: Investigating the Optimal Reaction Conditions for Type B Gelatin Methacrylate Hydrogel Matrix for TC28a2 Cells,Journal of functional biomaterials
AMBC_7lwgL8aq1xpWBLnkF2n1o060ze8,sulfated,"[""sulfated""]",bulk_hydrogel,"[""bulk_hydrogel""]",in_vitro_cartilage,"[""in_vitro_cartilage""]","[""PEG"", ""collagen"", ""gelatin""]","[""articular_chondrocyte""]",3D_encapsulation,,,0,1,1,0,1,0,2026-09-26T18:34:06Z,38166194,10.1021/acs.biomac.3c01132,2024,Impact of Molecular Dynamics of Polyrotaxanes on Chondrocytes in Double-Network Supramolecular Hydrogels under Physiological Thermomechanical Stimulation,Biomacromolecules
AMBC_O6cj3N7QdgtkWnwACiuCqlHfcZ0,methacrylated,"[""methacrylated""]",bulk_hydrogel,"[""bulk_hydrogel""]",in_vitro_cartilage,"[""in_vitro_cartilage""]",[],"[""articular_chondrocyte""]",3D_encapsulation,bovine,,0,1,1,0,1,0,2026-09-26T18:34:06Z,38687974,10.1002/adhm.202400849,2024,Femtosecond Laser Maskless Optical Projection Lithography of Cartilage PCM Inspired 3D Protein Matrix to Chondrocyte Phenotype,Advanced healthcare materials
AMBC_QZum8ECdnjAvMNTjhHv9U02oOAU,unmodified,[],bulk_hydrogel,"[""bulk_hydrogel""]",in_vitro_cartilage,"[""in_vitro_cartilage""]","[""alginate"", ""collagen"", ""chitosan""]","[""articular_chondrocyte""]",3D_encapsulation,murine,,0,1,1,0,1,0,2026-09-26T18:34:06Z,39431438,10.1080/09205063.2024.2391223,2024,In vitro chondrogenic potential of marine biocomposite hydrogel construct for cartilage tissue engineering,Journal of biomaterials science. Polymer edition
AMBC_YFSJynNcBEiqJ8nJIcA6JowzI8D,methacrylated,"[""methacrylated""]",bulk_hydrogel,"[""bulk_hydrogel""]",in_vitro_cartilage,"[""in_vitro_cartilage""]",[],"[""articular_chondrocyte""]",3D_encapsulation,bovine,,0,1,1,0,1,0,2026-09-26T18:34:06Z,38523342,10.1021/acsabm.4c00253,2024,Multipatterned Chondrocytes' Scaffolds by FL-MOPL with a BSA-GMA Hydrogel to Regulate Chondrocytes' Morphology,ACS applied bio materials
EPMC_39446581,unmodified,[],3d_printed,"[""3d_printed""]",bioprinting,"[""bioprinting"", ""in_vitro_cartilage""]","[""silk_fibrin"", ""gelatin""]",[],3D_bioprint,human,,0,1,1,0,1,0,2026-09-26T18:34:13Z,39446581,10.1016/j.xpro.2024.103332,2024,Protocol for developing shape-morphing 4D bioprinted magnetic constructs to promote articular cartilage regeneration using silk fibroin-gelatin bioink.,STAR protocols
EPMC_39598545,unmodified,[],3d_printed,"[""3d_printed""]",bioprinting,"[""bioprinting"", ""drug_delivery"", ""in_vitro_cartilage""]","[""HA"", ""alginate""]",[],3D_bioprint,human,,0,1,1,0,1,0,2026-09-26T18:34:13Z,39598545,10.3390/pharmaceutics16111422,2024,Design and Characterization of Biomimetic Hybrid Construct Based on Hyaluronic Acid and Alginate Bioink for Regeneration of Articular Cartilage.,Pharmaceutics
AMBC_UNuKsquNtIdHL1wm9bVizjHTbsK,unmodified,[],3d_printed,"[""3d_printed""]",bioprinting,"[""bioprinting"", ""in_vitro_cartilage""]","[""alginate"", ""chitosan""]","[""articular_chondrocyte"", ""MSC""]",3D_bioprint,,,0,1,1,0,1,0,2026-09-26T18:34:10Z,38782958,10.1038/s41598-024-62656-1,2024,Development of an alginate-chitosan biopolymer composite with dECM bioink additive for organ-on-a-chip articular cartilage,Scientific reports
AMBC_Mr8kxk5g7BHrekkRT9fuc4NuVFT,unmodified,[],3d_printed,"[""3d_printed""]",bioprinting,"[""bioprinting"", ""in_vitro_cartilage""]","[""alginate"", ""collagen""]","[""articular_chondrocyte""]",3D_bioprint,,,0,1,1,0,1,0,2026-09-26T18:34:10Z,39391600,10.3389/fbioe.2024.1421111,2024,Nasoseptal chondroprogenitors isolated through fibronectin-adherence confer no biological advantage for cartilage tissue engineering compared to nasoseptal chondrocytes,Frontiers in bioengineering and biotechnology
AMBC_8868t90RRpFRA0QJDCSGaLNJ718,sulfated,"[""sulfated""]",3d_printed,"[""3d_printed""]",bioprinting,"[""bioprinting"", ""in_vitro_cartilage""]","[""alginate"", ""gelatin""]","[""MSC""]",3D_bioprint,human,,0,1,1,0,1,0,2026-09-26T18:34:10Z,38728671,10.1021/acs.biomac.3c01444,2024,3D Bioprinting of Biomimetic Alginate/Gelatin/Chondroitin Sulfate Hydrogel Nanocomposites for Intrinsically Chondrogenic Differentiation of Human Mesenchymal Stem Cells,Biomacromolecules
AMBC_PqQ5XUd99YKMzgnc2G19FyWfy4S,oxidized,"[""oxidized""]",3d_printed,"[""3d_printed""]",bioprinting,"[""bioprinting"", ""in_vitro_cartilage""]","[""alginate""]",[],3D_bioprint,,,0,1,1,0,1,0,2026-09-26T18:34:10Z,39240109,10.1021/acsbiomaterials.4c00819,2024,Rapidly Degrading Hydrogels to Support Biofabrication and 3D Bioprinting Using Cartilage Microtissues,ACS biomaterials science & engineering
AMBC_jSYCBfsz2VS6F5k6CIFPMAuEbc,tyramine,"[""tyramine""]",3d_printed,"[""3d_printed""]",bioprinting,"[""bioprinting""]","[""HA"", ""dextran""]","[""articular_chondrocyte""]",3D_bioprint,bovine,,0,1,1,0,1,0,2026-09-26T18:34:06Z,39274103,10.3390/polym16172470,2024,Coaxial Bioprinting of Enzymatically Crosslinkable Hyaluronic Acid-Tyramine Bioinks for Tissue Regeneration,Polymers
EPMC_38918200,unmodified,[],3d_printed,"[""3d_printed""]",auricular,"[""auricular"", ""bioprinting"", ""in_vitro_cartilage""]",[],[],3D_bioprint,,,0,1,1,0,1,0,2026-09-26T18:34:14Z,38918200,10.7507/1002-1892.202403001,2024,[Research progress of three-dimensional bioprinting technology in auricle repair and reconstruction].,Zhongguo xiu fu chong jian wai ke za zhi = Zhongguo xiufu chongjian waike zazhi = Chinese journal of reparative and reconstructive surgery
EPMC_38921207,unmodified,[],bulk_hydrogel,"[""bulk_hydrogel""]",auricular,"[""auricular"", ""tracheal"", ""in_vitro_cartilage""]",[],[],3D_encapsulation,,,0,1,1,0,1,0,2026-09-26T18:34:14Z,38921207,10.3390/biomimetics9060327,2024,"A Contemporary Review of Trachea, Nose, and Ear Cartilage Bioengineering and Additive Manufacturing.","Biomimetics (Basel, Switzerland)"
EPMC_39713175,sulfated,"[""sulfated"", ""enzymatic""]",3d_printed,"[""3d_printed""]",auricular,"[""auricular"", ""in_vivo_repair"", ""bioprinting"", ""in_vitro_cartilage""]","[""HA"", ""collagen""]","[""articular_chondrocyte"", ""auricular_chondrocyte""]",3D_bioprint,human,,0,1,1,0,1,0,2026-09-26T18:34:13Z,39713175,10.1002/adtp.202300441,2024,Evaluation of Bioprinted Autologous Cartilage Grafts in an Immunocompetent Rabbit Model.,Advanced therapeutics
AMBC_QeQf8tdWolJe54i0E5tO2hdU40V,unmodified,[],bulk_hydrogel,"[""bulk_hydrogel""]",auricular,"[""auricular"", ""in_vitro_cartilage""]","[""collagen""]","[""articular_chondrocyte"", ""MSC""]",3D_encapsulation,,,0,1,1,0,1,0,2026-09-26T18:34:10Z,38247833,10.3390/cells13020141,2024,Suitability of Ex Vivo-Expanded Microtic Perichondrocytes for Auricular Reconstruction,Cells
AMBC_7pdmpPf6V6dAIVaB1e26jvKlNzh,unmodified,[],bulk_hydrogel,"[""bulk_hydrogel""]",auricular,"[""auricular"", ""in_vitro_cartilage""]",[],"[""articular_chondrocyte""]",3D_encapsulation,,,0,1,1,0,1,0,2026-09-26T18:34:10Z,39519090,10.3390/ijms252111538,2024,Cartilage Laser Engraving for Fast-Track Tissue Engineering of Auricular Grafts,International journal of molecular sciences
AMBC_110E8B9TfbBt8IhQYcEvWtNM8ub,methacrylated,"[""methacrylated""]",bulk_hydrogel,"[""bulk_hydrogel""]",auricular,"[""auricular"", ""in_vitro_cartilage""]","[""GelMA"", ""HA"", ""gelatin""]","[""articular_chondrocyte""]",3D_encapsulation,murine,,0,1,1,0,1,0,2026-09-26T18:34:10Z,38877732,10.1002/bit.28769,2024,A multicrosslinked network composite hydrogel scaffold based on DLP photocuring printing for nasal cartilage repair,Biotechnology and bioengineering
AMBC_PMh8VbsrYl9IknNSlbWBZ1lOXvm,sulfated,"[""sulfated""]",bulk_hydrogel,"[""bulk_hydrogel""]",auricular,"[""auricular"", ""in_vitro_cartilage""]","[""alginate"", ""gelatin""]","[""articular_chondrocyte"", ""MSC""]",3D_encapsulation,rabbit,,0,1,1,0,1,0,2026-09-26T18:34:06Z,39031117,10.1111/aor.14807,2024,Auricular cartilage regeneration using chondroitin sulfate-based hydrogel with mesenchymal stem cells in rabbits,Artificial organs
AMBC_YoGtzghV3rWiEtc3m9owCkcdpNi,methacrylated,"[""methacrylated""]",bulk_hydrogel,"[""bulk_hydrogel""]",auricular,"[""auricular"", ""in_vivo_repair"", ""in_vitro_cartilage""]","[""GelMA"", ""gelatin""]","[""articular_chondrocyte"", ""auricular_chondrocyte""]",3D_encapsulation,rabbit,,0,1,1,0,1,0,2026-09-26T18:34:06Z,39198004,10.1002/jbm.b.35473,2024,Interleukin-4-Loaded Gelatin Methacryloyl Hydrogel Promotes Subcutaneous Chondrogenesis of Engineered Auricular Cartilage in a Rabbit Model,"Journal of biomedical materials research. Part B, Applied biomaterials"
EPMC_37323482,unmodified,[],bulk_hydrogel,"[""bulk_hydrogel""]",osteochondral,"[""osteochondral"", ""in_vitro_cartilage""]",[],[],3D_encapsulation,,,0,1,1,0,1,0,2026-09-26T18:34:14Z,37323482,10.18063/ijb.724,2023,3D-printed gradient scaffolds for osteochondral defects: Current status and perspectives.,International journal of bioprinting
EPMC_37886722,methacrylated,"[""methacrylated""]",3d_printed,"[""3d_printed""]",osteochondral,"[""osteochondral"", ""in_vitro_cartilage""]","[""GelMA""]","[""adipose_MSC""]",3D_bioprint,rabbit,,0,1,1,0,1,0,2026-09-26T18:34:13Z,37886722,10.2147/ijn.s428965,2023,Surface-Modified Nano-Hydroxyapatite Uniformly Dispersed on High-Porous GelMA Scaffold Surfaces for Enhanced Osteochondral Regeneration.,International journal of nanomedicine
EPMC_37766897,methacrylated,"[""methacrylated"", ""enzymatic""]",bulk_hydrogel,"[""bulk_hydrogel""]",osteochondral,"[""osteochondral"", ""in_vivo_repair"", ""drug_delivery"", ""in_vitro_cartilage""]","[""GelMA"", ""HA""]","[""articular_chondrocyte"", ""MSC""]",3D_encapsulation,,,0,1,1,0,1,0,2026-09-26T18:34:13Z,37766897,10.1016/j.mtbio.2023.100800,2023,Lineage-specific multifunctional double-layer scaffold accelerates the integrated regeneration of cartilage and subchondral bone.,Materials today. Bio
EPMC_38144040,methacrylated,"[""methacrylated""]",3d_printed,"[""3d_printed"", ""bilayer""]",osteochondral,"[""osteochondral"", ""bioprinting"", ""in_vitro_cartilage""]","[""GelMA""]","[""MSC""]",3D_bioprint,,,0,1,1,0,1,0,2026-09-26T18:34:13Z,38144040,10.1016/j.xinn.2023.100542,2023,3D-bioprinted anisotropic bicellular living hydrogels boost osteochondral regeneration via reconstruction of cartilage-bone interface.,Innovation (Cambridge (Mass.))
AMBC_9E4Z98Mej0d2nrY8XUxB6ylFYTT,sulfated,"[""sulfated""]",3d_printed,"[""3d_printed""]",osteochondral,"[""osteochondral"", ""bioprinting"", ""in_vitro_cartilage""]",[],"[""MSC""]",3D_bioprint,human,,0,1,1,0,1,0,2026-09-26T18:34:10Z,36384222,10.1016/j.actbio.2022.11.014,2023,The effect of multi-material architecture on the ex vivo osteochondral integration of bioprinted constructs,Acta biomaterialia
AMBC_Ud0I7jxfWcAbYnN6ySppunL9L3P,dopamine,"[""dopamine""]",bulk_hydrogel,"[""bulk_hydrogel""]",osteochondral,"[""osteochondral"", ""in_vivo_repair"", ""drug_delivery"", ""in_vitro_cartilage""]","[""collagen""]","[""MSC""]",3D_encapsulation,,,0,1,1,0,1,0,2026-09-26T18:34:09Z,37975889,10.1007/s40820-023-01228-w,2023,In Situ Deposition of Drug and Gene Nanoparticles on a Patterned Supramolecular Hydrogel to Construct a Directionally Osteochondral Plug,Nano-micro letters
AMBC_T3ArQ5bM5pyqnue3ClvPLlfG1bN,unmodified,[],bulk_hydrogel,"[""bulk_hydrogel""]",osteochondral,"[""osteochondral"", ""in_vivo_repair"", ""in_vitro_cartilage""]","[""silk_fibrin""]","[""articular_chondrocyte"", ""MSC""]",3D_encapsulation,rabbit,,0,1,1,0,1,0,2026-09-26T18:34:09Z,37208690,10.1186/s40824-023-00370-1,2023,Regenerated silk fibroin based on small aperture scaffolds and marginal sealing hydrogel for osteochondral defect repair,Biomaterials research
AMBC_5zoooaLvqtnA0ASMmbNQ6Fal31X,unmodified,[],injectable,"[""injectable""]",osteochondral,"[""osteochondral"", ""in_vivo_repair""]","[""PEG"", ""collagen""]","[""MSC""]",3D_encapsulation,murine,,0,1,1,0,1,0,2026-09-26T18:34:09Z,36609447,10.1038/s41536-022-00274-z,2023,In-situ forming injectable GFOGER-conjugated BMSCs-laden hydrogels for osteochondral regeneration,NPJ Regenerative medicine
AMBC_OzenGMabJWcmYjytDnaCeA9PteY,unmodified,[],3d_printed,"[""3d_printed""]",osteochondral,"[""osteochondral"", ""in_vitro_cartilage""]","[""alginate"", ""gelatin""]",[],3D_bioprint,,,0,1,1,0,1,0,2026-09-26T18:34:09Z,36975317,10.3390/biomimetics8010087,2023,Fabrication of 3D Bioprinted Bi-Phasic Scaffold for Bone-Cartilage Interface Regeneration,"Biomimetics (Basel, Switzerland)"
AMBC_FqcNANW3kdzEtzICtuRs63FxYTc,unmodified,[],bulk_hydrogel,"[""bulk_hydrogel""]",osteochondral,"[""osteochondral"", ""in_vitro_cartilage""]","[""collagen""]",[],3D_encapsulation,,,0,1,1,0,1,0,2026-09-26T18:34:09Z,37344650,10.1038/s41586-023-06037-0,2023,Cartilage-like protein hydrogels engineered via entanglement,Nature
AMBC_8v6IUGVMBcqUtvwpuJDrALxMHdv,rgd_conjugated,"[""rgd_conjugated""]",injectable,"[""injectable""]",osteochondral,"[""osteochondral"", ""in_vivo_repair"", ""drug_delivery"", ""in_vitro_cartilage""]","[""HA"", ""collagen""]","[""MSC""]",3D_encapsulation,rabbit,,0,1,1,0,1,0,2026-09-26T18:34:09Z,36880444,10.1177/08853282231157623,2023,Application of functionalized hyaluronic acid hydrogel with the activity of regulating the behaviors of stem cells in repairing rabbit knee articular cartilage,Journal of biomaterials applications
AMBC_445mjrQP7USKvvSqouYuTJrP23R,unmodified,[],injectable,"[""injectable""]",osteochondral,"[""osteochondral"", ""in_vivo_repair"", ""in_vitro_cartilage""]","[""gelatin""]",[],3D_encapsulation,murine,,0,1,1,0,1,0,2026-09-26T18:34:09Z,36263100,10.1016/j.bioactmat.2022.10.010,2023,Enhancing cartilage repair with optimized supramolecular hydrogel-based scaffold and pulsed electromagnetic field,Bioactive materials
AMBC_8u4kVV2EBPVAFFM5TeQDRPjwv18,unmodified,[],bilayer,"[""bilayer""]",osteochondral,"[""osteochondral"", ""in_vitro_cartilage""]",[],"[""MSC""]",3D_encapsulation,human,,0,1,1,0,1,0,2026-09-26T18:34:05Z,37424038,10.1002/advs.202303650,2023,3D Printing of Microenvironment-Specific Bioinspired and Exosome-Reinforced Hydrogel Scaffolds for Efficient Cartilage and Subchondral Bone Regeneration,"Advanced science (Weinheim, Baden-Wurttemberg, Germany)"
AMBC_SESzVBvjqDdLxBdLrfQP184dAcz,unmodified,[],bulk_hydrogel,"[""bulk_hydrogel""]",osteochondral,"[""osteochondral"", ""in_vitro_cartilage""]","[""alginate"", ""chitosan""]",[],3D_encapsulation,,,0,1,1,0,1,0,2026-09-26T18:34:05Z,37376390,10.3390/polym15122744,2023,A Biphasic Hydrogel with Self-Healing Properties and a Continuous Layer Structure for Potential Application in Osteochondral Defect Repair,Polymers
AMBC_YvAJNuXYcGQGjL9NSJBg7Sv2pkf,methacrylated,"[""methacrylated"", ""norbornene"", ""tyramine"", ""mmp_degradable""]",bulk_hydrogel,"[""bulk_hydrogel""]",osteochondral,"[""osteochondral"", ""in_vivo_repair"", ""in_vitro_cartilage""]","[""GelMA"", ""HA"", ""collagen""]","[""articular_chondrocyte""]",3D_encapsulation,human,,0,1,1,0,1,0,2026-09-26T18:34:05Z,37691639,10.1016/j.jot.2023.07.001,2023,Modulating design parameters to drive cell invasion into hydrogels for osteochondral tissue formation,Journal of orthopaedic translation
AMBC_WNgbKbUvGdqpHhIWa8WhhA3fN0k,unmodified,[],injectable,"[""injectable"", ""monolayer""]",osteochondral,"[""osteochondral"", ""in_vitro_cartilage""]","[""HA"", ""collagen""]","[""articular_chondrocyte""]",2D,human,,0,1,1,0,1,0,2026-09-26T18:34:05Z,36859785,10.1177/19476035231154507,2023,In Vitro Comparison of 2 Clinically Applied Biomaterials for Autologous Chondrocyte Implantation: Injectable Hydrogel Versus Collagen Scaffold,Cartilage
EPMC_37896192,unmodified,[],3d_printed,"[""3d_printed""]",in_vitro_cartilage,"[""in_vitro_cartilage""]","[""alginate"", ""cellulose""]","[""articular_chondrocyte""]",3D_bioprint,,,0,1,1,0,1,0,2026-09-26T18:34:14Z,37896192,10.3390/pharmaceutics15102432,2023,Nanocrystalline Cellulose as a Versatile Engineering Material for Extrusion-Based Bioprinting.,Pharmaceutics
EPMC_37457932,methacrylated,"[""methacrylated""]",bulk_hydrogel,"[""bulk_hydrogel""]",in_vitro_cartilage,"[""in_vitro_cartilage""]","[""GelMA"", ""gelatin""]",[],3D_encapsulation,,,0,1,1,0,1,0,2026-09-26T18:34:14Z,37457932,10.18063/ijb.754,2023,DLP-printed GelMA-PMAA scaffold for bone regeneration through endochondral ossification.,International journal of bioprinting
EPMC_37457945,norbornene,"[""norbornene""]",bulk_hydrogel,"[""bulk_hydrogel""]",in_vitro_cartilage,"[""in_vitro_cartilage""]","[""HA"", ""fibrin""]",[],3D_encapsulation,porcine,,0,1,1,0,1,0,2026-09-26T18:34:13Z,37457945,10.18063/ijb.775,2023,Evaluation of surgical fixation methods for the implantation of melt electrowriting-reinforced hyaluronic acid hydrogel composites in porcine cartilage defects.,International journal of bioprinting
EPMC_39811488,unmodified,[],3d_printed,"[""3d_printed""]",in_vitro_cartilage,"[""in_vitro_cartilage""]",[],[],3D_bioprint,,,0,1,1,0,1,0,2026-09-26T18:34:13Z,39811488,10.1016/j.jpha.2023.12.015,2023,3D-printed constructs deliver bioactive cargos to expedite cartilage regeneration.,Journal of pharmaceutical analysis
EPMC_37599834,unmodified,[],bulk_hydrogel,"[""bulk_hydrogel""]",in_vitro_cartilage,"[""in_vitro_cartilage""]","[""collagen""]","[""articular_chondrocyte""]",3D_encapsulation,,,0,1,1,0,1,0,2026-09-26T18:34:13Z,37599834,10.1016/j.isci.2023.107491,2023,Low-oxygen tension augments chondrocyte sensitivity to biomimetic thermomechanical cues in cartilage-engineered constructs.,iScience
AMBC_Gqou3HUGNjvfJBtGTnGIfT9mE7b,methacrylated,"[""methacrylated""]",bulk_hydrogel,"[""bulk_hydrogel""]",in_vitro_cartilage,"[""in_vitro_cartilage""]","[""collagen"", ""silk_fibrin""]","[""articular_chondrocyte""]",3D_encapsulation,human,,0,1,1,0,1,0,2026-09-26T18:34:10Z,38005058,10.3390/ma16227128,2023,Applications of Silk Fibroin in Human and Veterinary Medicine,"Materials (Basel, Switzerland)"
AMBC_Coc6PqvhT9Sp7a9LirJ0nRpHbWn,unmodified,[],bulk_hydrogel,"[""bulk_hydrogel""]",in_vitro_cartilage,"[""in_vitro_cartilage""]",[],[],3D_encapsulation,,,0,1,1,0,1,0,2026-09-26T18:34:10Z,38173748,10.55730/1300-0527.3586,2023,Cryogelation reactions and cryogels: principles and challenges,Turkish journal of chemistry
AMBC_Hz1jxMyFUlfjLKDAAwmEKa1loUW,unmodified,[],bulk_hydrogel,"[""bulk_hydrogel""]",in_vitro_cartilage,"[""in_vitro_cartilage""]","[""collagen""]",[],3D_encapsulation,human,,0,1,1,0,1,0,2026-09-26T18:34:09Z,37454708,10.1016/j.actbio.2023.07.011,2023,Human nasal cartilage: Functional properties and structure-function relationships for the development of tissue engineering design criteria,Acta biomaterialia
AMBC_4VwfMUayHXQjFRRX1NH9j0hGCUX,unmodified,[],bulk_hydrogel,"[""bulk_hydrogel""]",in_vitro_cartilage,"[""in_vitro_cartilage""]","[""agarose""]",[],3D_encapsulation,,,0,1,1,0,1,0,2026-09-26T18:34:09Z,37178192,10.1021/acsami.3c04331,2023,Bridging the Gap in Ashby's Map for Soft Material Properties for Tissue Engineering,ACS applied materials & interfaces
AMBC_KVktYjq9EhvDQY69R231NDCSFLb,rgd_conjugated,"[""rgd_conjugated""]",bulk_hydrogel,"[""bulk_hydrogel""]",in_vitro_cartilage,"[""in_vitro_cartilage""]","[""HA"", ""collagen"", ""chitosan"", ""gelatin""]","[""MSC""]",3D_encapsulation,human,,0,1,1,0,1,0,2026-09-26T18:34:09Z,36708277,10.1049/nbt2.12103,2023,Synergistic effects of 3D chitosan-based hybrid scaffolds and mesenchymal stem cells in orthopaedic tissue engineering,IET nanobiotechnology
AMBC_Krw8KNwQKDtzW6VLYfR3gcFw37R,unmodified,[],fiber,"[""fiber""]",in_vitro_cartilage,"[""in_vitro_cartilage""]",[],[],3D_encapsulation,,,0,1,1,0,1,0,2026-09-26T18:34:09Z,36593799,10.7150/ntno.78611,2023,Nanofiber scaffolds based on extracellular matrix for articular cartilage engineering: A perspective,Nanotheranostics
AMBC_97uYK4b0dJlJ1nPII6O2HPjVTXc,methacrylated,"[""methacrylated""]",bulk_hydrogel,"[""bulk_hydrogel""]",in_vitro_cartilage,"[""in_vitro_cartilage""]",[],"[""articular_chondrocyte"", ""MSC""]",3D_encapsulation,,,0,1,1,0,1,0,2026-09-26T18:34:09Z,36355301,10.1007/978-1-0716-2839-3_22,2023,Self-Assembly Culture Model for Engineering Musculoskeletal Tissues,"Methods in molecular biology (Clifton, N.J.)"
AMBC_XwYeFMVFoBUSTdf0XA0WjvvDoIl,unmodified,[],bulk_hydrogel,"[""bulk_hydrogel""]",in_vitro_cartilage,"[""in_vitro_cartilage""]",[],[],3D_encapsulation,,,0,1,1,0,1,0,2026-09-26T18:34:09Z,36598076,10.1039/d2tb01693a,2023,An impact resistant hydrogel enabled by bicontinuous phase structure and hierarchical energy dissipation,Journal of materials chemistry. B
AMBC_4INzUkZhBHKTrajcjisPeMIkgbu,unmodified,[],bulk_hydrogel,"[""bulk_hydrogel""]",in_vitro_cartilage,"[""in_vitro_cartilage""]",[],[],3D_encapsulation,,,0,1,1,0,1,0,2026-09-26T18:34:09Z,37242485,10.3390/ph16050702,2023,New Challenges and Prospective Applications of Three-Dimensional Bioactive Polymeric Hydrogels in Oral and Craniofacial Tissue Engineering: A Narrative Review,"Pharmaceuticals (Basel, Switzerland)"
AMBC_YOYNI5zNUaf6ggAgewuPPmOhvmW,unmodified,[],fiber,"[""fiber"", ""bilayer""]",in_vitro_cartilage,"[""in_vitro_cartilage""]","[""collagen"", ""PVA""]",[],3D_encapsulation,human,,0,1,1,0,1,0,2026-09-26T18:34:09Z,36723224,10.1039/d2tb02511f,2023,Electrospun fibrous membrane reinforced hydrogels with preferable mechanical and tribological performance as cartilage substitutes,Journal of materials chemistry. B
AMBC_Qu3oZZoeTdDGeyGHsWGVrmAAxbo,methacrylated,"[""methacrylated""]",microsphere,"[""microsphere""]",in_vitro_cartilage,"[""in_vitro_cartilage""]","[""collagen""]","[""articular_chondrocyte""]",3D_encapsulation,,,0,1,1,0,1,0,2026-09-26T18:34:09Z,37445620,10.3390/ijms241310445,2023,Elastomeric Porous Poly(glycerol sebacate) Methacrylate (PGSm) Microspheres as 3D Scaffolds for Chondrocyte Culture and Cartilage Tissue Engineering,International journal of molecular sciences
AMBC_3uiNjmeGR8PlQAoOrAuDQEGyYc3,unmodified,[],bulk_hydrogel,"[""bulk_hydrogel""]",in_vitro_cartilage,"[""in_vitro_cartilage""]",[],[],3D_encapsulation,,,0,1,1,0,1,0,2026-09-26T18:34:09Z,37260829,10.3389/fbioe.2023.1190171,2023,Functional hydrogels for the repair and regeneration of tissue defects,Frontiers in bioengineering and biotechnology
AMBC_Ty5FdYDUDFaCGq0wYnIhrLYb81W,unmodified,[],bulk_hydrogel,"[""bulk_hydrogel""]",in_vitro_cartilage,"[""in_vitro_cartilage""]","[""HA""]",[],3D_encapsulation,,,0,1,1,0,1,0,2026-09-26T18:34:09Z,37368489,10.1080/09205063.2023.2230856,2023,High biocompatible polyacrylamide hydrogels fabricated by surface mineralization for subchondral bone tissue engineering,Journal of biomaterials science. Polymer edition
AMBC_NHDiEIoNEKqm0KI3VQA7G6mSJOk,unmodified,[],bulk_hydrogel,"[""bulk_hydrogel""]",in_vitro_cartilage,"[""in_vitro_cartilage""]","[""alginate""]","[""articular_chondrocyte""]",3D_encapsulation,human,,0,1,1,0,1,0,2026-09-26T18:34:09Z,37080211,10.1088/1758-5090/acced0,2023,Shape-defining alginate shells as semi-permeable culture chambers for soft cell-laden hydrogels,Biofabrication
AMBC_CX48LiVJnvBQCisEmJToRmLF4vY,unmodified,[],bulk_hydrogel,"[""bulk_hydrogel""]",in_vitro_cartilage,"[""in_vitro_cartilage""]",[],[],3D_encapsulation,,,0,1,1,0,1,0,2026-09-26T18:34:09Z,36088692,10.1016/j.jcis.2022.08.146,2023,"A robust, low swelling, and lipid-lubricated hydrogel for bionic articular cartilage substitute",Journal of colloid and interface science
AMBC_KIl8gvMuBsUKRasthLtRf18ufQr,unmodified,[],bulk_hydrogel,"[""bulk_hydrogel""]",in_vitro_cartilage,"[""in_vitro_cartilage""]",[],[],3D_encapsulation,,,0,1,1,0,1,0,2026-09-26T18:34:09Z,36053984,10.1002/jbm.a.37441,2023,Thermogelling hydrogel charge and lower critical solution temperature influence cellular infiltration and tissue integration in an ex vivo cartilage explant model,Journal of biomedical materials research. Part A
AMBC_Q6fUr83pMUxovjfN22S3Ja6LdlR,unmodified,[],bilayer,"[""bilayer"", ""injectable""]",in_vitro_cartilage,"[""in_vitro_cartilage""]","[""alginate"", ""agarose""]",[],3D_encapsulation,human,,0,1,1,0,1,0,2026-09-26T18:34:09Z,38046634,10.1039/d3ra06222h,2023,In situ fabrication of an anisotropic double-layer hydrogel as a bio-scaffold for repairing articular cartilage and subchondral bone injuries,RSC advances
AMBC_JwdrJ7wqyXDVWIP3sdUmUPYHLa8,unmodified,[],bulk_hydrogel,"[""bulk_hydrogel""]",in_vitro_cartilage,"[""in_vitro_cartilage""]","[""HA"", ""PEG""]","[""MSC""]",3D_encapsulation,human,,0,1,1,0,1,0,2026-09-26T18:34:09Z,37119702,10.1016/j.jbiomech.2023.111592,2023,The Ogden model for hydrogels in tissue engineering: Modulus determination with compression to failure,Journal of biomechanics
AMBC_ASaci5AuOvMb28YjilGS5OKKOea,unmodified,[],bulk_hydrogel,"[""bulk_hydrogel""]",in_vitro_cartilage,"[""in_vitro_cartilage""]","[""HA"", ""PVA""]",[],3D_encapsulation,,,0,1,1,0,1,0,2026-09-26T18:34:09Z,37574614,10.1016/j.colsurfb.2023.113510,2023,Hydroxyapatite cross-linked in situ polyvinyl alcohol hydrogel for bionic calcified cartilage layer,"Colloids and surfaces. B, Biointerfaces"
AMBC_PIlCLeXsGSGaDHTsAGYbouQDpzM,methacrylated,"[""methacrylated""]",bulk_hydrogel,"[""bulk_hydrogel""]",in_vitro_cartilage,"[""in_vitro_cartilage""]","[""GelMA"", ""HA"", ""gelatin""]",[],3D_encapsulation,,,0,1,1,0,1,0,2026-09-26T18:34:09Z,36269163,10.1002/jbm.b.35169,2023,Optimizing the composition of gelatin methacryloyl and hyaluronic acid methacryloyl hydrogels to maximize mechanical and transport properties using response surface methodology,"Journal of biomedical materials research. Part B, Applied biomaterials"
AMBC_23eB06X9UeGcgQ3NmcMXY6HG5Vx,unmodified,[],bulk_hydrogel,"[""bulk_hydrogel""]",in_vitro_cartilage,"[""in_vitro_cartilage""]","[""gelatin""]","[""adipose_MSC""]",3D_encapsulation,rabbit,,0,1,1,0,1,0,2026-09-26T18:34:09Z,36244053,10.1007/s13770-022-00487-9,2023,Towards Clinical Translation of In Situ Cartilage Engineering Strategies: Optimizing the Critical Facets of a Cell-Laden Hydrogel Therapy,Tissue engineering and regenerative medicine
AMBC_FzcToYn202zhzFZLcccIez0c1pR,methacrylated,"[""methacrylated""]",bulk_hydrogel,"[""bulk_hydrogel""]",in_vitro_cartilage,"[""in_vitro_cartilage""]","[""HA"", ""collagen""]",[],3D_encapsulation,,,0,1,1,0,1,0,2026-09-26T18:34:09Z,37850311,10.1039/d3tb01917a,2023,Components and physical properties of hydrogels modulate inflammatory response and cartilage repair,Journal of materials chemistry. B
AMBC_HJfAwXQYhsqwvOfx7XMk2ghjMBG,methacrylated,"[""methacrylated""]",bulk_hydrogel,"[""bulk_hydrogel""]",in_vitro_cartilage,"[""in_vitro_cartilage""]","[""GelMA"", ""gelatin""]","[""articular_chondrocyte""]",3D_encapsulation,murine,,0,1,1,0,1,0,2026-09-26T18:34:09Z,37056264,10.1016/j.bioactmat.2022.07.013,2023,Hydrogel platform with tunable stiffness based on magnetic nanoparticles cross-linked GelMA for cartilage regeneration and its intrinsic biomechanism,Bioactive materials
AMBC_E5MgnkwmMmtd41eCb5S27t1qQtL,unmodified,[],bulk_hydrogel,"[""bulk_hydrogel""]",in_vitro_cartilage,"[""in_vitro_cartilage""]",[],"[""articular_chondrocyte""]",3D_encapsulation,bovine,,0,1,1,0,1,0,2026-09-26T18:34:09Z,37367934,10.1021/acsabm.3c00082,2023,Impact of Inter- and Intra-Donor Variability by Age on the Gel-to-Tissue Transition in MMP-Sensitive PEG Hydrogels for Cartilage Regeneration,ACS applied bio materials
AMBC_EhtufTiJMWWyEyCgwqdRD02fOwv,unmodified,[],bulk_hydrogel,"[""bulk_hydrogel""]",in_vitro_cartilage,"[""in_vitro_cartilage""]",[],[],3D_encapsulation,,,0,1,1,0,1,0,2026-09-26T18:34:09Z,36633376,10.1002/adma.202208852,2023,Progress of Microfluidic Hydrogel-Based Scaffolds and Organ-on-Chips for the Cartilage Tissue Engineering,"Advanced materials (Deerfield Beach, Fla.)"
AMBC_94NDByRTN9oNsZ1VMKdr7YIoYjr,unmodified,[],fiber,"[""fiber""]",in_vitro_cartilage,"[""in_vitro_cartilage""]","[""alginate"", ""gelatin""]","[""adipose_MSC""]",3D_encapsulation,human,,0,1,1,0,1,0,2026-09-26T18:34:09Z,36948341,10.1016/j.ijbiomac.2023.124098,2023,Alginate sulfate/ECM composite hydrogel containing electrospun nanofiber with encapsulated human adipose-derived stem cells for cartilage tissue engineering,International journal of biological macromolecules
AMBC_D1UCiRU5dAMeNKMnE1VT9ADLp5Z,unmodified,[],bulk_hydrogel,"[""bulk_hydrogel""]",in_vitro_cartilage,"[""in_vitro_cartilage""]",[],[],3D_encapsulation,,,0,1,1,0,1,0,2026-09-26T18:34:09Z,36802277,10.1002/mabi.202200539,2023,Advances in Mechanical Properties of Hydrogels for Cartilage Tissue Defect Repair,Macromolecular bioscience
AMBC_8fI8GSyLNLiNiFu6rLrNWvEsV6J,unmodified,[],bulk_hydrogel,"[""bulk_hydrogel""]",in_vitro_cartilage,"[""in_vitro_cartilage""]","[""HA"", ""gelatin"", ""PVA""]","[""articular_chondrocyte""]",3D_encapsulation,,,0,1,1,0,1,0,2026-09-26T18:34:09Z,37403564,10.1080/09205063.2023.2230855,2023,"Fabrication and characterization of porous, degradable, biocompatible poly(vinyl alcohol)/tannic acid/gelatin/hyaluronic acid hydrogels with good mechanical properties for cartilage tissue engineering",Journal of biomaterials science. Polymer edition
AMBC_XPCOIp8m1zlu5OXRcteRQRjNidE,unmodified,[],bulk_hydrogel,"[""bulk_hydrogel""]",in_vitro_cartilage,"[""in_vitro_cartilage""]",[],[],3D_encapsulation,,,0,1,1,0,1,0,2026-09-26T18:34:09Z,37590545,10.3791/64797,2023,Synthesis of Decellularized Cartilage Extracellular Matrix Hydrogels,Journal of visualized experiments : JoVE
AMBC_25xp9POL6sEacYuWWtfXDStw8VM,unmodified,[],bulk_hydrogel,"[""bulk_hydrogel""]",in_vitro_cartilage,"[""in_vitro_cartilage""]","[""collagen""]","[""articular_chondrocyte""]",3D_encapsulation,murine,,0,1,1,0,1,0,2026-09-26T18:34:05Z,37796615,10.1172/jci.insight.171984,2023,Altered Sox9 and FGF signaling gene expression in Aga2 OI mice negatively affects linear growth,JCI insight
AMBC_XHLARJ8Aq5eZHXRXuZBsQthSB0h,unmodified,[],bulk_hydrogel,"[""bulk_hydrogel""]",in_vitro_cartilage,"[""in_vitro_cartilage""]","[""collagen""]","[""articular_chondrocyte"", ""ATDC5""]",3D_encapsulation,murine,,0,1,1,0,1,0,2026-09-26T18:34:05Z,37637163,10.7717/peerj.15917,2023,Icariin activates far upstream element binding protein 1 to regulate hypoxia-inducible factor-1α and hypoxia-inducible factor-2α signaling and benefits chondrocytes,PeerJ
AMBC_RxEAsynrFermxrBwT6IaQPypb9f,unmodified,[],monolayer,"[""monolayer""]",in_vitro_cartilage,"[""in_vitro_cartilage""]","[""collagen""]","[""articular_chondrocyte""]",2D,human,,0,1,1,0,1,0,2026-09-26T18:34:05Z,37138136,10.1007/s10561-023-10094-0,2023,Insufficiency of collagenases in establishment of primary chondrocyte culture from cartilage of elderly patients receiving total joint replacement,Cell and tissue banking
AMBC_G5GvUPJjQlIAYp8EntLBFpHtfBG,unmodified,[],bulk_hydrogel,"[""bulk_hydrogel""]",in_vitro_cartilage,"[""in_vitro_cartilage""]",[],[],3D_encapsulation,,,0,1,1,0,1,0,2026-09-26T18:34:05Z,36741158,10.1039/d2ra07079k,2023,Preparation and properties of a photocrosslinked MCl n -doped PDMA-g-PSMA hydrogel,RSC advances
AMBC_7goyEdGvynNxfBovnvwLkCCPd96,methacrylated,"[""methacrylated""]",bulk_hydrogel,"[""bulk_hydrogel""]",in_vitro_cartilage,"[""in_vitro_cartilage""]","[""HA"", ""collagen"", ""chitosan""]","[""articular_chondrocyte"", ""MSC""]",3D_encapsulation,,,0,1,1,0,1,0,2026-09-26T18:34:05Z,37106654,10.3390/bioengineering10040467,2023,Long-Term Culture Performance of a Polyelectrolyte Complex Microcapsule Platform for Hyaline Cartilage Repair,"Bioengineering (Basel, Switzerland)"
AMBC_Fgo5LdceQnQlZfWCjdR7wF6TtIN,unmodified,[],monolayer,"[""monolayer""]",in_vitro_cartilage,"[""in_vitro_cartilage""]","[""HA"", ""collagen""]","[""articular_chondrocyte""]",2D,human,,0,1,1,0,1,0,2026-09-26T18:34:05Z,37754882,10.3390/jfb14090468,2023,Ligand Composition and Coating Density Co-Modulate the Chondrocyte Function on Poly(glycerol-dodecanedioate),Journal of functional biomaterials
AMBC_Tt3EoxLJXvDP27xdmtNgoK78zAi,unmodified,[],bulk_hydrogel,"[""bulk_hydrogel""]",in_vitro_cartilage,"[""in_vitro_cartilage""]","[""collagen""]","[""articular_chondrocyte""]",3D_encapsulation,human,,0,1,1,0,1,0,2026-09-26T18:34:05Z,38069417,10.3390/ijms242317096,2023,"Human Chondrocytes, Metabolism of Articular Cartilage, and Strategies for Application to Tissue Engineering",International journal of molecular sciences
AMBC_RVfhnlAyAIyPSMSn31WCn47vjuL,unmodified,[],bulk_hydrogel,"[""bulk_hydrogel""]",in_vitro_cartilage,"[""in_vitro_cartilage""]","[""fibrin""]","[""MSC""]",3D_encapsulation,human,,0,1,1,0,1,0,2026-09-26T18:34:05Z,37066837,10.1002/jbm.a.37545,2023,"Modulus-dependent effects on neurogenic, myogenic, and chondrogenic differentiation of human mesenchymal stem cells in three-dimensional hydrogel cultures",Journal of biomedical materials research. Part A
AMBC_1CzI985xxPpc2atqAOcXkTp64O1,methacrylated,"[""methacrylated""]",injectable,"[""injectable""]",in_vitro_cartilage,"[""in_vitro_cartilage""]","[""GelMA"", ""chitosan""]",[],3D_encapsulation,bovine,,0,1,1,0,1,0,2026-09-26T18:34:05Z,37737465,10.1002/adhm.202302078,2023,"Photo-Cross-Linkable, Injectable, and Highly Adhesive GelMA-Glycol Chitosan Hydrogels for Cartilage Repair",Advanced healthcare materials
AMBC_DAMnNtAiqKLW7SqTKXjZwMxbQFZ,methacrylated,"[""methacrylated"", ""sulfated""]",bulk_hydrogel,"[""bulk_hydrogel""]",in_vitro_cartilage,"[""in_vitro_cartilage""]","[""GelMA"", ""HA"", ""gelatin""]","[""articular_chondrocyte""]",3D_encapsulation,bovine,,0,1,1,0,1,0,2026-09-26T18:34:05Z,37050288,10.3390/polym15071674,2023,Marine Gelatin-Methacryloyl-Based Hydrogels as Cell Templates for Cartilage Tissue Engineering,Polymers
AMBC_SORNOmsNrebIxnYXCiJ1UxzbFTj,methacrylated,"[""methacrylated""]",injectable,"[""injectable""]",in_vitro_cartilage,"[""in_vitro_cartilage""]","[""PEG""]","[""ATDC5""]",3D_encapsulation,,,0,1,1,0,1,0,2026-09-26T18:34:05Z,38139888,10.3390/polym15244635,2023,"Poly(ethylene Glycol) Methyl Ether Methacrylate-Based Injectable Hydrogels: Swelling, Rheological, and In Vitro Biocompatibility Properties with ATDC5 Chondrogenic Lineage",Polymers
AMBC_6mKRN8NIIwjypADKzjZt3OVna6m,unmodified,[],bulk_hydrogel,"[""bulk_hydrogel""]",in_vitro_cartilage,"[""in_vitro_cartilage""]","[""collagen""]","[""MSC""]",3D_encapsulation,,,0,1,1,0,1,0,2026-09-26T18:34:05Z,36763657,10.1126/sciadv.ade9497,2023,Collagen hydrogel viscoelasticity regulates MSC chondrogenesis in a ROCK-dependent manner,Science advances
AMBC_WyMweDsTS9fonEbYYEgBMNXBws0,unmodified,[],bulk_hydrogel,"[""bulk_hydrogel""]",in_vitro_cartilage,"[""in_vitro_cartilage""]",[],"[""articular_chondrocyte""]",3D_encapsulation,,,0,1,1,0,1,0,2026-09-26T18:34:05Z,36935512,10.1186/s40824-023-00358-x,2023,Progress in biomechanical stimuli on the cell-encapsulated hydrogels for cartilage tissue regeneration,Biomaterials research
AMBC_SymTSD7YyHxwoZLJgXTOgOzBkXR,unmodified,[],bulk_hydrogel,"[""bulk_hydrogel""]",in_vitro_cartilage,"[""in_vitro_cartilage""]","[""HA""]","[""articular_chondrocyte""]",3D_encapsulation,,,0,1,1,0,1,0,2026-09-26T18:34:05Z,37494938,10.1088/1748-605X/aceac7,2023,Using network pharmacology to fabricate crosslinked hyaluronan-chondroitin sulphate-resveratrol composite hydrogels for cartilage regeneration,"Biomedical materials (Bristol, England)"
AMBC_CkBOQpfVt9JRHVRhneUD3g9HPcs,unmodified,[],bulk_hydrogel,"[""bulk_hydrogel""]",in_vitro_cartilage,"[""in_vitro_cartilage""]",[],"[""articular_chondrocyte""]",3D_encapsulation,,,0,1,1,0,1,0,2026-09-26T18:34:05Z,37574174,10.1016/j.aanat.2023.152144,2023,Biomimetic approach for an articular cartilage patch: Combination of decellularized cartilage matrix and silk-elastin-like-protein (SELP) hydrogel,Annals of anatomy = Anatomischer Anzeiger : official organ of the Anatomische Gesellschaft
AMBC_YZ1GjHWcgW5AoeRWndkf5LmGmna,unmodified,[],fiber,"[""fiber""]",in_vitro_cartilage,"[""in_vitro_cartilage""]","[""gelatin""]","[""articular_chondrocyte""]",3D_encapsulation,,,0,1,1,0,1,0,2026-09-26T18:34:05Z,37947854,10.1021/acsabm.3c00737,2023,Fabrication of Customizable and Reproducible 3D Chondrocyte-Laden Nanofibrous Architectures: Effect of Specific Fiber Alignments and Porosities on Chondrocyte Response under Cyclic Compression,ACS applied bio materials
AMBC_aC8v6w06Hc51i8xtQhNd1xCXWCT,unmodified,[],bulk_hydrogel,"[""bulk_hydrogel""]",in_vitro_cartilage,"[""in_vitro_cartilage""]",[],"[""adipose_MSC"", ""MSC""]",3D_encapsulation,human,,0,1,1,0,1,0,2026-09-26T18:34:05Z,38139882,10.3390/polym15244630,2023,Evaluation of a Peptide Hydrogel as a Chondro-Instructive Three-Dimensional Microenvironment,Polymers
AMBC_UAY9zLQ1sSG8wPA0rP0fxyjO6Ye,oxidized,"[""oxidized""]",injectable,"[""injectable""]",in_vitro_cartilage,"[""in_vitro_cartilage""]","[""alginate"", ""chitosan""]","[""articular_chondrocyte"", ""MSC""]",3D_encapsulation,,,0,1,1,0,1,0,2026-09-26T18:34:05Z,37514135,10.3390/pharmaceutics15071949,2023,Fabrication of Injectable Kartogenin-Conjugated Composite Hydrogel with a Sustained Drug Release for Cartilage Repair,Pharmaceutics
AMBC_XeKeO779tfaZIaU7b9GzdkjsUlD,unmodified,[],injectable,"[""injectable""]",in_vitro_cartilage,"[""in_vitro_cartilage""]","[""HA""]","[""articular_chondrocyte""]",3D_encapsulation,rabbit,,0,1,1,0,1,0,2026-09-26T18:34:05Z,37376790,10.1021/acs.biomac.3c00351,2023,"Post-Implantation Stiffening by a Bioinspired, Double-Network, Self-Healing Hydrogel Facilitates Minimally Invasive Cell Delivery for Cartilage Regeneration",Biomacromolecules
AMBC_ZcbYpXfrqOlkxc4FpQcMty3HC0K,methacrylated,"[""methacrylated""]",bulk_hydrogel,"[""bulk_hydrogel""]",in_vitro_cartilage,"[""in_vitro_cartilage""]","[""GelMA""]","[""articular_chondrocyte"", ""ATDC5""]",3D_encapsulation,,,0,1,1,0,1,0,2026-09-26T18:34:05Z,37540940,10.1016/j.bioadv.2023.213567,2023,Engineered biomechanical microenvironment of articular chondrocytes based on heterogeneous GelMA hydrogel composites and dynamic mechanical compression,Biomaterials advances
AMBC_BEfgqBFABq4K9HCOFM0KEkYzQp2,methacrylated,"[""methacrylated""]",bulk_hydrogel,"[""bulk_hydrogel""]",in_vitro_cartilage,"[""in_vitro_cartilage""]","[""GelMA"", ""collagen""]","[""articular_chondrocyte""]",3D_encapsulation,human,,0,1,1,0,1,0,2026-09-26T18:34:05Z,37429300,10.1088/1758-5090/ace5e1,2023,3D-biofabricated chondrocyte-laden decellularized extracellular matrix-contained gelatin methacrylate auxetic scaffolds under cyclic tensile stimulation for cartilage regeneration,Biofabrication
AMBC_6iH8d6TznNOkiR8DjtsVxzlYuUl,unmodified,[],bulk_hydrogel,"[""bulk_hydrogel""]",in_vitro_cartilage,"[""in_vitro_cartilage""]","[""HA"", ""collagen""]","[""articular_chondrocyte""]",3D_encapsulation,,,0,1,1,0,1,0,2026-09-26T18:34:05Z,37400079,10.1002/mabi.202300153,2023,Bioactive Phenylboronic Acid-Functionalized Hyaluronic Acid Hydrogels Induce Chondro-Aggregates and Promote Chondrocyte Phenotype,Macromolecular bioscience
AMBC_ID2eUivv9CReM6FaZZENqBkRdIt,unmodified,[],bulk_hydrogel,"[""bulk_hydrogel""]",in_vitro_cartilage,"[""in_vitro_cartilage""]","[""alginate"", ""collagen""]","[""articular_chondrocyte""]",3D_encapsulation,,TGF_b3,0,1,1,0,1,0,2026-09-26T18:34:05Z,36564904,10.1002/btpr.3322,2023,Development of chondrocyte-laden alginate hydrogels with modulated microstructure and properties for cartilage regeneration,Biotechnology progress
AMBC_4Bz4sFliCIhVN8kaRnUWOzlceCE,unmodified,[],bulk_hydrogel,"[""bulk_hydrogel""]",in_vitro_cartilage,"[""in_vitro_cartilage""]","[""alginate"", ""collagen""]","[""articular_chondrocyte""]",3D_encapsulation,,,0,1,1,0,1,0,2026-09-26T18:34:05Z,36959903,10.3389/fbioe.2023.1118975,2023,Effect of the uronic acid composition of alginate in alginate/collagen hybrid hydrogel on chondrocyte behavior,Frontiers in bioengineering and biotechnology
AMBC_QsZx2uIf8dZxfQkPc2WUKIGCO0y,methacrylated,"[""methacrylated""]",injectable,"[""injectable""]",in_vitro_cartilage,"[""in_vitro_cartilage""]","[""PEG"", ""cellulose""]","[""articular_chondrocyte""]",3D_encapsulation,,,0,1,1,0,1,0,2026-09-26T18:34:05Z,36270396,10.1016/j.ijbiomac.2022.10.137,2023,Designer injectable matrices of photocrosslinkable carboxymethyl cellulose methacrylate based hydrogels as cell carriers for gel type autologous chondrocyte implantation (GACI),International journal of biological macromolecules
EPMC_37852239,methacrylated,"[""methacrylated""]",3d_printed,"[""3d_printed"", ""injectable""]",bioprinting,"[""bioprinting"", ""in_vitro_cartilage""]","[""HA"", ""collagen"", ""gelatin""]","[""MSC""]",3D_bioprint,,,0,1,1,0,1,0,2026-09-26T18:34:14Z,37852239,10.1088/1758-5090/ad047a,2023,An injectable and 3D printable pro-chondrogenic hyaluronic acid and collagen type II composite hydrogel for the repair of articular cartilage defects.,Biofabrication
EPMC_36982923,unmodified,[],3d_printed,"[""3d_printed""]",bioprinting,"[""bioprinting""]","[""alginate"", ""gelatin""]","[""MSC""]",3D_bioprint,,,0,1,1,0,1,0,2026-09-26T18:34:14Z,36982923,10.3390/ijms24065852,2023,Three-Dimensional Bioprinting of an In Vitro Lung Model.,International journal of molecular sciences
EPMC_36527264,unmodified,[],3d_printed,"[""3d_printed""]",bioprinting,"[""bioprinting"", ""in_vitro_cartilage""]",[],[],3D_bioprint,human,,0,1,1,0,1,0,2026-09-26T18:34:14Z,36527264,10.1002/adhm.202202550,2023,Toward 3D Bioprinting of Osseous Tissue of Predefined Shape Using Single-Matrix Cell-Bioink Constructs.,Advanced healthcare materials
AMBC_YbuKvgtUChkrbu1sLl1Am44uHPg,unmodified,[],3d_printed,"[""3d_printed""]",bioprinting,"[""bioprinting"", ""in_vitro_cartilage""]",[],[],3D_bioprint,human,,0,1,1,0,1,0,2026-09-26T18:34:09Z,36826273,10.3390/gels9020103,2023,Nanocomposite Bioprinting for Tissue Engineering Applications,"Gels (Basel, Switzerland)"
AMBC_62zhMbPidvAmvNjsAxTzgMKZHZ1,unmodified,[],3d_printed,"[""3d_printed""]",bioprinting,"[""bioprinting"", ""in_vitro_cartilage""]",[],[],3D_bioprint,,,0,1,1,0,1,0,2026-09-26T18:34:09Z,36751955,10.1039/d2bm02111k,2023,Post-decellularized printing of cartilage extracellular matrix: distinction between biomaterial ink and bioink,Biomaterials science
AMBC_VrZwCn74Kn6mM8pKxE6agEoiLrf,methacrylated,"[""methacrylated""]",3d_printed,"[""3d_printed"", ""ipn""]",bioprinting,"[""bioprinting"", ""in_vitro_cartilage""]","[""GelMA"", ""alginate""]",[],3D_bioprint,,,0,1,1,0,1,0,2026-09-26T18:34:09Z,37207752,10.1016/j.ijbiomac.2023.124962,2023,Self-healing interpenetrating network hydrogel based on GelMA/alginate/nano-clay,International journal of biological macromolecules
AMBC_aEx2umZPGmSS4aszicRyPZIh4Y3,sulfated,"[""sulfated""]",3d_printed,"[""3d_printed""]",bioprinting,"[""bioprinting"", ""in_vitro_cartilage""]","[""PEG"", ""collagen""]","[""articular_chondrocyte"", ""MSC""]",3D_bioprint,,,0,1,1,0,1,0,2026-09-26T18:34:05Z,37058130,10.1021/acsami.3c00389,2023,3D Bioprintable Hypoxia-Mimicking PEG-Based Nano Bioink for Cartilage Tissue Engineering,ACS applied materials & interfaces
EPMC_37760139,unmodified,[],bulk_hydrogel,"[""bulk_hydrogel""]",auricular,"[""auricular"", ""in_vitro_cartilage""]","[""alginate"", ""collagen""]","[""articular_chondrocyte"", ""auricular_chondrocyte""]",3D_encapsulation,,,0,1,1,0,1,0,2026-09-26T18:34:14Z,37760139,10.3390/bioengineering10091037,2023,Alginate Conjugation Increases Toughness in Auricular Chondrocyte Seeded Collagen Hydrogels.,"Bioengineering (Basel, Switzerland)"
AMBC_FUKzEXQXJGDNIrSLBigRMKQYOo8,unmodified,[],bulk_hydrogel,"[""bulk_hydrogel""]",auricular,"[""auricular"", ""in_vitro_cartilage""]",[],"[""articular_chondrocyte"", ""auricular_chondrocyte""]",3D_encapsulation,,,0,1,1,0,1,0,2026-09-26T18:34:09Z,37324935,10.7150/ijbs.83024,2023,Upregulated desmin/integrin β1/MAPK axis promotes elastic cartilage regeneration with increased ECM mechanical strength,International journal of biological sciences
AMBC_Q8XqgnAwzZcMQnpZCAWmStiWsz7,unmodified,[],bulk_hydrogel,"[""bulk_hydrogel""]",auricular,"[""auricular"", ""in_vitro_cartilage""]","[""alginate""]","[""articular_chondrocyte""]",3D_encapsulation,human,,0,1,1,0,1,0,2026-09-26T18:34:09Z,37105555,10.15283/ijsc21242,2023,Hypoxia Differentially Affects Chondrogenic Differentiation of Progenitor Cells from Different Origins,International journal of stem cells
AMBC_Ia6l7T1Hbcw2dL60cI9megtUxYQ,unmodified,[],bulk_hydrogel,"[""bulk_hydrogel""]",auricular,"[""auricular"", ""in_vitro_cartilage""]",[],"[""articular_chondrocyte"", ""MSC""]",3D_encapsulation,human,,0,1,1,0,1,0,2026-09-26T18:34:05Z,37022673,10.1039/d3bm00035d,2023,Optimization of 3D autologous chondrocyte-seeded polyglycolic acid scaffolds to mimic human ear cartilage,Biomaterials science
AMBC_NtOfh5si34R05UOvNGWr26ic4eG,methacrylated,"[""methacrylated""]",3d_printed,"[""3d_printed""]",auricular,"[""auricular"", ""in_vivo_repair"", ""bioprinting"", ""in_vitro_cartilage""]","[""GelMA"", ""gelatin"", ""cellulose""]","[""articular_chondrocyte""]",3D_bioprint,,,0,1,1,0,1,0,2026-09-26T18:34:05Z,36636133,10.18063/ijb.v9i1.631,2023,Bacterial nanocellulose-reinforced gelatin methacryloyl hydrogel enhances biomechanical property and glycosaminoglycan content of 3D-bioprinted cartilage,International journal of bioprinting
AMBC_BhFArNQHUwzvrc96H7cWtwdaQb,unmodified,[],bulk_hydrogel,"[""bulk_hydrogel""]",auricular,"[""auricular"", ""in_vivo_repair"", ""drug_delivery"", ""in_vitro_cartilage""]","[""alginate"", ""gelatin""]","[""articular_chondrocyte""]",3D_encapsulation,rabbit,,0,1,1,0,1,0,2026-09-26T18:34:05Z,37633565,10.1016/j.ijbiomac.2023.126294,2023,Chondrocyte-laden gelatin/sodium alginate hydrogel integrating 3D printed PU scaffold for auricular cartilage reconstruction,International journal of biological macromolecules
AMBC_ScUoCn5FsRULSpMgDrEcnu4jc4Z,unmodified,[],bulk_hydrogel,"[""bulk_hydrogel""]",osteochondral,"[""osteochondral"", ""in_vivo_repair"", ""in_vitro_cartilage""]",[],"[""articular_chondrocyte"", ""adipose_MSC""]",3D_encapsulation,human,,0,1,1,0,1,0,2026-09-26T18:34:09Z,35845419,10.3389/fbioe.2022.893992,2022,The Emerging Use of ASC/Scaffold Composites for the Regeneration of Osteochondral Defects,Frontiers in bioengineering and biotechnology
AMBC_YUbfGEIzTQwDRdFw5zVxHTI5weB,unmodified,[],bulk_hydrogel,"[""bulk_hydrogel""]",osteochondral,"[""osteochondral"", ""in_vitro_cartilage""]",[],"[""articular_chondrocyte"", ""MSC""]",3D_encapsulation,,,0,1,1,0,1,0,2026-09-26T18:34:09Z,35269633,10.3390/ijms23052490,2022,Implication of Mesenchymal Stem Cells and Their Derivates for Osteochondral Regeneration,International journal of molecular sciences
AMBC_TbN9cPlisVwS3xIkTvJce3lSvv6,unmodified,[],3d_printed,"[""3d_printed""]",osteochondral,"[""osteochondral"", ""in_vitro_cartilage""]",[],[],3D_bioprint,,,0,1,1,0,1,0,2026-09-26T18:34:09Z,35147514,10.1088/1758-5090/ac5413,2022,Bio-inspired zonal-structured matrices for bone-cartilage interface engineering,Biofabrication
AMBC_PYBJgsvcLqrbjxt4LtNrbdKHLiy,unmodified,[],3d_printed,"[""3d_printed""]",osteochondral,"[""osteochondral"", ""in_vitro_cartilage""]",[],[],3D_bioprint,,,0,1,1,0,1,0,2026-09-26T18:34:09Z,35133301,10.1088/1758-5090/ac52e1,2022,Bio-inspired zonal-structured matrices for bone-cartilage interface engineering,Biofabrication
AMBC_8HObaLFIUvwALWL0aANN6xbVg9u,methacrylated,"[""methacrylated""]",ipn,"[""ipn"", ""injectable""]",osteochondral,"[""osteochondral"", ""drug_delivery"", ""in_vitro_cartilage""]","[""GelMA"", ""PEG""]","[""articular_chondrocyte"", ""MSC""]",3D_encapsulation,,,0,1,1,0,1,0,2026-09-26T18:34:09Z,36074133,10.1021/acsbiomaterials.2c00445,2022,"Implementation of Photosensitive, Injectable, Interpenetrating, and Kartogenin-Modified GELMA/PEDGA Biomimetic Scaffolds to Restore Cartilage Integrity in a Full-Thickness Osteochondral Defect Model",ACS biomaterials science & engineering
AMBC_UxhOEWyqGIi5MzJ4g8XOfiORHNP,unmodified,[],bilayer,"[""bilayer""]",osteochondral,"[""osteochondral"", ""in_vivo_repair"", ""in_vitro_cartilage""]","[""chitosan""]",[],3D_encapsulation,,,0,1,1,0,1,0,2026-09-26T18:34:09Z,36070613,10.1021/acsbiomaterials.2c00187,2022,"High-Strength, Biomimetic Functional Chitosan-Based Hydrogels for Full-Thickness Osteochondral Defect Repair",ACS biomaterials science & engineering
AMBC_1iIsGlP2pZEieDBdL7nGzMnqeO8,unmodified,[],bilayer,"[""bilayer""]",osteochondral,"[""osteochondral"", ""in_vivo_repair"", ""in_vitro_cartilage""]","[""alginate""]",[],3D_encapsulation,,TGF_b3,0,1,1,0,1,0,2026-09-26T18:34:09Z,35581061,10.1016/j.msec.2022.112721,2022,Bilayered laponite/alginate-poly(acrylamide) composite hydrogel for osteochondral injuries enhances macrophage polarization: An in vivo study,Biomaterials advances
AMBC_4rtpQRgy9iprGfJYiEeFh6zfsMl,methacrylated,"[""methacrylated""]",bilayer,"[""bilayer"", ""microsphere""]",osteochondral,"[""osteochondral"", ""drug_delivery"", ""in_vitro_cartilage""]","[""silk_fibrin""]","[""MSC""]",3D_encapsulation,,,0,1,1,0,1,0,2026-09-26T18:34:09Z,36388458,10.1016/j.mtbio.2022.100485,2022,An all-silk-derived bilayer hydrogel for osteochondral tissue engineering,Materials today. Bio
AMBC_PCZNJApEVmfvb7524WUNpnlTdiV,unmodified,[],bilayer,"[""bilayer""]",osteochondral,"[""osteochondral"", ""in_vivo_repair"", ""in_vitro_cartilage""]","[""HA"", ""chitosan"", ""cellulose""]",[],3D_encapsulation,,,0,1,1,0,1,0,2026-09-26T18:34:09Z,36108368,10.1016/j.colsurfb.2022.112821,2022,A bionic composite hydrogel with dual regulatory functions for the osteochondral repair,"Colloids and surfaces. B, Biointerfaces"
AMBC_TagE1iIab1Bf1UtH7B1TwxWmmke,unmodified,[],3d_printed,"[""3d_printed""]",osteochondral,"[""osteochondral"", ""in_vitro_cartilage""]",[],[],3D_bioprint,,,0,1,1,0,1,0,2026-09-26T18:34:05Z,35888855,10.3390/mi13071038,2022,Photo-Crosslinkable Hydrogels for 3D Bioprinting in the Repair of Osteochondral Defects: A Review of Present Applications and Future Perspectives,Micromachines
AMBC_4bDmRHLoVUV3wELxwNEQIdUi2VV,unmodified,[],bulk_hydrogel,"[""bulk_hydrogel""]",osteochondral,"[""osteochondral"", ""in_vitro_cartilage""]","[""fibrin""]","[""MSC""]",3D_encapsulation,rabbit,,0,1,1,0,1,0,2026-09-26T18:34:05Z,36559710,10.3390/polym14245343,2022,"Regeneration of Osteochondral Defects by Combined Delivery of Synovium-Derived Mesenchymal Stem Cells, TGF-β1 and BMP-4 in Heparin-Conjugated Fibrin Hydrogel",Polymers
AMBC_8RMc2CtlK4W3hHvhERQVpH1k2zc,unmodified,[],bulk_hydrogel,"[""bulk_hydrogel""]",osteochondral,"[""osteochondral"", ""in_vivo_repair"", ""in_vitro_cartilage""]",[],"[""MSC""]",3D_encapsulation,,,0,1,1,0,1,0,2026-09-26T18:34:05Z,36388453,10.1016/j.mtbio.2022.100489,2022,Fabrication of biphasic cartilage-bone integrated scaffolds based on tissue-specific photo-crosslinkable acellular matrix hydrogels,Materials today. Bio
AMBC_FdM4PMGqVEmtz1mHS2K01Yhoyme,unmodified,[],bulk_hydrogel,"[""bulk_hydrogel""]",osteochondral,"[""osteochondral"", ""in_vivo_repair"", ""in_vitro_cartilage""]","[""collagen""]","[""articular_chondrocyte""]",3D_encapsulation,,,0,1,1,0,1,0,2026-09-26T18:34:05Z,35625903,10.3390/biomedicines10051165,2022,Piezoelectric Effect of Antibacterial Biomimetic Hydrogel Promotes Osteochondral Defect Repair,Biomedicines
AMBC_7sF1tRArLUSFNpLVnrpdIQoiDw9,sulfated,"[""sulfated""]",bulk_hydrogel,"[""bulk_hydrogel""]",osteochondral,"[""osteochondral"", ""in_vivo_repair"", ""in_vitro_cartilage""]","[""HA"", ""collagen"", ""gellan""]","[""articular_chondrocyte""]",3D_encapsulation,rabbit,,0,1,1,0,1,0,2026-09-26T18:34:05Z,36055611,10.1016/j.actbio.2022.08.062,2022,Double - network hydrogel based on exopolysaccharides as a biomimetic extracellular matrix to augment articular cartilage regeneration,Acta biomaterialia
AMBC_N4VR47vmnAiPBhcwsqlv9IC7fTq,rgd_conjugated,"[""rgd_conjugated""]",bulk_hydrogel,"[""bulk_hydrogel""]",osteochondral,"[""osteochondral"", ""in_vivo_repair"", ""drug_delivery"", ""in_vitro_cartilage""]","[""alginate""]","[""articular_chondrocyte"", ""MSC""]",3D_encapsulation,human,,0,1,1,0,1,0,2026-09-26T18:34:05Z,36394998,10.1021/acsami.2c12694,2022,Functionalized Microscaffold-Hydrogel Composites Accelerating Osteochondral Repair through Endochondral Ossification,ACS applied materials & interfaces
AMBC_A3GDuHoY7xuVXXGfoL1ix7c04Cc,unmodified,[],bulk_hydrogel,"[""bulk_hydrogel""]",osteochondral,"[""osteochondral"", ""in_vitro_cartilage""]","[""collagen"", ""chitosan""]","[""MSC""]",3D_encapsulation,porcine,,0,1,1,0,1,0,2026-09-26T18:34:05Z,35406348,10.3390/polym14071474,2022,Delivery of Mesenchymal Stem Cell in Dialdehyde Methylcellulose-Succinyl-Chitosan Hydrogel Promotes Chondrogenesis in a Porcine Model,Polymers
AMBC_OiEakTkrq6q61tFfaq2rmJBvhCY,unmodified,[],bulk_hydrogel,"[""bulk_hydrogel""]",osteochondral,"[""osteochondral"", ""in_vivo_repair"", ""in_vitro_cartilage""]","[""silk_fibrin""]","[""articular_chondrocyte"", ""MSC""]",3D_encapsulation,,,0,1,1,0,1,0,2026-09-26T18:34:05Z,35749970,10.1002/adhm.202200602,2022,Nanosilicate-Reinforced Silk Fibroin Hydrogel for Endogenous Regeneration of Both Cartilage and Subchondral Bone,Advanced healthcare materials
EPMC_36308047,tyramine,"[""tyramine""]",bilayer,"[""bilayer""]",in_vitro_cartilage,"[""in_vitro_cartilage""]","[""HA"", ""alginate""]",[],3D_bioprint,human,,0,1,1,0,1,0,2026-09-26T18:34:14Z,36308047,10.1002/adhm.202201891,2022,Swelling-Dependent Shape-Based Transformation of a Human Mesenchymal Stromal Cells-Laden 4D Bioprinted Construct for Cartilage Tissue Engineering.,Advanced healthcare materials
AMBC_HAcmrOVKNyEUPFEHragSXqYMrR0,unmodified,[],bulk_hydrogel,"[""bulk_hydrogel""]",in_vitro_cartilage,"[""in_vitro_cartilage""]","[""HA"", ""collagen""]",[],3D_encapsulation,porcine,,0,1,1,0,1,0,2026-09-26T18:34:09Z,35235865,10.1016/j.actbio.2022.02.037,2022,"Proteomic, mechanical, and biochemical characterization of cartilage development",Acta biomaterialia
AMBC_KNO5o8NQ2SMjToGDvRZPrByOki4,unmodified,[],microgel,"[""microgel"", ""bilayer""]",in_vitro_cartilage,"[""in_vitro_cartilage""]",[],"[""MSC""]",3D_bioprint,human,,0,1,1,0,1,0,2026-09-26T18:34:09Z,35973946,10.1002/smll.202202196,2022,4D Cell-Condensate Bioprinting,"Small (Weinheim an der Bergstrasse, Germany)"
AMBC_KnKA9m3fDM7AAugnFKZkKNve6C0,unmodified,[],fiber,"[""fiber""]",in_vitro_cartilage,"[""in_vitro_cartilage""]",[],[],3D_encapsulation,,,0,1,1,0,1,0,2026-09-26T18:34:09Z,35186119,10.1155/2022/1953861,2022,Recent Applications of Electrospun Nanofibrous Scaffold in Tissue Engineering,Applied bionics and biomechanics
AMBC_UcDiNkMmJs1OIPOjIX7g5wHiMAj,unmodified,[],bulk_hydrogel,"[""bulk_hydrogel""]",in_vitro_cartilage,"[""in_vitro_cartilage""]",[],[],3D_encapsulation,,,0,1,1,0,1,0,2026-09-26T18:34:09Z,36172014,10.3389/fbioe.2022.998988,2022,Therapeutic application of hydrogels for bone-related diseases,Frontiers in bioengineering and biotechnology
AMBC_MsXh1IEtjYeOHeu0dUk5VBTmWqC,unmodified,[],bulk_hydrogel,"[""bulk_hydrogel""]",in_vitro_cartilage,"[""in_vitro_cartilage""]","[""fibrin"", ""silk_fibrin""]",[],3D_encapsulation,,,0,1,1,0,1,0,2026-09-26T18:34:09Z,36307870,10.1002/advs.202204553,2022,Structural-Functional Pluralistic Modification of Silk Fibroin via MOF Bridging for Advanced Wound Care,"Advanced science (Weinheim, Baden-Wurttemberg, Germany)"
AMBC_ZPsIAsxnrz4Iui7yY3Enzok0od8,unmodified,[],porous_scaffold,"[""porous_scaffold"", ""injectable""]",in_vitro_cartilage,"[""in_vitro_cartilage""]","[""alginate""]","[""MSC""]",3D_encapsulation,human,,0,1,1,0,1,0,2026-09-26T18:34:09Z,35323261,10.3390/gels8030148,2022,Decellularized Articular Cartilage Microgels as Microcarriers for Expansion of Mesenchymal Stem Cells,"Gels (Basel, Switzerland)"
AMBC_Pt1Rkh988h739T48yjuOCG26yO8,unmodified,[],bilayer,"[""bilayer""]",in_vitro_cartilage,"[""in_vitro_cartilage""]","[""alginate""]",[],3D_encapsulation,,,0,1,1,0,1,0,2026-09-26T18:34:09Z,36080668,10.3390/polym14173593,2022,Tribological Evaluation of Silica Nanoparticle Enhanced Bilayer Hydrogels as A Candidate for Cartilage Replacement,Polymers
AMBC_5nBZLygkxPt4e1ynVNbVpvCexG,unmodified,[],bulk_hydrogel,"[""bulk_hydrogel""]",in_vitro_cartilage,"[""in_vitro_cartilage""]",[],[],3D_encapsulation,,,0,1,1,0,1,0,2026-09-26T18:34:09Z,35776217,10.1186/s40634-022-00498-4,2022,Current concepts and perspectives for articular cartilage regeneration,Journal of experimental orthopaedics
AMBC_GcrThg3BdZ1zeNlIE7pLPjqf4X,unmodified,[],bulk_hydrogel,"[""bulk_hydrogel""]",in_vitro_cartilage,"[""in_vitro_cartilage""]",[],[],3D_encapsulation,,,0,1,1,0,1,0,2026-09-26T18:34:09Z,35640021,10.1002/marc.202200272,2022,Physically Entangled Antiswelling Hydrogels with High Stiffness,Macromolecular rapid communications
AMBC_Te9W2kZxe6TawAt4VX0chHE6vlh,unmodified,[],3d_printed,"[""3d_printed""]",in_vitro_cartilage,"[""in_vitro_cartilage""]",[],[],3D_bioprint,,,0,1,1,0,1,0,2026-09-26T18:34:09Z,35972308,10.1039/d2bm00709f,2022,Application and development of 3D bioprinting in cartilage tissue engineering,Biomaterials science
AMBC_Ve5ib4b7yNi7if99HeW4Pwapgzb,freeze_thaw,"[""freeze_thaw""]",bulk_hydrogel,"[""bulk_hydrogel""]",in_vitro_cartilage,"[""in_vitro_cartilage""]","[""PVA""]","[""MSC""]",3D_encapsulation,human,,0,1,1,0,1,0,2026-09-26T18:34:09Z,36135266,10.3390/gels8090555,2022,Hydroxyapatite Reinforced Polyvinyl Alcohol/Polyvinyl Pyrrolidone Based Hydrogel for Cartilage Replacement,"Gels (Basel, Switzerland)"
AMBC_IsoyCSRXmvYZQGQybJnWYWLhqNd,rgd_conjugated,"[""rgd_conjugated""]",bulk_hydrogel,"[""bulk_hydrogel""]",in_vitro_cartilage,"[""in_vitro_cartilage""]","[""collagen""]","[""adipose_MSC""]",3D_encapsulation,human,,0,1,1,0,1,0,2026-09-26T18:34:09Z,35735726,10.3390/gels8060382,2022,RGD-Functionalized Hydrogel Supports the Chondrogenic Commitment of Adipose Mesenchymal Stromal Cells,"Gels (Basel, Switzerland)"
AMBC_SY58DhhlbcfOXNLcNop2IY8pAOu,unmodified,[],bulk_hydrogel,"[""bulk_hydrogel""]",in_vitro_cartilage,"[""in_vitro_cartilage""]","[""agarose""]","[""articular_chondrocyte""]",3D_encapsulation,,,0,1,1,0,1,0,2026-09-26T18:34:09Z,35815530,10.1002/adhm.202200481,2022,Tissue Engineering Cartilage with Deep Zone Cytoarchitecture by High-Resolution Acoustic Cell Patterning,Advanced healthcare materials
AMBC_SjVDNAIiJ8Z5MdK4PePGu6Mj4pR,unmodified,[],bulk_hydrogel,"[""bulk_hydrogel""]",in_vitro_cartilage,"[""in_vitro_cartilage""]","[""alginate""]","[""articular_chondrocyte"", ""ATDC5""]",3D_encapsulation,,TGF_b3,0,1,1,0,1,0,2026-09-26T18:34:09Z,34991083,10.1088/1748-605X/ac489e,2022,Effect of passage number of genetically modified TGF-β3 expressing primary chondrocytes on the chondrogenesis of ATDC5 cells in a 3D coculture system,"Biomedical materials (Bristol, England)"
AMBC_MdOlSOM7UjG3pFJGuyRAQ9vBIR3,methacrylated,"[""methacrylated"", ""sulfated""]",bulk_hydrogel,"[""bulk_hydrogel""]",in_vitro_cartilage,"[""in_vitro_cartilage""]","[""GelMA"", ""HA"", ""gelatin""]",[],3D_encapsulation,bovine,,0,1,1,0,1,0,2026-09-26T18:34:09Z,35877542,10.3390/gels8070457,2022,Creating a Functional Biomimetic Cartilage Implant Using Hydrogels Based on Methacrylated Chondroitin Sulfate and Hyaluronic Acid,"Gels (Basel, Switzerland)"
AMBC_5LNqCQ5o6nzVwu5oWPxmqjbGZAo,unmodified,[],bulk_hydrogel,"[""bulk_hydrogel""]",in_vitro_cartilage,"[""in_vitro_cartilage""]","[""PEG""]","[""MSC""]",3D_encapsulation,,,0,1,1,0,1,0,2026-09-26T18:34:09Z,36559119,10.3390/pharmaceutics14122622,2022,Immunomodulatory PEG-CRGD Hydrogels Promote Chondrogenic Differentiation of PBMSCs,Pharmaceutics
AMBC_1alvgiNHtDGu3XmzGDuTBjEZ7VS,rgd_conjugated,"[""rgd_conjugated"", ""dopamine""]",bulk_hydrogel,"[""bulk_hydrogel""]",in_vitro_cartilage,"[""in_vitro_cartilage""]","[""gelatin""]","[""MSC""]",3D_encapsulation,,TGF_b3,0,1,1,0,1,0,2026-09-26T18:34:09Z,36044775,10.1021/acsabm.2c00533,2022,Adhesive Gelatin-Catechol Complex Reinforced Poly(Acrylic Acid) Hydrogel with Enhanced Toughness and Cell Affinity for Cartilage Regeneration,ACS applied bio materials
AMBC_5LzjaM2sfKd8vLm1hxvDgRUnoDL,unmodified,[],bulk_hydrogel,"[""bulk_hydrogel""]",in_vitro_cartilage,"[""in_vitro_cartilage""]",[],"[""MSC""]",3D_encapsulation,human,,0,1,1,0,1,0,2026-09-26T18:34:09Z,35735483,10.3390/bioengineering9060239,2022,Decellularized Human Umbilical Tissue-Derived Hydrogels Promote Proliferation and Chondrogenic Differentiation of Mesenchymal Stem Cells,"Bioengineering (Basel, Switzerland)"
AMBC_UqCtqSk4BEk1ImEz1E07eIdefE3,unmodified,[],injectable,"[""injectable""]",in_vitro_cartilage,"[""in_vitro_cartilage""]","[""alginate"", ""cellulose""]",[],3D_encapsulation,,,0,1,1,0,1,0,2026-09-26T18:34:09Z,34742419,10.1016/j.carbpol.2021.118692,2022,Dynamic regulable sodium alginate/poly(γ-glutamic acid) hybrid hydrogels promoted chondrogenic differentiation of stem cells,Carbohydrate polymers
AMBC_XXkt5kawmW46uV5wm35bFyXgLnu,unmodified,[],microsphere,"[""microsphere""]",in_vitro_cartilage,"[""in_vitro_cartilage""]","[""chitosan""]",[],3D_encapsulation,,,0,1,1,0,1,0,2026-09-26T18:34:09Z,35217083,10.1016/j.ijbiomac.2022.02.115,2022,A dual functional chondro-inductive chitosan thermogel with high shear modulus and sustained drug release for cartilage tissue engineering,International journal of biological macromolecules
AMBC_MxVj2vPUEw7LjQdfLBCBjzTnM6I,unmodified,[],bulk_hydrogel,"[""bulk_hydrogel""]",in_vitro_cartilage,"[""in_vitro_cartilage""]","[""alginate""]","[""adipose_MSC"", ""MSC""]",3D_encapsulation,,,0,1,1,0,1,0,2026-09-26T18:34:09Z,35098649,10.1002/jbm.a.37363,2022,An additive manufacturing-based 3D printed poly ɛ-caprolactone/alginate sulfate/extracellular matrix construct for nasal cartilage regeneration,Journal of biomedical materials research. Part A
AMBC_CHpDOHaYQnVICq6cDRSabcmmxv8,sulfated,"[""sulfated""]",bulk_hydrogel,"[""bulk_hydrogel""]",in_vitro_cartilage,"[""in_vitro_cartilage""]","[""collagen""]","[""articular_chondrocyte"", ""MSC""]",3D_encapsulation,,,0,1,1,0,1,0,2026-09-26T18:34:09Z,35133126,10.1021/acsbiomaterials.1c01248,2022,Incorporation of a Collagen-Binding Chondroitin Sulfate Molecule to a Collagen Type I and II Blend Hydrogel for Cartilage Tissue Engineering,ACS biomaterials science & engineering
AMBC_CixaPDnQGmxXdJEQWITLZ9w3FqE,unmodified,[],bulk_hydrogel,"[""bulk_hydrogel""]",in_vitro_cartilage,"[""in_vitro_cartilage""]","[""HA"", ""gelatin""]","[""articular_chondrocyte""]",3D_encapsulation,,,0,1,1,0,1,0,2026-09-26T18:34:09Z,35562776,10.1186/s13104-022-06060-w,2022,Biomimetic hydrogel scaffolds via enzymatic reaction for cartilage tissue engineering,BMC research notes
AMBC_VzPps2s8K3q97J0oO0C5Pz59ej4,methacrylated,"[""methacrylated""]",bulk_hydrogel,"[""bulk_hydrogel""]",in_vitro_cartilage,"[""in_vitro_cartilage""]","[""GelMA"", ""alginate"", ""PEG"", ""gelatin""]",[],3D_encapsulation,,,0,1,1,0,1,0,2026-09-26T18:34:09Z,34605703,10.1177/08853282211044853,2022,Polyethylene glycol diacrylate scaffold filled with cell-laden methacrylamide gelatin/alginate hydrogels used for cartilage repair,Journal of biomaterials applications
AMBC_Ifefk6whn7aYogo9L9RCo9EFjjq,unmodified,[],bulk_hydrogel,"[""bulk_hydrogel""]",in_vitro_cartilage,"[""in_vitro_cartilage""]","[""HA"", ""chitosan""]","[""adipose_MSC"", ""MSC""]",3D_encapsulation,,,0,1,1,0,1,0,2026-09-26T18:34:09Z,33608921,10.1002/bab.2130,2022,Platelet-rich plasma-hyaluronic acid/chondrotin sulfate/carboxymethyl chitosan hydrogel for cartilage regeneration,Biotechnology and applied biochemistry
AMBC_HXnfgRDVU2nBw0dmbwrJFZ7a6e2,unmodified,[],bulk_hydrogel,"[""bulk_hydrogel""]",in_vitro_cartilage,"[""in_vitro_cartilage""]","[""collagen""]","[""articular_chondrocyte""]",3D_encapsulation,,,0,1,1,0,1,0,2026-09-26T18:34:05Z,35628587,10.3390/ijms23105776,2022,Whole Aspect of Runx2 Functions in Skeletal Development,International journal of molecular sciences
AMBC_9unm2ITDGQtOk6cplJ4V1q5GPEi,unmodified,[],bulk_hydrogel,"[""bulk_hydrogel""]",in_vitro_cartilage,"[""in_vitro_cartilage""]","[""cellulose""]",[],3D_encapsulation,,,0,1,1,0,1,0,2026-09-26T18:34:05Z,36015592,10.3390/polym14163335,2022,Recent Advances in Cellulose-Based Hydrogels for Tissue Engineering Applications,Polymers
AMBC_IlZVO4iicRYJ0hOXMHljZcWXRQb,unmodified,[],monolayer,"[""monolayer""]",in_vitro_cartilage,"[""in_vitro_cartilage""]",[],"[""articular_chondrocyte""]",2D,,,0,1,1,0,1,0,2026-09-26T18:34:05Z,35923099,10.1002/bit.28203,2022,Spheroid culture for chondrocytes triggers the initial stage of endochondral ossification,Biotechnology and bioengineering
AMBC_XlQ7PXtigGogQN6Ko5lxW54cWlf,unmodified,[],bulk_hydrogel,"[""bulk_hydrogel""]",in_vitro_cartilage,"[""in_vitro_cartilage""]","[""PVA""]",[],3D_encapsulation,porcine,,0,1,1,0,1,0,2026-09-26T18:34:05Z,36286141,10.3390/gels8100640,2022,Effects of Non-Conventional Sterilisation Methods on PBO-Reinforced PVA Hydrogels for Cartilage Replacement,"Gels (Basel, Switzerland)"
AMBC_MQpXKL2IzzegM9RBAPzeC15J4oQ,unmodified,[],microsphere,"[""microsphere""]",in_vitro_cartilage,"[""in_vitro_cartilage""]",[],[],3D_bioprint,,,0,1,1,0,1,0,2026-09-26T18:34:05Z,36291114,10.3390/cells11203244,2022,Articular Cartilage Regeneration through Bioassembling Spherical Micro-Cartilage Building Blocks,Cells
AMBC_Km14WLOKtN0fQMztGM6gzYOrJil,unmodified,[],bulk_hydrogel,"[""bulk_hydrogel""]",in_vitro_cartilage,"[""in_vitro_cartilage""]","[""chitosan""]","[""MSC""]",3D_encapsulation,human,,0,1,1,0,1,0,2026-09-26T18:34:05Z,35328696,10.3390/ijms23063276,2022,Chitosan Hydrogel Supplemented with Metformin Promotes Neuron-like Cell Differentiation of Gingival Mesenchymal Stem Cells,International journal of molecular sciences
AMBC_C5B9wS9py3xcUakFkLQfOq2xOx5,unmodified,[],fiber,"[""fiber""]",in_vitro_cartilage,"[""in_vitro_cartilage""]",[],"[""articular_chondrocyte""]",3D_encapsulation,human,,0,1,1,0,1,0,2026-09-26T18:34:05Z,35024136,10.1177/20417314211069342,2022,Bio-electrospraying assessment toward in situ chondrocyte-laden electrospun scaffold fabrication,Journal of tissue engineering
AMBC_FhLQUOhVrTkDpkkEVJpNiNSGPoe,unmodified,[],bulk_hydrogel,"[""bulk_hydrogel""]",in_vitro_cartilage,"[""in_vitro_cartilage""]","[""collagen"", ""fibrin""]","[""articular_chondrocyte""]",3D_encapsulation,porcine,,0,1,1,0,1,0,2026-09-26T18:34:05Z,35690862,10.1186/s13018-022-03201-6,2022,Fibrin glue does not assist migration and proliferation of chondrocytes in collagenic membranes: an in vitro study,Journal of orthopaedic surgery and research
AMBC_a1z78hPxjfz9uh7DdiAb6oNwILJ,unmodified,[],bulk_hydrogel,"[""bulk_hydrogel""]",in_vitro_cartilage,"[""in_vitro_cartilage""]","[""PVA"", ""gellan""]","[""articular_chondrocyte""]",3D_encapsulation,,,0,1,1,0,1,0,2026-09-26T18:34:05Z,36145975,10.3390/polym14183830,2022,Tribological and Rheological Properties of Poly(vinyl alcohol)-Gellan Gum Composite Hydrogels,Polymers
AMBC_P5u6tJrVefq8I1r2HRP9oXCVaCu,unmodified,[],bulk_hydrogel,"[""bulk_hydrogel""]",in_vitro_cartilage,"[""in_vitro_cartilage""]",[],[],3D_encapsulation,,,0,1,1,0,1,0,2026-09-26T18:34:05Z,36661774,10.3390/gels9010006,2022,"Editorial on the Special Issue ""Advanced Hydrogels for the Repair of Cartilage Defects""","Gels (Basel, Switzerland)"
AMBC_ZjB2reGHveHsoFC5sDIFi8LOlia,methacrylated,"[""methacrylated""]",microsphere,"[""microsphere"", ""injectable""]",in_vitro_cartilage,"[""in_vitro_cartilage""]","[""GelMA"", ""gelatin""]","[""MSC""]",3D_encapsulation,,,0,1,1,0,1,0,2026-09-26T18:34:05Z,36225601,10.3389/fbioe.2022.1026911,2022,Superwettable and injectable GelMA-MSC microspheres promote cartilage repair in temporomandibular joints,Frontiers in bioengineering and biotechnology
AMBC_4GzL68asoj7GXqFou8gjzhUX1JS,unmodified,[],bulk_hydrogel,"[""bulk_hydrogel""]",in_vitro_cartilage,"[""in_vitro_cartilage""]","[""collagen""]",[],3D_encapsulation,,,0,1,1,0,1,0,2026-09-26T18:34:05Z,36547539,10.3390/jfb13040279,2022,Preparation and Characterization of Extracellular Matrix Hydrogels Derived from Acellular Cartilage Tissue,Journal of functional biomaterials
AMBC_Afr18ktnh5XigNm2GmnsZpZRukY,unmodified,[],bulk_hydrogel,"[""bulk_hydrogel""]",in_vitro_cartilage,"[""in_vitro_cartilage""]","[""collagen"", ""chitosan""]","[""articular_chondrocyte"", ""ATDC5""]",3D_encapsulation,,,0,1,1,0,1,0,2026-09-26T18:34:05Z,35929272,10.1016/j.bioadv.2022.212843,2022,Marine origin biomaterials using a compressive and absorption methodology as cell-laden hydrogel envisaging cartilage tissue engineering,Biomaterials advances
AMBC_JiYZosE5Cq5T6cONLimvaVtVo1E,unmodified,[],bulk_hydrogel,"[""bulk_hydrogel""]",in_vitro_cartilage,"[""in_vitro_cartilage""]","[""PVA""]","[""articular_chondrocyte""]",3D_encapsulation,,,0,1,1,0,1,0,2026-09-26T18:34:05Z,36080626,10.3390/polym14173552,2022,Improving Mechanical Properties of Starch-Based Hydrogels Using Double Network Strategy,Polymers
AMBC_AvKyc1Q3lQ3NgXenkWYDOu5bnfM,unmodified,[],injectable,"[""injectable""]",in_vitro_cartilage,"[""in_vitro_cartilage""]",[],[],3D_encapsulation,,,0,1,1,0,1,0,2026-09-26T18:34:05Z,36159703,10.3389/fbioe.2022.954501,2022,Advanced injectable hydrogels for cartilage tissue engineering,Frontiers in bioengineering and biotechnology
AMBC_URJOZZ9OSEhDCvsSp68BTnGGEpm,unmodified,[],bulk_hydrogel,"[""bulk_hydrogel""]",in_vitro_cartilage,"[""in_vitro_cartilage""]","[""agarose""]","[""articular_chondrocyte"", ""MSC""]",3D_encapsulation,human,,0,1,1,0,1,0,2026-09-26T18:34:05Z,35625424,10.3390/biology11050696,2022,Characterization and In Vitro Cytotoxicity Safety Screening of Fractionated Organosolv Lignin on Diverse Primary Human Cell Types Commonly Used in Tissue Engineering,Biology
AMBC_7oIEX2worJr1odBFfvnO8dCDDvb,unmodified,[],bulk_hydrogel,"[""bulk_hydrogel""]",in_vitro_cartilage,"[""in_vitro_cartilage""]","[""alginate"", ""collagen""]","[""articular_chondrocyte""]",3D_encapsulation,human,,0,1,1,0,1,0,2026-09-26T18:34:05Z,36514131,10.1186/s40824-022-00327-w,2022,Biomimetic hydrogel blanket for conserving and recovering intrinsic cell properties,Biomaterials research
AMBC_QSOAUHvZl0WuTCrfFWCGEKPJBPY,unmodified,[],bulk_hydrogel,"[""bulk_hydrogel""]",in_vitro_cartilage,"[""in_vitro_cartilage""]","[""PVA""]","[""articular_chondrocyte""]",3D_encapsulation,human,,0,1,1,0,1,0,2026-09-26T18:34:05Z,35955850,10.3390/ijms23158717,2022,Biodegradable-Glass-Fiber Reinforced Hydrogel Composite with Enhanced Mechanical Performance and Cell Proliferation for Potential Cartilage Repair,International journal of molecular sciences
AMBC_WAhtoynADsbAQWmEkRsEVaD0bT,unmodified,[],bulk_hydrogel,"[""bulk_hydrogel""]",in_vitro_cartilage,"[""in_vitro_cartilage""]","[""collagen"", ""fibrin""]","[""articular_chondrocyte""]",3D_encapsulation,porcine,,0,1,1,0,1,0,2026-09-26T18:34:05Z,35446156,10.1177/19476035221093063,2022,A Pre-Clinical Animal Study for Zonal Articular Cartilage Regeneration Using Stratified Implantation of Microcarrier Expanded Zonal Chondrocytes,Cartilage
AMBC_KwwKGlhJywutMCrsya4MOAMuIzh,methacrylated,"[""methacrylated""]",fiber,"[""fiber""]",in_vitro_cartilage,"[""in_vitro_cartilage""]","[""GelMA""]","[""articular_chondrocyte""]",3D_encapsulation,,,0,1,1,0,1,0,2026-09-26T18:34:05Z,35424939,10.1039/d2ra00311b,2022,Preparation and characterization of a novel drug-loaded Bi-layer scaffold for cartilage regeneration,RSC advances
AMBC_s42rE5Oz5Kj4KSAxj3M3Vj256U,methacrylated,"[""methacrylated""]",bulk_hydrogel,"[""bulk_hydrogel""]",in_vitro_cartilage,"[""in_vitro_cartilage""]","[""GelMA"", ""chitosan"", ""gelatin""]","[""MSC""]",3D_encapsulation,,,0,1,1,0,1,0,2026-09-26T18:34:05Z,35784682,10.3389/fphar.2022.922032,2022,Construction of Biocompatible Hydrogel Scaffolds With a Long-Term Drug Release for Facilitating Cartilage Repair,Frontiers in pharmacology
AMBC_NndSsCCA9hs0Wuy5DUlwgpP15lN,methacrylated,"[""methacrylated"", ""sulfated""]",bulk_hydrogel,"[""bulk_hydrogel""]",in_vitro_cartilage,"[""in_vitro_cartilage""]","[""gelatin""]","[""articular_chondrocyte"", ""MSC""]",3D_encapsulation,,,0,1,1,0,1,0,2026-09-26T18:34:05Z,34901536,10.1016/j.bioactmat.2021.09.010,2022,Exosome-loaded extracellular matrix-mimic hydrogel with anti-inflammatory property Facilitates/promotes growth plate injury repair,Bioactive materials
AMBC_Rpkn5XWWUy2M6nnAUlK8vJIVQiw,unmodified,[],bulk_hydrogel,"[""bulk_hydrogel""]",in_vitro_cartilage,"[""in_vitro_cartilage""]","[""PEG"", ""chitosan""]","[""articular_chondrocyte"", ""MSC""]",3D_encapsulation,rabbit,,0,1,1,0,1,0,2026-09-26T18:34:05Z,36253092,10.1002/advs.202105571,2022,Kartogenin-Conjugated Double-Network Hydrogel Combined with Stem Cell Transplantation and Tracing for Cartilage Repair,"Advanced science (Weinheim, Baden-Wurttemberg, Germany)"
AMBC_YsncXHtT0xA8KF9jccwEWlPtPdM,unmodified,[],bulk_hydrogel,"[""bulk_hydrogel""]",in_vitro_cartilage,"[""in_vitro_cartilage""]","[""collagen""]","[""articular_chondrocyte"", ""adipose_MSC""]",3D_encapsulation,,,0,1,1,0,1,0,2026-09-26T18:34:05Z,36547290,10.3390/gels8120766,2022,Autophagy Is a Crucial Path in Chondrogenesis of Adipose-Derived Mesenchymal Stromal Cells Laden in Hydrogel,"Gels (Basel, Switzerland)"
AMBC_QMdidyuhoG8zx5LdrjsUJOODWPN,unmodified,[],bulk_hydrogel,"[""bulk_hydrogel""]",in_vitro_cartilage,"[""in_vitro_cartilage""]",[],"[""articular_chondrocyte""]",3D_encapsulation,human,,0,1,1,0,1,0,2026-09-26T18:34:05Z,35609582,10.1088/1748-605X/ac7304,2022,A transcriptome sequencing study on the effect of macro-pores in hydrogel scaffolds on global gene expression of laden human cartilage chondrocytes,"Biomedical materials (Bristol, England)"
AMBC_Io6wjPPIjVMhQvHzdzOZhfB5Uia,unmodified,[],bulk_hydrogel,"[""bulk_hydrogel""]",in_vitro_cartilage,"[""in_vitro_cartilage""]","[""collagen""]","[""articular_chondrocyte""]",3D_encapsulation,,,0,1,1,0,1,0,2026-09-26T18:34:05Z,35226109,10.1007/s00167-022-06886-8,2022,Hydrogel-based autologous chondrocyte implantation leads to subjective improvement levels comparable to scaffold based autologous chondrocyte implantation,"Knee surgery, sports traumatology, arthroscopy : official journal of the ESSKA"
EPMC_35647514,methacrylated,"[""methacrylated""]",3d_printed,"[""3d_printed""]",bioprinting,"[""bioprinting"", ""in_vitro_cartilage""]","[""collagen"", ""gellan""]","[""articular_chondrocyte"", ""MSC""]",3D_bioprint,,,0,1,1,0,1,0,2026-09-26T18:34:14Z,35647514,10.1016/j.mtbio.2022.100287,2022,Valuable effect of Manuka Honey in increasing the printability and chondrogenic potential of a naturally derived bioink.,Materials today. Bio
EPMC_35055112,unmodified,[],3d_printed,"[""3d_printed""]",bioprinting,"[""bioprinting"", ""in_vitro_cartilage""]","[""HA""]","[""MSC""]",3D_bioprint,,,0,1,1,0,1,0,2026-09-26T18:34:14Z,35055112,10.3390/ijms23020924,2022,Tethered TGF-β1 in a Hyaluronic Acid-Based Bioink for Bioprinting Cartilaginous Tissues.,International journal of molecular sciences
AMBC_ItQCwFMydKs6xL2Zuob8MIVXL9U,unmodified,[],3d_printed,"[""3d_printed""]",bioprinting,"[""bioprinting"", ""in_vitro_cartilage""]",[],[],3D_bioprint,,,0,1,1,0,1,0,2026-09-26T18:34:09Z,36421570,10.3390/gels8110748,2022,Natural Materials for 3D Printing and Their Applications,"Gels (Basel, Switzerland)"
AMBC_Z9kpoqPZrw7UJb9J4fG30ws6wpC,methacrylated,"[""methacrylated""]",3d_printed,"[""3d_printed""]",bioprinting,"[""bioprinting""]","[""GelMA"", ""gelatin"", ""cellulose""]","[""adipose_MSC"", ""MSC""]",3D_bioprint,human,,0,1,1,0,1,0,2026-09-26T18:34:09Z,34254733,10.1002/jbm.a.37267,2022,Incorporating nanocrystalline cellulose into a multifunctional hydrogel for heart valve tissue engineering applications,Journal of biomedical materials research. Part A
AMBC_FgJZdUoXZgSe0Du8vlT3PMt5jN7,unmodified,[],3d_printed,"[""3d_printed"", ""microgel""]",bioprinting,"[""bioprinting"", ""in_vitro_cartilage""]",[],[],3D_bioprint,,,0,1,1,0,1,0,2026-09-26T18:34:09Z,35065000,10.1002/adma.202109394,2022,Jammed Micro-Flake Hydrogel for Four-Dimensional Living Cell Bioprinting,"Advanced materials (Deerfield Beach, Fla.)"
AMBC_JtWbzO5LOJOztHu6WK3MsIFnm1n,methacrylated,"[""methacrylated""]",3d_printed,"[""3d_printed""]",bioprinting,"[""bioprinting"", ""in_vitro_cartilage""]",[],"[""articular_chondrocyte""]",3D_bioprint,,,0,1,1,0,1,0,2026-09-26T18:34:09Z,36134908,10.1039/d1tb02800f,2022,An antibacterial ε-poly-L-lysine-derived bioink for 3D bioprinting applications,Journal of materials chemistry. B
AMBC_FIjLeydA0CGgYDH121ZvKQ433CV,methacrylated,"[""methacrylated""]",3d_printed,"[""3d_printed""]",bioprinting,"[""bioprinting"", ""in_vitro_cartilage""]",[],[],3D_bioprint,,,0,1,1,0,1,0,2026-09-26T18:34:09Z,35740971,10.3390/biom12060846,2022,The Rheology and Printability of Cartilage Matrix-Only Biomaterials,Biomolecules
AMBC_ZdATiRe7EWk03i5jconHdpymr5y,methacrylated,"[""methacrylated""]",3d_printed,"[""3d_printed"", ""injectable""]",bioprinting,"[""bioprinting"", ""in_vitro_cartilage""]",[],"[""articular_chondrocyte""]",3D_bioprint,,,0,1,1,0,1,0,2026-09-26T18:34:09Z,36205771,10.1039/d2bm00832g,2022,Photo-crosslinkable methacrylated konjac glucomannan (KGMMA) hydrogels as a promising bioink for 3D bioprinting,Biomaterials science
AMBC_3sST9IYvkSywznKzWhIsHmx4fsE,methacrylated,"[""methacrylated""]",3d_printed,"[""3d_printed""]",bioprinting,"[""bioprinting"", ""in_vitro_cartilage""]","[""PEG"", ""collagen""]","[""articular_chondrocyte""]",3D_bioprint,,,0,1,1,0,1,0,2026-09-26T18:34:09Z,34913587,10.1002/jbm.a.37336,2022,3D bioprinting of photo-crosslinkable silk methacrylate (SilMA)-polyethylene glycol diacrylate (PEGDA) bioink for cartilage tissue engineering,Journal of biomedical materials research. Part A
AMBC_9SLM82ACw61BSQNTuWz9YuPhRSi,unmodified,[],3d_printed,"[""3d_printed""]",bioprinting,"[""bioprinting"", ""in_vitro_cartilage""]",[],[],3D_bioprint,,,0,1,1,0,1,0,2026-09-26T18:34:05Z,35997456,10.3390/jfb13030118,2022,Three-Dimensional Bioprinting for Cartilage Tissue Engineering: Insights into Naturally-Derived Bioinks from Land and Marine Sources,Journal of functional biomaterials
EPMC_PPR512519,methacrylated,"[""methacrylated""]",3d_printed,"[""3d_printed""]",auricular,"[""auricular"", ""in_vivo_repair"", ""bioprinting"", ""in_vitro_cartilage""]","[""GelMA"", ""gelatin""]","[""articular_chondrocyte"", ""MSC""]",3D_bioprint,porcine,,0,1,1,0,1,0,2026-09-26T18:34:14Z,,10.21203/rs.3.rs-1764764/v1,2022,Microtissue-Based Bioink as A Chondrocyte Micro-Shelter for DLP Bioprinting,
EPMC_35386331,methacrylated,"[""methacrylated""]",3d_printed,"[""3d_printed""]",auricular,"[""auricular"", ""in_vivo_repair"", ""bioprinting"", ""in_vitro_cartilage""]","[""GelMA""]","[""articular_chondrocyte"", ""auricular_chondrocyte""]",3D_bioprint,,,0,1,1,0,1,0,2026-09-26T18:34:14Z,35386331,10.1016/j.bioactmat.2022.02.032,2022,Bioprinting and regeneration of auricular cartilage using a bioactive bioink based on microporous photocrosslinkable acellular cartilage matrix.,Bioactive materials
EPMC_35224351,methacrylated,"[""methacrylated""]",3d_printed,"[""3d_printed""]",auricular,"[""auricular"", ""in_vitro_cartilage""]","[""GelMA"", ""HA""]","[""articular_chondrocyte"", ""MSC""]",3D_bioprint,human,,0,1,1,0,1,0,2026-09-26T18:34:13Z,35224351,10.1021/acsomega.1c06102,2022,Bioprinting of Chondrocyte Stem Cell Co-Cultures for Auricular Cartilage Regeneration.,ACS omega
EPMC_36085440,methacrylated,"[""methacrylated""]",3d_printed,"[""3d_printed""]",auricular,"[""auricular"", ""in_vivo_repair"", ""bioprinting"", ""in_vitro_cartilage""]","[""GelMA""]","[""articular_chondrocyte"", ""MSC""]",3D_bioprint,,,0,1,1,0,1,0,2026-09-26T18:34:13Z,36085440,10.1002/adhm.202201877,2022,Microtissue-Based Bioink as a Chondrocyte Microshelter for DLP Bioprinting.,Advanced healthcare materials
AMBC_Yp94AiPwIbvGfAeMxKr5HR7weRZ,unmodified,[],bulk_hydrogel,"[""bulk_hydrogel""]",auricular,"[""auricular"", ""in_vitro_cartilage""]","[""gelatin""]",[],3D_encapsulation,human,,0,1,1,0,1,0,2026-09-26T18:34:09Z,36105583,10.1016/j.isci.2022.104979,2022,"Human adult, pediatric and microtia auricular cartilage harbor fibronectin-adhering progenitor cells with regenerative ear reconstruction potential",iScience
AMBC_PkSGDNBtKbTib9Ui6kkUKXZslTM,methacrylated,"[""methacrylated""]",bulk_hydrogel,"[""bulk_hydrogel""]",auricular,"[""auricular"", ""in_vivo_repair"", ""in_vitro_cartilage""]","[""GelMA"", ""gelatin""]","[""articular_chondrocyte"", ""adipose_MSC"", ""MSC""]",3D_encapsulation,human,,0,1,1,0,1,0,2026-09-26T18:34:05Z,35346221,10.1186/s12951-022-01352-6,2022,"Congenital microtia patients: the genetically engineered exosomes released from porous gelatin methacryloyl hydrogel for downstream small RNA profiling, functional modulation of microtia chondrocytes and tissue-engineered ear cartilage regeneration",Journal of nanobiotechnology
EPMC_34825099,unmodified,[],3d_printed,"[""3d_printed""]",osteochondral,"[""osteochondral"", ""in_vivo_repair"", ""bioprinting"", ""drug_delivery""]","[""silk_fibrin""]","[""MSC""]",3D_bioprint,rabbit,,0,1,1,0,1,0,2026-09-26T18:34:13Z,34825099,10.18063/ijb.v7i4.401,2021,3D Bioprinting of Biomimetic Bilayered Scaffold Consisting of Decellularized Extracellular Matrix and Silk Fibroin for Osteochondral Repair.,International journal of bioprinting
AMBC_7lShpxDElvQViTMx0SiJRpILcwy,unmodified,[],bulk_hydrogel,"[""bulk_hydrogel""]",osteochondral,"[""osteochondral"", ""in_vivo_repair"", ""in_vitro_cartilage""]","[""HA"", ""chitosan""]",[],3D_encapsulation,murine,,0,1,1,0,1,0,2026-09-26T18:34:09Z,34790057,10.7150/ijms.63401,2021,HA-g-CS Implant and Moderate-intensity Exercise Stimulate Subchondral Bone Remodeling and Promote Repair of Osteochondral Defects in Mice,International journal of medical sciences
AMBC_NTufzUKRWWgLfrlXjdtCJfUg3Te,unmodified,[],fiber,"[""fiber"", ""bilayer""]",osteochondral,"[""osteochondral"", ""in_vivo_repair"", ""in_vitro_cartilage""]",[],"[""adipose_MSC""]",3D_encapsulation,human,,0,1,1,0,1,0,2026-09-26T18:34:09Z,34114736,10.1002/jbm.b.34886,2021,The evaluation of a multiphasic 3D-bioplotted scaffold seeded with adipose derived stem cells to repair osteochondral defects in a porcine model,"Journal of biomedical materials research. Part B, Applied biomaterials"
AMBC_6cVy8qFwniiWbFxc8DwvZwOkTjp,unmodified,[],bulk_hydrogel,"[""bulk_hydrogel""]",osteochondral,"[""osteochondral"", ""in_vivo_repair"", ""in_vitro_cartilage""]","[""collagen""]",[],3D_encapsulation,porcine,,0,1,1,0,1,0,2026-09-26T18:34:09Z,34479610,10.1186/s13036-021-00274-5,2021,The use of a novel deer antler decellularized cartilage-derived matrix scaffold for repair of osteochondral defects,Journal of biological engineering
AMBC_1C84xxrtOhffTWq8hZYlPAloS7g,methacrylated,"[""methacrylated""]",bulk_hydrogel,"[""bulk_hydrogel""]",osteochondral,"[""osteochondral"", ""in_vivo_repair"", ""in_vitro_cartilage""]","[""GelMA"", ""HA"", ""gelatin""]","[""articular_chondrocyte"", ""MSC""]",3D_encapsulation,human,,0,1,1,0,1,0,2026-09-26T18:34:09Z,33798958,10.1016/j.biomaterials.2021.120773,2021,An in vitro chondro-osteo-vascular triphasic model of the osteochondral complex,Biomaterials
AMBC_4Ag4Zvo5fQ6LnmWrMDaiYXkhmOv,unmodified,[],bilayer,"[""bilayer""]",osteochondral,"[""osteochondral"", ""in_vivo_repair"", ""in_vitro_cartilage""]","[""chitosan""]",[],3D_encapsulation,human,,0,1,1,0,1,0,2026-09-26T18:34:09Z,34144057,10.1016/j.lfs.2021.119728,2021,Effects of in vitro low oxygen tension preconditioning of buccal fat pad stem cells on in Vivo articular cartilage tissue repair,Life sciences
AMBC_ZHgqs2DLlJJXEY8CELUPpLN2KxW,methacrylated,"[""methacrylated""]",bulk_hydrogel,"[""bulk_hydrogel""]",osteochondral,"[""osteochondral"", ""in_vitro_cartilage""]","[""GelMA"", ""gelatin""]","[""MSC""]",3D_encapsulation,rabbit,,0,1,1,0,1,0,2026-09-26T18:34:09Z,33894346,10.1016/j.actbio.2021.04.010,2021,A 3D-printed PRP-GelMA hydrogel promotes osteochondral regeneration through M2 macrophage polarization in a rabbit model,Acta biomaterialia
AMBC_Ytq5goVfwIinA0FOgc6Hc84Xwqv,unmodified,[],fiber,"[""fiber""]",osteochondral,"[""osteochondral"", ""in_vitro_cartilage""]",[],[],3D_encapsulation,,,0,1,1,0,1,0,2026-09-26T18:34:09Z,33175667,10.1080/09205063.2020.1849922,2021,"Application of electrospun nanofibers in bone, cartilage and osteochondral tissue engineering",Journal of biomaterials science. Polymer edition
AMBC_9vAQvovCrNqK2SUQhpPt7o5GwEm,unmodified,[],bulk_hydrogel,"[""bulk_hydrogel""]",osteochondral,"[""osteochondral"", ""in_vitro_cartilage""]",[],[],3D_encapsulation,,,0,1,1,0,1,0,2026-09-26T18:34:09Z,34161182,10.1177/03635465211021798,2021,Microfracture Augmentation With Trypsin Pretreatment and Growth Factor-Functionalized Self-assembling Peptide Hydrogel Scaffold in an Equine Model,The American journal of sports medicine
AMBC_PcUz1wp4k91ec6qVWlffxytbt84,unmodified,[],bulk_hydrogel,"[""bulk_hydrogel""]",osteochondral,"[""osteochondral"", ""in_vivo_repair"", ""drug_delivery"", ""in_vitro_cartilage""]","[""collagen""]","[""MSC""]",3D_encapsulation,rabbit,,0,1,1,0,1,0,2026-09-26T18:34:09Z,34774092,10.1186/s13287-021-02638-6,2021,Hydrogel-hydroxyapatite-monomeric collagen type-I scaffold with low-frequency electromagnetic field treatment enhances osteochondral repair in rabbits,Stem cell research & therapy
AMBC_LYhgFKYMqroKJ2ZF3y2LrFMprDj,methacrylated,"[""methacrylated""]",bulk_hydrogel,"[""bulk_hydrogel""]",osteochondral,"[""osteochondral"", ""in_vitro_cartilage""]","[""GelMA"", ""collagen"", ""gelatin""]","[""MSC""]",3D_bioprint,,,0,1,1,0,1,0,2026-09-26T18:34:09Z,33965102,10.1016/j.msec.2021.112092,2021,Patients- and tissue-specific bio-inks with photoactivated PRP and methacrylated gelatin for the fabrication of osteochondral constructs,"Materials science & engineering. C, Materials for biological applications"
AMBC_aviKZsE5V2M9HlZ1q3YvwKqV22,methacrylated,"[""methacrylated""]",bulk_hydrogel,"[""bulk_hydrogel""]",osteochondral,"[""osteochondral"", ""in_vivo_repair"", ""in_vitro_cartilage""]","[""GelMA"", ""collagen"", ""gelatin""]","[""MSC""]",3D_encapsulation,,,0,1,1,0,1,0,2026-09-26T18:34:09Z,33120203,10.1016/j.biomaterials.2020.120385,2021,Bioinspired stratified electrowritten fiber-reinforced hydrogel constructs with layer-specific induction capacity for functional osteochondral regeneration,Biomaterials
AMBC_VWoDeueJShD4pGmGo58HHwox5ZL,unmodified,[],fiber,"[""fiber""]",osteochondral,"[""osteochondral"", ""in_vitro_cartilage""]","[""collagen"", ""chitosan""]","[""articular_chondrocyte""]",3D_encapsulation,rabbit,,0,1,1,0,1,0,2026-09-26T18:34:09Z,33913697,10.1021/acs.biomac.1c00366,2021,Engineering a Highly Biomimetic Chitosan-Based Cartilage Scaffold by Using Short Fibers and a Cartilage-Decellularized Matrix,Biomacromolecules
AMBC_ITfIs33vAoERBoSWYRim2JkRJ8S,methacrylated,"[""methacrylated""]",bilayer,"[""bilayer""]",osteochondral,"[""osteochondral"", ""in_vivo_repair"", ""in_vitro_cartilage""]","[""GelMA"", ""alginate"", ""collagen""]","[""articular_chondrocyte"", ""MSC""]",3D_encapsulation,,,0,1,1,0,1,0,2026-09-26T18:34:09Z,34595487,10.1039/d1tb00518a,2021,Heterogenous hydrogel mimicking the osteochondral ECM applied to tissue regeneration,Journal of materials chemistry. B
AMBC_5cr7a7MteJPWC7IxBYw0YmCT0y5,methacrylated,"[""methacrylated""]",injectable,"[""injectable""]",osteochondral,"[""osteochondral"", ""in_vitro_cartilage""]","[""HA"", ""fibrin""]",[],3D_encapsulation,murine,,0,1,1,0,1,0,2026-09-26T18:34:09Z,33313448,10.1016/j.bioactmat.2020.11.020,2021,Modified hyaluronic acid hydrogels with chemical groups that facilitate adhesion to host tissues enhance cartilage regeneration,Bioactive materials
AMBC_C9EvVWHKFJwgtI7ZxiFjG9IMW9C,unmodified,[],injectable,"[""injectable""]",osteochondral,"[""osteochondral"", ""in_vivo_repair"", ""in_vitro_cartilage""]","[""silk_fibrin""]","[""articular_chondrocyte""]",3D_encapsulation,rabbit,,0,1,1,0,1,0,2026-09-26T18:34:09Z,33353462,10.1089/ten.TEA.2020.0323,2021,Injectable Ultrasonication-Induced Silk Fibroin Hydrogel for Cartilage Repair and Regeneration,Tissue engineering. Part A
AMBC_9JpgMg6UyJgcrwMZ6lsG7u1vNmk,unmodified,[],bulk_hydrogel,"[""bulk_hydrogel""]",osteochondral,"[""osteochondral"", ""in_vivo_repair"", ""in_vitro_cartilage""]","[""fibrin""]",[],3D_encapsulation,,,0,1,1,0,1,0,2026-09-26T18:34:09Z,34239571,10.1155/2021/5583815,2021,Preclinical Testing of New Hydrogel Materials for Cartilage Repair: Overcoming Fixation Issues in a Large Animal Model,International journal of biomaterials
AMBC_BLu50shuf7zrvYJrfaVHKodnwvl,unmodified,[],porous_scaffold,"[""porous_scaffold""]",osteochondral,"[""osteochondral"", ""in_vitro_cartilage""]","[""collagen""]","[""articular_chondrocyte""]",3D_encapsulation,human,,0,1,1,0,1,0,2026-09-26T18:34:04Z,34019604,10.1039/d1bm00239b,2021,Evaluation of osteochondral-like tissues using human freeze-dried cancellous bone and chondrocyte sheets to treat osteochondral defects in rabbits,Biomaterials science
AMBC_WMKVGvHlHJbzYCtFpQPDkDxdV4c,methacrylated,"[""methacrylated""]",bulk_hydrogel,"[""bulk_hydrogel""]",osteochondral,"[""osteochondral"", ""in_vitro_cartilage""]","[""GelMA"", ""collagen"", ""gelatin""]",[],3D_encapsulation,human,,0,1,1,0,1,0,2026-09-26T18:34:04Z,34069458,10.3390/ph14050484,2021,Human Salivary Histatin-1-Functionalized Gelatin Methacrylate Hydrogels Promote the Regeneration of Cartilage and Subchondral Bone in Temporomandibular Joints,"Pharmaceuticals (Basel, Switzerland)"
AMBC_aHE8XcZjmrir2p5tIUShPQHrOpI,unmodified,[],bulk_hydrogel,"[""bulk_hydrogel""]",osteochondral,"[""osteochondral"", ""in_vitro_cartilage""]","[""agarose""]","[""articular_chondrocyte"", ""MSC""]",3D_encapsulation,human,,0,1,1,0,1,0,2026-09-26T18:34:04Z,34440671,10.3390/cells10081903,2021,An In Vitro System to Study the Effect of Subchondral Bone Health on Articular Cartilage Repair in Humans,Cells
AMBC_D1EDz9UuvvMg9VsVu0cOTrEfFaa,unmodified,[],bulk_hydrogel,"[""bulk_hydrogel""]",osteochondral,"[""osteochondral"", ""in_vitro_cartilage""]","[""collagen""]","[""articular_chondrocyte"", ""MSC""]",3D_encapsulation,porcine,,0,1,1,0,1,0,2026-09-26T18:34:04Z,36474989,10.1016/j.ocarto.2021.100173,2021,Ex vivo osteochondral test system with control over cartilage defect depth - A pilot study to investigate the effect of oxygen tension and chondrocyte based treatments in chondral and full thickness defects in an organ model,Osteoarthritis and cartilage open
AMBC_LQVi3259VTXmwLW8b9tPHGdmfOI,photo_LAP,"[""photo_LAP""]",bulk_hydrogel,"[""bulk_hydrogel""]",osteochondral,"[""osteochondral"", ""in_vivo_repair"", ""in_vitro_cartilage""]","[""silk_fibrin""]","[""articular_chondrocyte"", ""MSC""]",3D_encapsulation,rabbit,,0,1,1,0,1,0,2026-09-26T18:34:04Z,34225867,10.1016/j.msec.2021.112215,2021,Enzymatically crosslinked silk-nanosilicate reinforced hydrogel with dual-lineage bioactivity for osteochondral tissue engineering,"Materials science & engineering. C, Materials for biological applications"
AMBC_MhWGGxM36Q7DVT2KucE1Z0BV5FM,methacrylated,"[""methacrylated""]",bilayer,"[""bilayer""]",osteochondral,"[""osteochondral"", ""in_vivo_repair"", ""in_vitro_cartilage""]","[""silk_fibrin""]","[""articular_chondrocyte""]",3D_encapsulation,,TGF_b3,0,1,1,0,1,0,2026-09-26T18:34:04Z,33997487,10.1016/j.bioactmat.2021.04.005,2021,Marginal sealing around integral bilayer scaffolds for repairing osteochondral defects based on photocurable silk hydrogels,Bioactive materials
AMBC_BdLw8QDY4KN0ZgYXRTyM57mYXCT,methacrylated,"[""methacrylated""]",bulk_hydrogel,"[""bulk_hydrogel""]",osteochondral,"[""osteochondral"", ""in_vivo_repair"", ""in_vitro_cartilage""]","[""GelMA"", ""gelatin""]","[""articular_chondrocyte""]",3D_encapsulation,,,0,1,1,0,1,0,2026-09-26T18:34:04Z,33155145,10.1007/s10439-020-02674-y,2021,Regenerative Potential of Mandibular Condyle Cartilage and Bone Cells Compared to Costal Cartilage Cells When Seeded in Novel Gelatin Based Hydrogels,Annals of biomedical engineering
AMBC_2YrzRkCWMbuFy6oBDZepLOeN53d,unmodified,[],bulk_hydrogel,"[""bulk_hydrogel""]",osteochondral,"[""osteochondral"", ""in_vivo_repair"", ""in_vitro_cartilage""]",[],"[""MSC""]",3D_encapsulation,rabbit,,0,1,1,0,1,0,2026-09-26T18:34:04Z,33930575,10.1016/j.actbio.2021.04.038,2021,"Bilayered, peptide-biofunctionalized hydrogels for in vivo osteochondral tissue repair",Acta biomaterialia
AMBC_SLIOse3sAdhRqaly1uG9aJWSr9A,unmodified,[],bulk_hydrogel,"[""bulk_hydrogel""]",osteochondral,"[""osteochondral"", ""in_vivo_repair"", ""in_vitro_cartilage""]","[""HA"", ""collagen"", ""PVA""]","[""articular_chondrocyte""]",3D_encapsulation,,,0,1,1,0,1,0,2026-09-26T18:34:04Z,34406511,10.1007/s10856-021-06577-9,2021,Fabrication and characterization of microstructure-controllable COL-HA-PVA hydrogels for cartilage repair,Journal of materials science. Materials in medicine
AMBC_RoagP9XadUnA8eX17XYdurZIuGl,unmodified,[],porous_scaffold,"[""porous_scaffold""]",osteochondral,"[""osteochondral"", ""in_vitro_cartilage""]","[""HA"", ""alginate"", ""gelatin""]","[""articular_chondrocyte""]",3D_encapsulation,,,0,1,1,0,1,0,2026-09-26T18:34:04Z,34698179,10.3390/gels7040165,2021,In Vitro Evaluation of a Composite Gelatin-Hyaluronic Acid-Alginate Porous Scaffold with Different Pore Distributions for Cartilage Regeneration,"Gels (Basel, Switzerland)"
AMBC_9SuvZSm5NbbOxiBO20PxhkBoWw6,sulfated,"[""sulfated""]",bulk_hydrogel,"[""bulk_hydrogel""]",in_vitro_cartilage,"[""in_vitro_cartilage""]","[""HA"", ""collagen"", ""fibrin""]","[""adipose_MSC"", ""MSC""]",3D_encapsulation,porcine,,0,1,1,0,1,0,2026-09-26T18:34:09Z,34067739,10.3390/biomedicines9050559,2021,Simvastatin Enhances the Chondrogenesis But Not the Osteogenesis of Adipose-Derived Stem Cells in a Hyaluronan Microenvironment,Biomedicines
AMBC_37vt1phJJpco0qKC5JNRAcgSLY2,unmodified,[],bulk_hydrogel,"[""bulk_hydrogel""]",in_vitro_cartilage,"[""in_vitro_cartilage""]","[""collagen""]","[""articular_chondrocyte"", ""adipose_MSC""]",3D_encapsulation,porcine,,0,1,1,0,1,0,2026-09-26T18:34:09Z,33859530,10.7150/ijms.56342,2021,A novel 3D histotypic cartilage construct engineered by supercritical carbon dioxide decellularized porcine nasal cartilage graft and chondrocytes exhibited chondrogenic capability in vitro,International journal of medical sciences
AMBC_BmDUYR7mJvGYvB7HyYxiia0TSwD,methacrylated,"[""methacrylated"", ""enzymatic""]",bulk_hydrogel,"[""bulk_hydrogel""]",in_vitro_cartilage,"[""in_vitro_cartilage""]","[""GelMA"", ""gelatin""]","[""adipose_MSC""]",3D_encapsulation,human,,0,1,1,0,1,0,2026-09-26T18:34:09Z,35047967,10.3389/fmedt.2021.773673,2021,Microbial Transglutaminase Improves ex vivo Adhesion of Gelatin Methacryloyl Hydrogels to Human Cartilage,Frontiers in medical technology
AMBC_AGVbd7bHqphqIgXIZ2yGUNZCUAb,unmodified,[],bulk_hydrogel,"[""bulk_hydrogel""]",in_vitro_cartilage,"[""in_vitro_cartilage""]","[""fibrin""]","[""articular_chondrocyte""]",3D_encapsulation,porcine,,0,1,1,0,1,0,2026-09-26T18:34:09Z,34044473,10.1002/term.3224,2021,Porcine fibrin sealant combined with autologous chondrocytes successfully promotes full-thickness cartilage regeneration in a rabbit model,Journal of tissue engineering and regenerative medicine
AMBC_2h2QFgYtbniTWauC9Ns7gWtitfq,unmodified,[],bulk_hydrogel,"[""bulk_hydrogel""]",in_vitro_cartilage,"[""in_vitro_cartilage""]",[],"[""articular_chondrocyte"", ""MSC"", ""iPSC""]",3D_encapsulation,,,0,1,1,0,1,0,2026-09-26T18:34:09Z,34572145,10.3390/cells10092496,2021,Cell Sources for Cartilage Repair-Biological and Clinical Perspective,Cells
AMBC_OyAKYjIKkQ55PAj26NVrGUPSZnR,unmodified,[],bulk_hydrogel,"[""bulk_hydrogel""]",in_vitro_cartilage,"[""in_vitro_cartilage""]","[""HA""]",[],3D_encapsulation,,,0,1,1,0,1,0,2026-09-26T18:34:09Z,34832205,10.3390/ma14226804,2021,Approximate Optimization Study of Light Curing Waterborne Polyurethane Materials for the Construction of 3D Printed Cytocompatible Cartilage Scaffolds,"Materials (Basel, Switzerland)"
AMBC_A9x7TRkCkewwtpoTW1b8QShiHLo,unmodified,[],bulk_hydrogel,"[""bulk_hydrogel""]",in_vitro_cartilage,"[""in_vitro_cartilage""]","[""chitosan""]","[""ATDC5""]",3D_encapsulation,,,0,1,1,0,1,0,2026-09-26T18:34:09Z,34543778,10.1016/j.colsurfb.2021.112108,2021,3D Printing of dynamic tissue scaffold by combining self-healing hydrogel and self-healing ferrogel,"Colloids and surfaces. B, Biointerfaces"
AMBC_1hnpax1sOhsnHUk5ucP4gM1gx9W,rgd_conjugated,"[""rgd_conjugated""]",bulk_hydrogel,"[""bulk_hydrogel""]",in_vitro_cartilage,"[""in_vitro_cartilage""]",[],[],3D_encapsulation,human,,0,1,1,0,1,0,2026-09-26T18:34:09Z,34976971,10.3389/fbioe.2021.773636,2021,Function and Mechanism of RGD in Bone and Cartilage Tissue Engineering,Frontiers in bioengineering and biotechnology
AMBC_SiDJuF0uC8n1NtnBXCzQuqXNFCs,unmodified,[],fiber,"[""fiber""]",in_vitro_cartilage,"[""in_vitro_cartilage""]",[],"[""articular_chondrocyte""]",3D_encapsulation,,,0,1,1,0,1,0,2026-09-26T18:34:09Z,34374884,10.1007/s10856-021-06565-z,2021,Quercetin modified electrospun PHBV fibrous scaffold enhances cartilage regeneration,Journal of materials science. Materials in medicine
AMBC_2pzm5xsdGH3Xm3hh5FnwyJLyLU8,unmodified,[],monolayer,"[""monolayer""]",in_vitro_cartilage,"[""in_vitro_cartilage""]","[""alginate"", ""collagen""]","[""articular_chondrocyte""]",2D,bovine,,0,1,1,0,1,0,2026-09-26T18:34:09Z,33894352,10.1016/j.actbio.2021.04.008,2021,De novo neo-hyaline-cartilage from bovine organoids in viscoelastic hydrogels,Acta biomaterialia
AMBC_QQwerJ8VZOiBohN1yjuDKRLxEjb,unmodified,[],bulk_hydrogel,"[""bulk_hydrogel""]",in_vitro_cartilage,"[""in_vitro_cartilage""]","[""collagen"", ""agarose""]","[""articular_chondrocyte""]",3D_encapsulation,,,0,1,1,0,1,0,2026-09-26T18:34:09Z,34124013,10.3389/fbioe.2021.591126,2021,Measuring and Modeling Oxygen Transport and Consumption in 3D Hydrogels Containing Chondrocytes and Stem Cells of Different Tissue Origins,Frontiers in bioengineering and biotechnology
AMBC_LsfNoUtnutyIKWCoi4yrDc27PK3,unmodified,[],bulk_hydrogel,"[""bulk_hydrogel""]",in_vitro_cartilage,"[""in_vitro_cartilage""]","[""PVA"", ""cellulose""]",[],3D_encapsulation,,,0,1,1,0,1,0,2026-09-26T18:34:09Z,33499342,10.3390/molecules26030578,2021,Carboxymethyl Cellulose Entrapped in a Poly(vinyl) Alcohol Network: Plant-Based Scaffolds for Cartilage Tissue Engineering,"Molecules (Basel, Switzerland)"
AMBC_6CQ9h8xg7K2m2t3uofa9XVVnK6g,unmodified,[],bulk_hydrogel,"[""bulk_hydrogel""]",in_vitro_cartilage,"[""in_vitro_cartilage""]","[""alginate"", ""chitosan""]",[],3D_encapsulation,,,0,1,1,0,1,0,2026-09-26T18:34:09Z,33682617,10.1080/09205063.2021.1899590,2021,In vitro anti-inflammatory potential of marine macromolecules cross-linked bio-composite scaffold on LPS stimulated RAW 264.7 macrophage cells for cartilage tissue engineering applications,Journal of biomaterials science. Polymer edition
AMBC_FgY0LvnasqSLYEhgWn85foY3Spd,enzymatic,"[""enzymatic""]",bulk_hydrogel,"[""bulk_hydrogel""]",in_vitro_cartilage,"[""in_vitro_cartilage""]","[""HA"", ""collagen""]",[],3D_encapsulation,murine,,0,1,1,0,1,0,2026-09-26T18:34:09Z,33511860,10.1177/1947603521989417,2021,Combination of a Collagen Scaffold and an Adhesive Hyaluronan-Based Hydrogel for Cartilage Regeneration: A Proof of Concept in an Ovine Model,Cartilage
AMBC_TLvqvgOSiSRXzYvkrYTzFDW8qd,methacrylated,"[""methacrylated""]",bulk_hydrogel,"[""bulk_hydrogel""]",in_vitro_cartilage,"[""in_vitro_cartilage""]","[""alginate"", ""collagen""]","[""MSC""]",3D_encapsulation,murine,,0,1,1,0,1,0,2026-09-26T18:34:09Z,34211731,10.1093/rb/rbab019,2021,Mesenchymal stem cells loaded on 3D-printed gradient poly(ε-caprolactone)/methacrylated alginate composite scaffolds for cartilage tissue engineering,Regenerative biomaterials
AMBC_CFNBBE9PDeXWBvlVilvowPN5ZiB,edc_nhs,"[""edc_nhs""]",injectable,"[""injectable""]",in_vitro_cartilage,"[""in_vitro_cartilage""]","[""alginate"", ""gelatin""]",[],3D_encapsulation,,,0,1,1,0,1,0,2026-09-26T18:34:09Z,35479165,10.1039/d1ra02744a,2021,"In vitro study of alginate-gelatin scaffolds incorporated with silica NPs as injectable, biodegradable hydrogels",RSC advances
AMBC_J993uZ9ncb9xOhS7CVnSNQjXfSj,unmodified,[],bulk_hydrogel,"[""bulk_hydrogel""]",in_vitro_cartilage,"[""in_vitro_cartilage""]","[""chitosan"", ""silk_fibrin"", ""gelatin""]","[""articular_chondrocyte""]",3D_encapsulation,human,,0,1,1,0,1,0,2026-09-26T18:34:09Z,34474836,10.1016/j.msec.2021.112285,2021,Fabrication of a novel 3D scaffold for cartilage tissue repair: In-vitro and in-vivo study,"Materials science & engineering. C, Materials for biological applications"
AMBC_QNEZf4VYuR4kl0P29TtcTDS3eYn,oxidized,"[""oxidized"", ""edc_nhs""]",injectable,"[""injectable""]",in_vitro_cartilage,"[""in_vitro_cartilage""]","[""alginate"", ""gelatin""]",[],3D_encapsulation,,,0,1,1,0,1,0,2026-09-26T18:34:09Z,35480940,10.1039/d1ra01496j,2021,Thermosensitive alginate-gelatin-nitrogen-doped carbon dots scaffolds as potential injectable hydrogels for cartilage tissue engineering applications,RSC advances
AMBC_MtGpr2wPbF7tJGtdEbPwmPGVKAh,unmodified,[],bulk_hydrogel,"[""bulk_hydrogel""]",in_vitro_cartilage,"[""in_vitro_cartilage""]","[""HA""]",[],3D_encapsulation,,,0,1,1,0,1,0,2026-09-26T18:34:09Z,34683894,10.3390/pharmaceutics13101602,2021,The Effects of a Short Self-Assembling Peptide on the Physical and Biological Properties of Biopolymer Hydrogels,Pharmaceutics
AMBC_19wp8DaSfkvtOPr0xCNE6H1XpUo,unmodified,[],injectable,"[""injectable""]",in_vitro_cartilage,"[""in_vitro_cartilage""]","[""HA""]","[""articular_chondrocyte""]",3D_encapsulation,rabbit,,0,1,1,0,1,0,2026-09-26T18:34:09Z,34726686,10.1039/d1tb02030g,2021,A smart injectable composite hydrogel with magnetic navigation and controlled glutathione release for promoting in situ chondrocyte array and self-healing in damaged cartilage tissue,Journal of materials chemistry. B
AMBC_SJozmZmlkEvOX2iGMFAUjNBAeVb,tyramine,"[""tyramine""]",bulk_hydrogel,"[""bulk_hydrogel""]",in_vitro_cartilage,"[""in_vitro_cartilage""]","[""silk_fibrin"", ""gelatin""]",[],3D_encapsulation,human,,0,1,1,0,1,0,2026-09-26T18:34:09Z,33842736,10.1016/j.bioactmat.2021.03.013,2021,3D printed silk-gelatin hydrogel scaffold with different porous structure and cell seeding strategy for cartilage regeneration,Bioactive materials
AMBC_Zsc4WI6dJNmnOyknAeOzardvrFO,unmodified,[],bulk_hydrogel,"[""bulk_hydrogel""]",in_vitro_cartilage,"[""in_vitro_cartilage""]","[""HA""]","[""articular_chondrocyte""]",3D_encapsulation,,,0,1,1,0,1,0,2026-09-26T18:34:09Z,33738988,10.1002/adhm.202100315,2021,Stabilization of Damaged Articular Cartilage with Hydrogel-Mediated Reinforcement and Sealing,Advanced healthcare materials
AMBC_73IqHGP6Oxh4yAhRN4G9M8T3wUq,unmodified,[],bulk_hydrogel,"[""bulk_hydrogel""]",in_vitro_cartilage,"[""in_vitro_cartilage""]","[""chitosan""]","[""articular_chondrocyte""]",3D_encapsulation,,,0,1,1,0,1,0,2026-09-26T18:34:09Z,32803848,10.1002/adhm.202001018,2021,A Biomimetic Nano-Engineered Platform for Functional Tissue Engineering of Cartilage Superficial Zone,Advanced healthcare materials
AMBC_2HfRUPRBL7C60RIpGZNA42Sv2Yj,unmodified,[],bulk_hydrogel,"[""bulk_hydrogel""]",in_vitro_cartilage,"[""in_vitro_cartilage""]","[""PVA""]",[],3D_encapsulation,,,0,1,1,0,1,0,2026-09-26T18:34:09Z,34272821,10.1002/mabi.202100147,2021,PVA-Based Hydrogels: Promising Candidates for Articular Cartilage Repair,Macromolecular bioscience
AMBC_N1MBYBOrIHzX7eVAyarspYjaaRp,unmodified,[],bulk_hydrogel,"[""bulk_hydrogel""]",in_vitro_cartilage,"[""in_vitro_cartilage""]","[""collagen""]","[""articular_chondrocyte""]",3D_encapsulation,,,0,1,1,0,1,0,2026-09-26T18:34:09Z,34245894,10.1016/j.actbio.2021.07.007,2021,Stimuli-responsive biphenyl-tripeptide supramolecular hydrogels as biomimetic extracellular matrix scaffolds for cartilage tissue engineering,Acta biomaterialia
AMBC_1h90QmhWG7u0vl8MvUUiKiNnJXW,unmodified,[],bulk_hydrogel,"[""bulk_hydrogel""]",in_vitro_cartilage,"[""in_vitro_cartilage""]",[],"[""MSC""]",3D_encapsulation,,,0,1,1,0,1,0,2026-09-26T18:34:09Z,33212107,10.1016/j.ijbiomac.2020.11.105,2021,Biomimetic poly(γ-glutamic acid) hydrogels based on iron (III) ligand coordination for cartilage tissue engineering,International journal of biological macromolecules
AMBC_MOn2i6nd8z6sit3YjFkbjGjOrSf,unmodified,[],3d_printed,"[""3d_printed""]",in_vitro_cartilage,"[""in_vitro_cartilage""]","[""collagen""]","[""articular_chondrocyte""]",3D_bioprint,human,,0,1,1,0,1,0,2026-09-26T18:34:09Z,33595884,10.1096/fj.202002081R,2021,Bioprinting of human nasoseptal chondrocytes-laden collagen hydrogel for cartilage tissue engineering,FASEB journal : official publication of the Federation of American Societies for Experimental Biology
AMBC_PGZmwW03beVLoGkEnr85SJVFu7a,unmodified,[],microsphere,"[""microsphere"", ""injectable""]",in_vitro_cartilage,"[""in_vitro_cartilage""]","[""chitosan""]",[],3D_encapsulation,human,,0,1,1,0,1,0,2026-09-26T18:34:09Z,33784250,10.1088/1748-605X/abed97,2021,Fabrication and characterization of an injectable reinforced composite scaffold for cartilage tissue engineering: an in vitro study,"Biomedical materials (Bristol, England)"
AMBC_58nhqM5ZBYEogIdV06qtGK2WEbN,unmodified,[],bulk_hydrogel,"[""bulk_hydrogel""]",in_vitro_cartilage,"[""in_vitro_cartilage""]","[""alginate"", ""collagen"", ""chitosan""]","[""articular_chondrocyte""]",3D_encapsulation,human,,0,1,1,0,1,0,2026-09-26T18:34:09Z,34502249,10.3390/ijms22179341,2021,Anisotropic Chitosan Scaffolds Generated by Electrostatic Flocking Combined with Alginate Hydrogel Support Chondrogenic Differentiation,International journal of molecular sciences
AMBC_IS8eH22aFyQnGWpe3zWerymrCGX,norbornene,"[""norbornene""]",bulk_hydrogel,"[""bulk_hydrogel""]",in_vitro_cartilage,"[""in_vitro_cartilage""]","[""HA"", ""collagen""]","[""MSC""]",3D_encapsulation,,,0,1,1,0,1,0,2026-09-26T18:34:09Z,34788748,10.1088/1758-5090/ac3acb,2021,Fabrication of MSC-laden composites of hyaluronic acid hydrogels reinforced with MEW scaffolds for cartilage repair,Biofabrication
AMBC_PbtI5BWCBMkhVL9VtWJwaAxHThM,methacrylated,"[""methacrylated""]",bulk_hydrogel,"[""bulk_hydrogel""]",in_vitro_cartilage,"[""in_vitro_cartilage""]","[""HA"", ""cellulose""]","[""MSC""]",3D_encapsulation,,,0,1,1,0,1,0,2026-09-26T18:34:09Z,34723499,10.1021/acs.biomac.1c01063,2021,In Situ Forming Cellulose Nanofibril-Reinforced Hyaluronic Acid Hydrogel for Cartilage Regeneration,Biomacromolecules
AMBC_2j6NnWw3YbY1McXQX9UiPK4S8ur,unmodified,[],bulk_hydrogel,"[""bulk_hydrogel""]",in_vitro_cartilage,"[""in_vitro_cartilage""]","[""gellan""]","[""articular_chondrocyte""]",3D_encapsulation,,,0,1,1,0,1,0,2026-09-26T18:34:09Z,34388313,10.1002/term.3237,2021,Preparation and evaluation of gellan gum hydrogel reinforced with silk fibers with enhanced mechanical and biological properties for cartilage tissue engineering,Journal of tissue engineering and regenerative medicine
AMBC_ZHPMsMV3s8cCkDQpNyYEABWcvpt,norbornene,"[""norbornene""]",3d_printed,"[""3d_printed""]",in_vitro_cartilage,"[""in_vitro_cartilage""]","[""alginate"", ""collagen""]","[""articular_chondrocyte"", ""MSC""]",3D_bioprint,human,,0,1,1,0,1,0,2026-09-26T18:34:09Z,34507313,10.1088/1748-605X/ac2595,2021,"Long-term stability, high strength, and 3D printable alginate hydrogel for cartilage tissue engineering application","Biomedical materials (Bristol, England)"
AMBC_EqbZSzTbizWFeygNGKfYDxXMioj,sulfated,"[""sulfated""]",bulk_hydrogel,"[""bulk_hydrogel""]",in_vitro_cartilage,"[""in_vitro_cartilage""]",[],[],3D_encapsulation,,,0,1,1,0,1,0,2026-09-26T18:34:09Z,34364592,10.1016/j.carbpol.2021.118330,2021,Gradient chondroitin sulfate/poly (γ-glutamic acid) hydrogels inducing differentiation of stem cells for cartilage tissue engineering,Carbohydrate polymers
AMBC_IdaDBTKnIlqXwX5g2C6j9i1vFZY,unmodified,[],injectable,"[""injectable""]",in_vitro_cartilage,"[""in_vitro_cartilage""]",[],[],3D_encapsulation,human,,0,1,1,0,1,0,2026-09-26T18:34:09Z,33466543,10.3390/ma14010235,2021,Applications of Hydrogel with Special Physical Properties in Bone and Cartilage Regeneration,"Materials (Basel, Switzerland)"
AMBC_Rdj8ePP0DOQMyPDAgbIKZz01MIr,sulfated,"[""sulfated"", ""dopamine""]",bulk_hydrogel,"[""bulk_hydrogel""]",in_vitro_cartilage,"[""in_vitro_cartilage""]",[],"[""adipose_MSC"", ""MSC""]",3D_encapsulation,human,,0,1,1,0,1,0,2026-09-26T18:34:09Z,33538598,10.1021/acsbiomaterials.0c01414,2021,Tissue-Adhesive Chondroitin Sulfate Hydrogel for Cartilage Reconstruction,ACS biomaterials science & engineering
AMBC_1vTtYBe7sndGU3wyVcwaoJg4nyd,unmodified,[],ipn,"[""ipn"", ""injectable""]",in_vitro_cartilage,"[""in_vitro_cartilage""]","[""alginate"", ""collagen"", ""silk_fibrin""]",[],3D_encapsulation,,,0,1,1,0,1,0,2026-09-26T18:34:09Z,34121491,10.1177/08853282211024020,2021,Alginate/cartilage extracellular matrix-based injectable interpenetrating polymer network hydrogel for cartilage tissue engineering,Journal of biomaterials applications
AMBC_DNr9Sc5V38J5pW4SQTC8TtTYEa8,unmodified,[],bulk_hydrogel,"[""bulk_hydrogel""]",in_vitro_cartilage,"[""in_vitro_cartilage""]","[""collagen""]","[""articular_chondrocyte""]",3D_encapsulation,,,0,1,1,0,1,0,2026-09-26T18:34:05Z,34805821,10.1016/j.mbplus.2021.100088,2021,Runx2 is required for hypertrophic chondrocyte mediated degradation of cartilage matrix during endochondral ossification,Matrix biology plus
AMBC_HRyA54AMoyNnd3ypMgJKWUFZIHW,unmodified,[],bulk_hydrogel,"[""bulk_hydrogel""]",in_vitro_cartilage,"[""in_vitro_cartilage""]",[],"[""articular_chondrocyte""]",3D_encapsulation,murine,,0,1,1,0,1,0,2026-09-26T18:34:05Z,34948015,10.3390/ijms222413220,2021,Restraint upon Embryonic Metatarsal Ex Vivo Growth by Hydrogel Reveals Interaction between Quasi-Static Load and the mTOR Pathway,International journal of molecular sciences
AMBC_WIqxACSTPi810hX3Yj19f7ngb30,methacrylated,"[""methacrylated""]",bulk_hydrogel,"[""bulk_hydrogel""]",in_vitro_cartilage,"[""in_vitro_cartilage""]","[""alginate""]","[""MSC""]",3D_encapsulation,human,,0,1,1,0,1,0,2026-09-26T18:34:05Z,34563721,10.1016/j.actbio.2021.09.032,2021,Reversible dynamic mechanics of hydrogels for regulation of cellular behavior,Acta biomaterialia
AMBC_TEJX23KP2G1OxHPR3RyjqjD0VLE,unmodified,[],bulk_hydrogel,"[""bulk_hydrogel""]",in_vitro_cartilage,"[""in_vitro_cartilage""]","[""collagen""]","[""articular_chondrocyte""]",3D_encapsulation,human,,0,1,1,0,1,0,2026-09-26T18:34:05Z,33806983,10.3390/ph14030286,2021,"In Vitro Effects of Low Doses of β-Caryophyllene, Ascorbic Acid and d-Glucosamine on Human Chondrocyte Viability and Inflammation","Pharmaceuticals (Basel, Switzerland)"
AMBC_Tr0NlaeOz5zNvV942wAfIVRzGE5,unmodified,[],ipn,"[""ipn""]",in_vitro_cartilage,"[""in_vitro_cartilage""]","[""PEG"", ""gelatin"", ""cellulose""]",[],3D_encapsulation,,,0,1,1,0,1,0,2026-09-26T18:34:04Z,34940337,10.3390/gels7040277,2021,Degradation-Dependent Stress Relaxing Semi-Interpenetrating Networks of Hydroxyethyl Cellulose in Gelatin-PEG Hydrogel with Good Mechanical Stability and Reversibility,"Gels (Basel, Switzerland)"
AMBC_X2E4JxrrPwUIYTA0hwH8qpU7TVf,unmodified,[],bulk_hydrogel,"[""bulk_hydrogel""]",in_vitro_cartilage,"[""in_vitro_cartilage""]","[""PEG"", ""cellulose""]","[""MSC""]",3D_encapsulation,murine,,0,1,1,0,1,0,2026-09-26T18:34:04Z,33670932,10.3390/nano11030603,2021,Nanocellulose/PEGDA Aerogels with Tunable Poisson's Ratio Fabricated by Stereolithography for Mouse Bone Marrow Mesenchymal Stem Cell Culture,"Nanomaterials (Basel, Switzerland)"
AMBC_89aOIJDTC1iSR1Rn83n2vddI8AR,unmodified,[],bulk_hydrogel,"[""bulk_hydrogel""]",in_vitro_cartilage,"[""in_vitro_cartilage""]","[""alginate""]","[""adipose_MSC""]",3D_encapsulation,,,0,1,1,0,1,0,2026-09-26T18:34:04Z,34224296,10.1080/21623945.2021.1945210,2021,Hypoxic ADSCs-derived EVs promote the proliferation and chondrogenic differentiation of cartilage stem/progenitor cells,Adipocyte
AMBC_CVENEz5wPsdX4Xm10KWCvclfPt0,unmodified,[],3d_printed,"[""3d_printed""]",in_vitro_cartilage,"[""in_vitro_cartilage""]","[""alginate"", ""chitosan""]",[],3D_bioprint,,,0,1,1,0,1,0,2026-09-26T18:34:04Z,34572410,10.3390/biomedicines9091224,2021,3D Printing of Polysaccharide-Based Self-Healing Hydrogel Reinforced with Alginate for Secondary Cross-Linking,Biomedicines
AMBC_XFaCziYiB86VzX7qqBzJ2vIOpax,unmodified,[],bulk_hydrogel,"[""bulk_hydrogel""]",in_vitro_cartilage,"[""in_vitro_cartilage""]","[""PEG"", ""gellan""]",[],3D_encapsulation,human,,0,1,1,0,1,0,2026-09-26T18:34:04Z,33467142,10.3390/ma14020428,2021,Wear Behavior Characterization of Hydrogels Constructs for Cartilage Tissue Replacement,"Materials (Basel, Switzerland)"
AMBC_BjXTcxk4ZP0bAvVXpFnfJMj8dwX,unmodified,[],bulk_hydrogel,"[""bulk_hydrogel""]",in_vitro_cartilage,"[""in_vitro_cartilage""]","[""alginate""]",[],3D_encapsulation,,,0,1,1,0,1,0,2026-09-26T18:34:04Z,34583753,10.1186/s13104-021-05795-2,2021,Fabrication of alginate-based hydrogel cross-linked via horseradish peroxidase for articular cartilage engineering,BMC research notes
AMBC_F3HbOVIDs1JfyH5RqBGda9Iu1wZ,unmodified,[],bulk_hydrogel,"[""bulk_hydrogel""]",in_vitro_cartilage,"[""in_vitro_cartilage""]","[""alginate""]","[""articular_chondrocyte""]",3D_encapsulation,,,0,1,1,0,1,0,2026-09-26T18:34:04Z,33821331,10.1007/s10544-021-00561-4,2021,3D printed alginate bead generator for high-throughput cell culture,Biomedical microdevices
AMBC_CDmuM1VbMDTsWn7f3nHvTqCF5j2,unmodified,[],bulk_hydrogel,"[""bulk_hydrogel""]",in_vitro_cartilage,"[""in_vitro_cartilage""]","[""collagen"", ""fibrin""]","[""articular_chondrocyte"", ""MSC""]",3D_encapsulation,human,,0,1,1,0,1,0,2026-09-26T18:34:04Z,34198021,10.1016/j.jbiomech.2021.110580,2021,Effects of chondrogenic priming duration on mechanoregulation of engineered cartilage,Journal of biomechanics
AMBC_143DRVJpZPF8vLdX6QOki8rUJAm,sulfated,"[""sulfated""]",bulk_hydrogel,"[""bulk_hydrogel""]",in_vitro_cartilage,"[""in_vitro_cartilage""]","[""HA"", ""collagen""]","[""articular_chondrocyte"", ""MSC""]",3D_encapsulation,,,0,1,1,0,1,0,2026-09-26T18:34:04Z,33912558,10.3389/fcell.2021.641529,2021,Timely Supplementation of Hydrogels Containing Sulfated or Unsulfated Chondroitin and Hyaluronic Acid Affects Mesenchymal Stromal Cells Commitment Toward Chondrogenic Differentiation,Frontiers in cell and developmental biology
AMBC_UJlmTGVBHslTGsFfBuYx3PWx89U,sulfated,"[""sulfated""]",bulk_hydrogel,"[""bulk_hydrogel""]",in_vitro_cartilage,"[""in_vitro_cartilage""]","[""collagen""]","[""articular_chondrocyte""]",3D_encapsulation,,,0,1,1,0,1,0,2026-09-26T18:34:04Z,33738966,10.1002/adhm.202002030,2021,Mechanobiological Interactions between Dynamic Compressive Loading and Viscoelasticity on Chondrocytes in Hydrazone Covalent Adaptable Networks for Cartilage Tissue Engineering,Advanced healthcare materials
AMBC_XRrhHIxSsH6jWpBfX4e1Ai64dmE,norbornene,"[""norbornene"", ""click""]",bulk_hydrogel,"[""bulk_hydrogel""]",in_vitro_cartilage,"[""in_vitro_cartilage""]","[""PEG""]","[""MSC""]",3D_encapsulation,human,,0,1,1,0,1,0,2026-09-26T18:34:04Z,33842448,10.3389/fbioe.2021.653509,2021,3D Silk Fiber Construct Embedded Dual-Layer PEG Hydrogel for Articular Cartilage Repair - In vitro Assessment,Frontiers in bioengineering and biotechnology
AMBC_7DVzR94NmCkIH4YVhiAioe95mtJ,unmodified,[],bulk_hydrogel,"[""bulk_hydrogel""]",in_vitro_cartilage,"[""in_vitro_cartilage""]",[],"[""articular_chondrocyte""]",3D_encapsulation,,,0,1,1,0,1,0,2026-09-26T18:34:04Z,33000980,10.1177/0022034520960118,2021,Effect of Biomechanical Environment on Degeneration of Meckel's Cartilage,Journal of dental research
AMBC_TlFsU2vOg3RkiGCHuXDCaHf7jtf,unmodified,[],bulk_hydrogel,"[""bulk_hydrogel""]",in_vitro_cartilage,"[""in_vitro_cartilage""]","[""collagen""]","[""adipose_MSC"", ""MSC""]",3D_encapsulation,human,,0,1,1,0,1,0,2026-09-26T18:34:04Z,33588910,10.1186/s13036-021-00257-6,2021,Novel hybrid polyester-polyacrylate hydrogels enriched with platelet-derived growth factor for chondrogenic differentiation of adipose-derived mesenchymal stem cells in vitro,Journal of biological engineering
AMBC_OncWHhltiPEwzeJzwAHBxMZGL4D,unmodified,[],bulk_hydrogel,"[""bulk_hydrogel""]",in_vitro_cartilage,"[""in_vitro_cartilage""]","[""collagen""]","[""articular_chondrocyte"", ""MSC""]",3D_encapsulation,human,,0,1,1,0,1,0,2026-09-26T18:34:04Z,34581616,10.1177/19476035211047627,2021,Controlled Differentiation of Mesenchymal Stem Cells into Hyaline Cartilage in miR-140-Activated Collagen Hydrogel,Cartilage
AMBC_1QugLZkba7s1fw7yikRLpzQZlPD,unmodified,[],bulk_hydrogel,"[""bulk_hydrogel""]",in_vitro_cartilage,"[""in_vitro_cartilage""]","[""agarose""]","[""articular_chondrocyte""]",3D_encapsulation,bovine,,0,1,1,0,1,0,2026-09-26T18:34:04Z,34577741,10.3390/mi12091098,2021,Dielectrophoretic Micro-Organization of Chondrocytes to Regenerate Mechanically Anisotropic Cartilaginous Tissue,Micromachines
AMBC_ZFdsNEY3somX5IIMTjeah9c2eRx,tyramine,"[""tyramine""]",injectable,"[""injectable""]",in_vitro_cartilage,"[""in_vitro_cartilage""]","[""HA"", ""dextran""]","[""articular_chondrocyte""]",3D_encapsulation,,,0,1,1,0,1,0,2026-09-26T18:34:04Z,34068542,10.3390/polym13091526,2021,Engineering of Optimized Hydrogel Formulations for Cartilage Repair,Polymers
AMBC_JsDNfiodaCSljiumYc7UzdjmBR3,unmodified,[],bulk_hydrogel,"[""bulk_hydrogel""]",in_vitro_cartilage,"[""in_vitro_cartilage""]","[""gelatin""]","[""articular_chondrocyte""]",3D_encapsulation,,,0,1,1,0,1,0,2026-09-26T18:34:04Z,34806889,10.1021/acs.langmuir.1c02080,2021,Squarate Cross-Linked Gelatin Hydrogels as Three-Dimensional Scaffolds for Biomedical Applications,Langmuir : the ACS journal of surfaces and colloids
AMBC_Is2wiR7yQRNuV6JGVNVQ6A8aZ28,unmodified,[],bulk_hydrogel,"[""bulk_hydrogel""]",in_vitro_cartilage,"[""in_vitro_cartilage""]","[""alginate"", ""collagen""]","[""articular_chondrocyte"", ""MSC""]",3D_encapsulation,human,,0,1,1,0,1,0,2026-09-26T18:34:04Z,34074175,10.1177/08853282211021692,2021,Phenolated alginate-collagen hydrogel induced chondrogenic capacity of human amniotic mesenchymal stem cells,Journal of biomaterials applications
AMBC_oCn6CkJq5DWhI3iARMjKGTDTj2,unmodified,[],injectable,"[""injectable""]",in_vitro_cartilage,"[""in_vitro_cartilage""]","[""alginate"", ""collagen"", ""agarose""]","[""articular_chondrocyte""]",3D_encapsulation,human,,0,1,1,0,1,0,2026-09-26T18:34:04Z,34176372,10.1080/10717544.2021.1938752,2021,Thermo-responsive injectable naringin-loaded hydrogel polymerised sodium alginate/bioglass delivery for articular cartilage,Drug delivery
AMBC_6w06OM1Jj2EPvN4LKk2bs4YzKOe,tyramine,"[""tyramine""]",bulk_hydrogel,"[""bulk_hydrogel""]",in_vitro_cartilage,"[""in_vitro_cartilage""]","[""HA"", ""silk_fibrin""]","[""articular_chondrocyte""]",3D_encapsulation,human,,0,1,1,0,1,0,2026-09-26T18:34:04Z,33807323,10.3390/ijms22073635,2021,Silk Fiber-Reinforced Hyaluronic Acid-Based Hydrogel for Cartilage Tissue Engineering,International journal of molecular sciences
AMBC_D8fxD3FNUzhsGnj69qoSK0EQq04,unmodified,[],bulk_hydrogel,"[""bulk_hydrogel""]",in_vitro_cartilage,"[""in_vitro_cartilage""]","[""alginate""]","[""articular_chondrocyte""]",3D_encapsulation,,,0,1,1,0,1,0,2026-09-26T18:34:04Z,33486954,10.1021/acs.biomac.0c01488,2021,Metformin Hydrochloride Encapsulation by Alginate Strontium Hydrogel for Cartilage Regeneration by Reliving Cellular Senescence,Biomacromolecules
AMBC_Pxnol5kBdghKlQ1VHi4Fl8gr53G,unmodified,[],bulk_hydrogel,"[""bulk_hydrogel""]",in_vitro_cartilage,"[""in_vitro_cartilage""]","[""alginate"", ""collagen"", ""agarose""]","[""articular_chondrocyte"", ""MSC""]",3D_encapsulation,human,,0,1,1,0,1,0,2026-09-26T18:34:04Z,34356898,10.3390/biomedicines9070834,2021,Alginate-Agarose Hydrogels Improve the In Vitro Differentiation of Human Dental Pulp Stem Cells in Chondrocytes. A Histological Study,Biomedicines
AMBC_4dDVgc7R3iqBXnuHnxl19jn4bm4,unmodified,[],bulk_hydrogel,"[""bulk_hydrogel""]",in_vitro_cartilage,"[""in_vitro_cartilage""]","[""PEG""]","[""articular_chondrocyte""]",3D_encapsulation,human,,0,1,1,0,1,0,2026-09-26T18:34:04Z,34109952,10.1039/d1bm00413a,2021,Dynamic loading enhances chondrogenesis of human chondrocytes within a biodegradable resilient hydrogel,Biomaterials science
AMBC_KcYeayYUUpbQrvdwcFNo48XjQRM,unmodified,[],ipn,"[""ipn""]",in_vitro_cartilage,"[""in_vitro_cartilage""]","[""chitosan"", ""cellulose""]","[""articular_chondrocyte""]",3D_encapsulation,human,,0,1,1,0,1,0,2026-09-26T18:34:04Z,34761897,10.1021/acsbiomaterials.1c01120,2021,Mechanical Integrity in a Dynamic Interpenetrating Hydrogel Network of Supramolecular Peptide-Polysaccharide Supports Enhanced Chondrogenesis,ACS biomaterials science & engineering
AMBC_KXXGuRwAmhfZHiibT8e5EwvQGSv,unmodified,[],bulk_hydrogel,"[""bulk_hydrogel""]",in_vitro_cartilage,"[""in_vitro_cartilage""]","[""agarose""]","[""articular_chondrocyte""]",3D_encapsulation,,,0,1,1,0,1,0,2026-09-26T18:34:04Z,33972989,10.1115/1.4051116,2021,A Novel In Vitro and In Silico System for Analyzing Complex Mechanobiological Behavior of Chondrocytes in Three-Dimensional Hydrogel Constructs,Journal of biomechanical engineering
AMBC_Ux918mH3PnGwfKZufT7GAYD7tmJ,unmodified,[],bulk_hydrogel,"[""bulk_hydrogel""]",in_vitro_cartilage,"[""in_vitro_cartilage""]","[""HA"", ""alginate""]","[""articular_chondrocyte""]",3D_encapsulation,,,0,1,1,0,1,0,2026-09-26T18:34:04Z,33718672,10.1016/j.bioactmat.2021.02.018,2021,Three-dimensional (3D) hydrogel serves as a platform to identify potential markers of chondrocyte dedifferentiation by combining RNA sequencing,Bioactive materials
EPMC_34301107,unmodified,[],3d_printed,"[""3d_printed""]",bioprinting,"[""bioprinting""]",[],"[""MSC""]",3D_bioprint,porcine,,0,1,1,0,1,0,2026-09-26T18:34:14Z,34301107,10.3390/polym13142350,2021,Bioprintable Lung Extracellular Matrix Hydrogel Scaffolds for 3D Culture of Mesenchymal Stromal Cells.,Polymers
AMBC_UsQ0X1SePffuOzjbWselGX3gMG5,unmodified,[],3d_printed,"[""3d_printed""]",bioprinting,"[""bioprinting"", ""in_vitro_cartilage""]",[],[],3D_bioprint,human,,0,1,1,0,1,0,2026-09-26T18:34:09Z,33921417,10.3390/ijms22083971,2021,"3D Bioprinting of Human Tissues: Biofabrication, Bioinks, and Bioreactors",International journal of molecular sciences
AMBC_7m9MBxYRKBWN5ezJn0Tz0v9Ismo,norbornene,"[""norbornene"", ""thiolated"", ""genipin""]",3d_printed,"[""3d_printed""]",bioprinting,"[""bioprinting"", ""in_vitro_cartilage""]","[""PVA""]",[],3D_bioprint,,,0,1,1,0,1,0,2026-09-26T18:34:09Z,33918892,10.3390/ijms22083901,2021,Bioprinting Via a Dual-Gel Bioink Based on Poly(Vinyl Alcohol) and Solubilized Extracellular Matrix towards Cartilage Engineering,International journal of molecular sciences
AMBC_CV0rCzzGh1tJ2wkXvf8CzY3diBO,methacrylated,"[""methacrylated""]",3d_printed,"[""3d_printed""]",bioprinting,"[""bioprinting"", ""in_vitro_cartilage""]",[],"[""articular_chondrocyte""]",3D_bioprint,,,0,1,1,0,1,0,2026-09-26T18:34:09Z,34348252,10.1088/1748-605X/ac1ab4,2021,Modified mannan for 3D bioprinting: a potential novel bioink for tissue engineering,"Biomedical materials (Bristol, England)"
AMBC_KjFUJeNWl6VEoXCsTYwks6FHeLA,unmodified,[],3d_printed,"[""3d_printed""]",bioprinting,"[""bioprinting"", ""in_vitro_cartilage""]","[""HA"", ""chitosan"", ""gelatin"", ""cellulose""]",[],3D_bioprint,,,0,1,1,0,1,0,2026-09-26T18:34:09Z,33869899,10.1016/j.bioactmat.2021.03.019,2021,"A structure-supporting, self-healing, and high permeating hydrogel bioink for establishment of diverse homogeneous tissue-like constructs",Bioactive materials
AMBC_2ATpTKaZFfUhwYNbygB8Oa0XnaG,unmodified,[],3d_printed,"[""3d_printed""]",bioprinting,"[""bioprinting"", ""in_vitro_cartilage""]",[],[],3D_bioprint,,,0,1,1,0,1,0,2026-09-26T18:34:09Z,33185203,10.1039/d0bm00973c,2021,Recent progress in extrusion 3D bioprinting of hydrogel biomaterials for tissue regeneration: a comprehensive review with focus on advanced fabrication techniques,Biomaterials science
AMBC_F7VOZeIbbaNBeqnYSvFLbJoK6Bc,methacrylated,"[""methacrylated"", ""photo_I2959""]",3d_printed,"[""3d_printed""]",bioprinting,"[""bioprinting"", ""in_vitro_cartilage""]","[""GelMA"", ""gelatin""]","[""articular_chondrocyte""]",3D_bioprint,,,0,1,1,0,1,0,2026-09-26T18:34:04Z,33729714,10.1002/mabi.202000401,2021,Tuning the Phenotype of Cartilage Tissue Mimics by Varying Spheroid Maturation and Methacrylamide-Modified Gelatin Hydrogel Characteristics,Macromolecular bioscience
EPMC_34549884,unmodified,[],bulk_hydrogel,"[""bulk_hydrogel""]",auricular,"[""auricular"", ""in_vivo_repair"", ""in_vitro_cartilage""]","[""HA"", ""gelatin""]","[""articular_chondrocyte"", ""auricular_chondrocyte""]",3D_encapsulation,,,0,1,1,0,1,0,2026-09-26T18:34:14Z,34549884,10.1002/jbm.b.34940,2021,In vivo efficacy of 3D-printed elastin-gelatin-hyaluronic acid scaffolds for regeneration of nasal septal cartilage defects.,"Journal of biomedical materials research. Part B, Applied biomaterials"
EPMC_34440186,unmodified,[],bulk_hydrogel,"[""bulk_hydrogel""]",auricular,"[""auricular"", ""in_vivo_repair"", ""in_vitro_cartilage""]","[""collagen"", ""fibrin""]","[""adipose_MSC""]",3D_encapsulation,human,,0,1,1,0,1,0,2026-09-26T18:34:14Z,34440186,10.3390/biomedicines9080982,2021,Differentiation Behaviour of Adipose-Derived Stromal Cells (ASCs) Seeded on Polyurethane-Fibrin Scaffolds In Vitro and In Vivo.,Biomedicines
EPMC_34636646,unmodified,[],bulk_hydrogel,"[""bulk_hydrogel""]",auricular,"[""auricular"", ""in_vivo_repair"", ""in_vitro_cartilage""]","[""collagen""]","[""articular_chondrocyte"", ""auricular_chondrocyte""]",3D_encapsulation,bovine,,0,1,1,0,1,0,2026-09-26T18:34:14Z,34636646,10.1177/19476035211049556,2021,Three-Dimensional-Printed External Scaffolds Mitigate Loss of Volume and Topography in Engineered Elastic Cartilage Constructs.,Cartilage
AMBC_ItsOpDoPa461Cm4G8imf86P1MwA,methacrylated,"[""methacrylated""]",3d_printed,"[""3d_printed""]",auricular,"[""auricular"", ""in_vitro_cartilage""]","[""GelMA"", ""gelatin""]",[],3D_bioprint,human,,0,1,1,0,1,0,2026-09-26T18:34:09Z,33665603,10.1016/j.mtbio.2021.100094,2021,Biofabrication of a shape-stable auricular structure for the reconstruction of ear deformities,Materials today. Bio
AMBC_ClXiQDj4zCprhphtAAUGd9rYi91,unmodified,[],3d_printed,"[""3d_printed""]",auricular,"[""auricular"", ""bioprinting"", ""in_vitro_cartilage""]","[""collagen""]","[""articular_chondrocyte"", ""auricular_chondrocyte""]",3D_bioprint,porcine,,0,1,1,0,1,0,2026-09-26T18:34:09Z,33227486,10.1016/j.actbio.2020.11.029,2021,A photo-crosslinkable cartilage-derived extracellular matrix bioink for auricular cartilage tissue engineering,Acta biomaterialia
AMBC_QmzKKMM1zuhd2mgfE1Pz6RJRlKf,unmodified,[],injectable,"[""injectable""]",auricular,"[""auricular"", ""in_vivo_repair"", ""in_vitro_cartilage""]","[""collagen""]","[""articular_chondrocyte""]",3D_encapsulation,porcine,,0,1,1,0,1,0,2026-09-26T18:34:09Z,34589475,10.3389/fbioe.2021.740635,2021,Ex Vivo and In Vivo Properties of an Injectable Hydrogel Derived From Acellular Ear Cartilage Extracellular Matrix,Frontiers in bioengineering and biotechnology
AMBC_6VDTwGM2imUakEAC96TBjFnks1j,unmodified,[],fiber,"[""fiber""]",auricular,"[""auricular"", ""in_vitro_cartilage""]",[],[],3D_encapsulation,,,0,1,1,0,1,0,2026-09-26T18:34:04Z,34241736,10.1186/s11671-021-03571-6,2021,Conformal Fabrication of an Electrospun Nanofiber Mat on a 3D Ear Cartilage-Shaped Hydrogel Collector Based on Hydrogel-Assisted Electrospinning,Nanoscale research letters
AMBC_rCP49ICapEeu4V5lpoMIdsWTHx,unmodified,[],bulk_hydrogel,"[""bulk_hydrogel""]",auricular,"[""auricular"", ""in_vivo_repair"", ""in_vitro_cartilage""]","[""collagen"", ""fibrin""]","[""articular_chondrocyte""]",3D_encapsulation,human,,0,1,1,0,1,0,2026-09-26T18:34:04Z,32875937,10.1177/0885328220954415,2021,Fabrication of chondrocytes/chondrocyte-microtissues laden fibrin gel auricular scaffold for microtia reconstruction,Journal of biomaterials applications
AMBC_4YiUtqTMKELi5gUT8MunyHrNzow,methacrylated,"[""methacrylated""]",bulk_hydrogel,"[""bulk_hydrogel""]",auricular,"[""auricular"", ""in_vitro_cartilage""]","[""GelMA"", ""collagen""]","[""articular_chondrocyte""]",3D_encapsulation,,,0,1,1,0,1,0,2026-09-26T18:34:04Z,34702546,10.1016/j.msec.2021.112423,2021,Chondrocyte-laden GelMA hydrogel combined with 3D printed PLA scaffolds for auricle regeneration,"Materials science & engineering. C, Materials for biological applications"
AMBC_9CGfMqMRxTAKYkmm7DU6TJU7DXp,unmodified,[],bulk_hydrogel,"[""bulk_hydrogel""]",osteochondral,"[""osteochondral"", ""in_vitro_cartilage""]","[""collagen""]",[],3D_encapsulation,human,,0,1,1,0,1,0,2026-09-26T18:34:09Z,32543401,10.1016/j.jmbbm.2020.103834,2020,Anisotropic properties of articular cartilage in an accelerated in vitro wear test,Journal of the mechanical behavior of biomedical materials
AMBC_ORvcUn2frlVlbLho2H2yvxZx2DT,unmodified,[],bulk_hydrogel,"[""bulk_hydrogel""]",osteochondral,"[""osteochondral"", ""in_vitro_cartilage""]","[""collagen"", ""chitosan""]",[],3D_encapsulation,rabbit,,0,1,1,0,1,0,2026-09-26T18:34:09Z,32571325,10.1186/s12906-020-02996-3,2020,Repair of osteochondral defect using icariin-conditioned serum combined with chitosan in rabbit knees,BMC complementary medicine and therapies
AMBC_UCukSeCmT6RImMmyoXPBrvyLi9U,unmodified,[],bulk_hydrogel,"[""bulk_hydrogel""]",osteochondral,"[""osteochondral"", ""in_vivo_repair"", ""in_vitro_cartilage""]","[""fibrin""]","[""articular_chondrocyte"", ""MSC""]",3D_encapsulation,rabbit,,0,1,1,0,1,0,2026-09-26T18:34:09Z,32191492,10.1177/0363546520907137,2020,Repair of Osteochondral Defects With Predifferentiated Mesenchymal Stem Cells of Distinct Phenotypic Character Derived From a Nanotopographic Platform,The American journal of sports medicine
AMBC_TiIaOo00QCMOJDrnOjuspjo29Xr,unmodified,[],bilayer,"[""bilayer""]",osteochondral,"[""osteochondral"", ""in_vivo_repair"", ""in_vitro_cartilage""]","[""silk_fibrin""]","[""MSC""]",3D_encapsulation,murine,,0,1,1,0,1,0,2026-09-26T18:34:09Z,33001510,10.1111/cpr.12917,2020,Nanotextured silk fibroin/hydroxyapatite biomimetic bilayer tough structure regulated osteogenic/chondrogenic differentiation of mesenchymal stem cells for osteochondral repair,Cell proliferation
AMBC_A5c96fdEUxE3o4MbNFFCph56IVr,unmodified,[],bulk_hydrogel,"[""bulk_hydrogel""]",osteochondral,"[""osteochondral"", ""in_vitro_cartilage""]","[""gelatin""]",[],3D_encapsulation,,,0,1,1,0,1,0,2026-09-26T18:34:09Z,31918421,10.1088/1758-5090/ab69d9,2020,Combining multi-scale 3D printing technologies to engineer reinforced hydrogel-ceramic interfaces,Biofabrication
AMBC_FwWz4PEpKpgQrzYn46gG3pDQwle,unmodified,[],bilayer,"[""bilayer"", ""porous_scaffold""]",osteochondral,"[""osteochondral"", ""in_vitro_cartilage""]","[""collagen"", ""chitosan""]","[""articular_chondrocyte"", ""ATDC5""]",3D_encapsulation,,,0,1,1,0,1,0,2026-09-26T18:34:09Z,32320808,10.1016/j.ijbiomac.2020.04.109,2020,Chitosan/collagen based biomimetic osteochondral tissue constructs: A growth factor-free approach,International journal of biological macromolecules
AMBC_Krt8OLplDrSzi5R0prcSLs0dmlC,unmodified,[],bulk_hydrogel,"[""bulk_hydrogel""]",osteochondral,"[""osteochondral"", ""drug_delivery"", ""in_vitro_cartilage""]","[""collagen""]","[""MSC""]",3D_encapsulation,,,0,1,1,0,1,0,2026-09-26T18:34:09Z,32323455,10.1002/jbm.a.36954,2020,"A biphasic, demineralized, and Decellularized allograft bone-hydrogel scaffold with a cell-based BMP-7 delivery system for osteochondral defect regeneration",Journal of biomedical materials research. Part A
AMBC_MQsJFeVEvQAvm15JQP4OSKYHyKc,enzymatic,"[""enzymatic""]",bulk_hydrogel,"[""bulk_hydrogel""]",osteochondral,"[""osteochondral"", ""in_vivo_repair"", ""in_vitro_cartilage""]","[""collagen"", ""gelatin""]","[""articular_chondrocyte"", ""adipose_MSC""]",3D_encapsulation,human,,0,1,1,0,1,0,2026-09-26T18:34:09Z,33455262,10.1021/acsbiomaterials.9b01756,2020,Enzyme-Cross-linked Gelatin Hydrogel Enriched with an Articular Cartilage Extracellular Matrix and Human Adipose-Derived Stem Cells for Hyaline Cartilage Regeneration of Rabbits,ACS biomaterials science & engineering
AMBC_DDBHNfVuz7mhY2l9RCtddmUCq0v,unmodified,[],bulk_hydrogel,"[""bulk_hydrogel""]",osteochondral,"[""osteochondral"", ""in_vivo_repair"", ""in_vitro_cartilage""]","[""alginate""]",[],3D_encapsulation,human,,0,1,1,0,1,0,2026-09-26T18:34:09Z,32235934,10.1038/s41598-020-62580-0,2020,Engineered cartilage utilizing fetal cartilage-derived progenitor cells for cartilage repair,Scientific reports
AMBC_5DusKhVmRWx0ahxkyPtqorom0Yg,tyramine,"[""tyramine""]",bulk_hydrogel,"[""bulk_hydrogel""]",osteochondral,"[""osteochondral"", ""in_vivo_repair"", ""in_vitro_cartilage""]","[""HA"", ""fibrin""]","[""MSC""]",3D_encapsulation,,,0,1,1,0,1,0,2026-09-26T18:34:09Z,31726249,10.1016/j.actbio.2019.11.015,2020,Evaluation of biomimetic hyaluronic-based hydrogels with enhanced endogenous cell recruitment and cartilage matrix formation,Acta biomaterialia
AMBC_TFwktL80VKoEBLRdOJIHtyObDvz,norbornene,"[""norbornene"", ""thiolated""]",bulk_hydrogel,"[""bulk_hydrogel""]",osteochondral,"[""osteochondral"", ""in_vivo_repair"", ""in_vitro_cartilage""]","[""HA""]","[""MSC""]",3D_encapsulation,,,0,1,1,0,1,0,2026-09-26T18:34:09Z,32434160,10.1088/1758-5090/ab94ce,2020,A composite hydrogel-3D printed thermoplast osteochondral anchor as example for a zonal approach to cartilage repair: in vivo performance in a long-term equine model,Biofabrication
AMBC_24llmVVjXQ6vx0qASQQw5VoJTJQ,unmodified,[],bulk_hydrogel,"[""bulk_hydrogel""]",osteochondral,"[""osteochondral"", ""in_vitro_cartilage""]","[""HA"", ""alginate"", ""collagen"", ""agarose"", ""gellan""]","[""articular_chondrocyte""]",3D_encapsulation,,,0,1,1,0,1,0,2026-09-26T18:34:09Z,31726172,10.1016/j.ijbiomac.2019.09.215,2020,Comparison of polysaccharides in articular cartilage regeneration associated with chondrogenic and autophagy-related gene expression,International journal of biological macromolecules
AMBC_EiMvAtS2u1fEAMIPc2gpDAjQRVB,unmodified,[],3d_printed,"[""3d_printed""]",osteochondral,"[""osteochondral"", ""in_vitro_cartilage""]",[],[],3D_bioprint,,,0,1,1,0,1,0,2026-09-26T18:34:09Z,32869529,10.1002/biot.202000095,2020,Hydrogel-Based 3D Bioprinting for Bone and Cartilage Tissue Engineering,Biotechnology journal
AMBC_CZbG4sjz65xL7zGesLiuuL2jN36,unmodified,[],injectable,"[""injectable""]",osteochondral,"[""osteochondral"", ""in_vitro_cartilage""]","[""HA"", ""collagen""]",[],3D_encapsulation,porcine,,0,1,1,0,1,0,2026-09-26T18:34:09Z,32153994,10.1093/rb/rbz039,2020,Platelet-rich plasma combined with injectable hyaluronic acid hydrogel for porcine cartilage regeneration: a 6-month follow-up,Regenerative biomaterials
AMBC_8rqs5PEYfcNmYWJpuZE67N0kFEh,sulfated,"[""sulfated""]",bulk_hydrogel,"[""bulk_hydrogel""]",osteochondral,"[""osteochondral"", ""in_vitro_cartilage""]",[],"[""MSC""]",3D_encapsulation,,,0,1,1,0,1,0,2026-09-26T18:34:09Z,31755226,10.1002/jbm.a.36848,2020,"Click functionalized, tissue-specific hydrogels for osteochondral tissue engineering",Journal of biomedical materials research. Part A
AMBC_WdIrfSEbP0glPnOq9YdGni2w3KR,unmodified,[],bulk_hydrogel,"[""bulk_hydrogel""]",osteochondral,"[""osteochondral"", ""in_vitro_cartilage""]","[""collagen""]","[""articular_chondrocyte""]",3D_encapsulation,human,,0,1,1,0,1,0,2026-09-26T18:34:04Z,32918797,10.14814/phy2.14571,2020,Doxycycline preserves chondrocyte viability and function in human and calf articular cartilage ex vivo,Physiological reports
AMBC_UFyjhbGKQA828mwx5hOzJh9r9FC,unmodified,[],bulk_hydrogel,"[""bulk_hydrogel""]",osteochondral,"[""osteochondral"", ""in_vitro_cartilage""]","[""alginate"", ""chitosan""]",[],3D_encapsulation,rabbit,,0,1,1,0,1,0,2026-09-26T18:34:04Z,32714919,10.3389/fbioe.2020.00752,2020,Biphasic Double-Network Hydrogel With Compartmentalized Loading of Bioactive Glass for Osteochondral Defect Repair,Frontiers in bioengineering and biotechnology
AMBC_MkjRECLBjgzJnb943973ZpG6NZ4,unmodified,[],bilayer,"[""bilayer""]",osteochondral,"[""osteochondral"", ""in_vitro_cartilage""]","[""collagen""]",[],3D_encapsulation,,,0,1,1,0,1,0,2026-09-26T18:34:04Z,33073541,10.1002/adhm.202001226,2020,"A 3D, Dynamically Loaded Hydrogel Model of the Osteochondral Unit to Study Osteocyte Mechanobiology",Advanced healthcare materials
AMBC_Y1E11Q1ouTA26HxhvvPppZPcorP,unmodified,[],3d_printed,"[""3d_printed""]",osteochondral,"[""osteochondral"", ""bioprinting"", ""in_vitro_cartilage""]","[""alginate"", ""collagen""]","[""articular_chondrocyte""]",3D_bioprint,,,0,1,1,0,1,0,2026-09-26T18:34:04Z,32427838,10.1038/s41598-020-65050-9,2020,3D Bioprinting of osteochondral tissue substitutes - in vitro-chondrogenesis in multi-layered mineralized constructs,Scientific reports
AMBC_7x4Jq8m4SHAcR0uSTek6DMHVIOD,methacrylated,"[""methacrylated"", ""sulfated""]",bulk_hydrogel,"[""bulk_hydrogel""]",osteochondral,"[""osteochondral"", ""in_vitro_cartilage""]","[""HA""]","[""articular_chondrocyte"", ""MSC""]",3D_encapsulation,human,,0,1,1,0,1,0,2026-09-26T18:34:04Z,32708378,10.3390/polym12071598,2020,Biomimetic Cell-Laden MeHA Hydrogels for the Regeneration of Cartilage Tissue,Polymers
AMBC_PSI5KdCPdvsPU4N5kjC6Gwmkn2o,methacrylated,"[""methacrylated""]",3d_printed,"[""3d_printed""]",osteochondral,"[""osteochondral"", ""in_vivo_repair"", ""bioprinting"", ""drug_delivery"", ""in_vitro_cartilage""]","[""GelMA"", ""gelatin""]","[""articular_chondrocyte"", ""MSC""]",3D_bioprint,human,,0,1,1,0,1,0,2026-09-26T18:34:04Z,31470441,10.1088/1748-605X/ab401f,2020,Hydrogel to guide chondrogenesis versus osteogenesis of mesenchymal stem cells for fabrication of cartilaginous tissues,"Biomedical materials (Bristol, England)"
AMBC_76L9VEyM6AK1OsiYAzFTrHhs7XU,unmodified,[],injectable,"[""injectable""]",osteochondral,"[""osteochondral"", ""in_vitro_cartilage""]","[""collagen""]","[""articular_chondrocyte""]",3D_encapsulation,human,,0,1,1,0,1,0,2026-09-26T18:34:04Z,32399775,10.1007/s13770-020-00261-9,2020,Evaluation of Collagen Gel-Associated Human Nasal Septum-Derived Chondrocytes As a Clinically Applicable Injectable Therapeutic Agent for Cartilage Repair,Tissue engineering and regenerative medicine
EPMC_32154068,unmodified,[],3d_printed,"[""3d_printed""]",in_vitro_cartilage,"[""in_vitro_cartilage""]",[],"[""articular_chondrocyte""]",3D_bioprint,human,,0,1,1,0,1,0,2026-09-26T18:34:14Z,32154068,10.1002/advs.201901878,2020,A 3D-Printed Hybrid Nasal Cartilage with Functional Electronic Olfaction.,"Advanced science (Weinheim, Baden-Wurttemberg, Germany)"
AMBC_SQRsmrKWKqyiZqdpaBKzCLWgAVx,unmodified,[],bulk_hydrogel,"[""bulk_hydrogel""]",in_vitro_cartilage,"[""in_vitro_cartilage""]","[""PEG"", ""chitosan""]",[],3D_encapsulation,,,0,1,1,0,1,0,2026-09-26T18:34:09Z,33320594,10.1021/acsbiomaterials.0c01413,2020,"Three-Dimensional Printed Hydrogels with High Elasticity, High Toughness, and Ionic Conductivity for Multifunctional Applications",ACS biomaterials science & engineering
AMBC_CATqGpzsLlP5BVyK71ma2wg7TXZ,unmodified,[],bulk_hydrogel,"[""bulk_hydrogel""]",in_vitro_cartilage,"[""in_vitro_cartilage""]",[],[],3D_encapsulation,,,0,1,1,0,1,0,2026-09-26T18:34:09Z,33344758,10.1007/s40883-019-00132-3,2020,Bioinspired Scaffold Designs for Regenerating Musculoskeletal Tissue Interfaces,Regenerative engineering and translational medicine
AMBC_KY3yKWYrvxDVsRr3k0b4f16fhI8,sulfated,"[""sulfated""]",bulk_hydrogel,"[""bulk_hydrogel""]",in_vitro_cartilage,"[""in_vitro_cartilage""]","[""collagen""]",[],3D_encapsulation,human,,0,1,1,0,1,0,2026-09-26T18:34:09Z,33291538,10.3390/md18120617,2020,Extraction and Characterization of Collagen from Elasmobranch Byproducts for Potential Biomaterial Use,Marine drugs
AMBC_AxQn99EWZNWKSByMXTrV1Tfp40M,unmodified,[],bulk_hydrogel,"[""bulk_hydrogel""]",in_vitro_cartilage,"[""in_vitro_cartilage""]",[],[],3D_encapsulation,,,0,1,1,0,1,0,2026-09-26T18:34:09Z,32260477,10.3390/ijms21072521,2020,Nanostructured Materials for Artificial Tissue Replacements,International journal of molecular sciences
AMBC_MSeQOrFB3RQyrQpoXImn31gy8sj,unmodified,[],bulk_hydrogel,"[""bulk_hydrogel""]",in_vitro_cartilage,"[""in_vitro_cartilage""]","[""collagen""]","[""articular_chondrocyte"", ""MSC""]",3D_encapsulation,,,0,1,1,0,1,0,2026-09-26T18:34:09Z,32408888,10.1186/s13287-020-01663-1,2020,Isolation and characterisation of nasoseptal cartilage stem/progenitor cells and their role in the chondrogenic niche,Stem cell research & therapy
AMBC_PI3YdNhenhxL4OfdSHNNSRLXYxx,unmodified,[],bulk_hydrogel,"[""bulk_hydrogel""]",in_vitro_cartilage,"[""in_vitro_cartilage""]",[],"[""articular_chondrocyte""]",3D_encapsulation,human,,0,1,1,0,1,0,2026-09-26T18:34:09Z,31926590,10.1016/j.jbiomech.2019.109549,2020,Evaluation of human nasal cartilage nonlinear and rate dependent mechanical properties,Journal of biomechanics
AMBC_RcL1pQ0jg97eZD6zdlNvB0oO5s5,unmodified,[],ipn,"[""ipn""]",in_vitro_cartilage,"[""in_vitro_cartilage""]","[""alginate"", ""collagen""]","[""MSC""]",2D,human,,0,1,1,0,1,0,2026-09-26T18:34:09Z,32417266,10.1016/j.actbio.2020.04.027,2020,Extracellular matrix mechanics regulate transfection and SOX9-directed differentiation of mesenchymal stem cells,Acta biomaterialia
AMBC_9XXaLwYmZG4YfKpeDpOEfYanaW0,rgd_conjugated,"[""rgd_conjugated"", ""dopamine""]",bulk_hydrogel,"[""bulk_hydrogel""]",in_vitro_cartilage,"[""in_vitro_cartilage""]","[""cellulose""]",[],3D_encapsulation,human,,0,1,1,0,1,0,2026-09-26T18:34:09Z,35515181,10.1039/d0ra08295c,2020,Fabrication and functionalization of 3D-printed soft and hard scaffolds with growth factors for enhanced bioactivity,RSC advances
AMBC_OJDak6za3OQIBCEEEpFloTTPzeT,unmodified,[],bulk_hydrogel,"[""bulk_hydrogel""]",in_vitro_cartilage,"[""in_vitro_cartilage""]","[""collagen""]","[""articular_chondrocyte"", ""adipose_MSC""]",3D_encapsulation,human,,0,1,1,0,1,0,2026-09-26T18:34:09Z,32828295,10.1016/j.bbrc.2020.07.016,2020,An immortalized human adipose-derived stem cell line with highly enhanced chondrogenic properties,Biochemical and biophysical research communications
AMBC_HvmAysbZQsGHpm3Fwi6UAyHXpoR,unmodified,[],bulk_hydrogel,"[""bulk_hydrogel""]",in_vitro_cartilage,"[""in_vitro_cartilage""]","[""collagen"", ""agarose""]","[""MSC""]",3D_encapsulation,,,0,1,1,0,1,0,2026-09-26T18:34:09Z,32992847,10.3390/ijms21197071,2020,Differential Production of Cartilage ECM in 3D Agarose Constructs by Equine Articular Cartilage Progenitor Cells and Mesenchymal Stromal Cells,International journal of molecular sciences
AMBC_X2tmSwBJwc6FsUOzaAOMTw5bMFI,unmodified,[],bulk_hydrogel,"[""bulk_hydrogel""]",in_vitro_cartilage,"[""in_vitro_cartilage""]","[""silk_fibrin""]",[],3D_encapsulation,,,0,1,1,0,1,0,2026-09-26T18:34:09Z,35515806,10.1039/d0ra04789a,2020,Preparing 3D-printable silk fibroin hydrogels with robustness by a two-step crosslinking method,RSC advances
AMBC_KilNyGWvDXeisVmyziVvczbwuzn,unmodified,[],bulk_hydrogel,"[""bulk_hydrogel""]",in_vitro_cartilage,"[""in_vitro_cartilage""]",[],"[""MSC""]",3D_encapsulation,,,0,1,1,0,1,0,2026-09-26T18:34:09Z,32785204,10.3390/ma13163518,2020,Warp-Knitted Spacer Fabrics: A Versatile Platform to Generate Fiber-Reinforced Hydrogels for 3D Tissue Engineering,"Materials (Basel, Switzerland)"
AMBC_PJWHQBUhM8RQT3THTmwaHu6gwNH,sulfated,"[""sulfated""]",bulk_hydrogel,"[""bulk_hydrogel""]",in_vitro_cartilage,"[""in_vitro_cartilage""]","[""HA"", ""PEG"", ""gelatin""]","[""MSC""]",3D_encapsulation,,,0,1,1,0,1,0,2026-09-26T18:34:09Z,33463346,10.1021/acsbiomaterials.0c00131,2020,Mixed Composition Microribbon Hydrogels Induce Rapid and Synergistic Cartilage Regeneration by Mesenchymal Stem Cells in 3D via Paracrine Signaling Exchange,ACS biomaterials science & engineering
AMBC_MmDi69e2Em9is7C0zCjte8wQkM4,unmodified,[],injectable,"[""injectable""]",in_vitro_cartilage,"[""in_vitro_cartilage""]",[],[],3D_encapsulation,,,0,1,1,0,1,0,2026-09-26T18:34:09Z,33075226,10.1021/acs.biomac.0c00822,2020,Fabrication of Double-Network Hydrogels with Universal Adhesion and Superior Extensibility and Cytocompatibility by One-Pot Method,Biomacromolecules
AMBC_1gb3d8KtiwOOs0dinFOrg31901,unmodified,[],bulk_hydrogel,"[""bulk_hydrogel""]",in_vitro_cartilage,"[""in_vitro_cartilage""]",[],"[""articular_chondrocyte"", ""MSC""]",3D_encapsulation,,,0,1,1,0,1,0,2026-09-26T18:34:09Z,32676118,10.1155/2020/5690252,2020,Clinical Application Status of Articular Cartilage Regeneration Techniques: Tissue-Engineered Cartilage Brings New Hope,Stem cells international
AMBC_5l4XgOtf1OuBT0QvASgT5IU2ae1,unmodified,[],monolayer,"[""monolayer""]",in_vitro_cartilage,"[""in_vitro_cartilage""]","[""PEG"", ""gelatin""]","[""MSC""]",2D,,,0,1,1,0,1,0,2026-09-26T18:34:09Z,31722255,10.1016/j.actbio.2019.11.016,2020,In situ miRNA delivery from a hydrogel promotes osteogenesis of encapsulated mesenchymal stromal cells,Acta biomaterialia
AMBC_5oBSeidqBREgSkge2tzZZ75Pz9a,unmodified,[],bulk_hydrogel,"[""bulk_hydrogel""]",in_vitro_cartilage,"[""in_vitro_cartilage""]",[],[],3D_encapsulation,,,0,1,1,0,1,0,2026-09-26T18:34:09Z,31830895,10.2174/1574888X14666191212160757,2020,Will Tissue-Engineering Strategies Bring New Hope for the Reconstruction of Nasal Septal Cartilage?,Current stem cell research & therapy
AMBC_BaSAkVjgG9bNoWAe5OXZRHFU7TV,genipin,"[""genipin""]",bulk_hydrogel,"[""bulk_hydrogel""]",in_vitro_cartilage,"[""in_vitro_cartilage""]","[""collagen"", ""chitosan""]","[""adipose_MSC"", ""MSC""]",3D_encapsulation,human,,0,1,1,0,1,0,2026-09-26T18:34:09Z,32028724,10.3390/ijms21031004,2020,Adipose-Derived Mesenchymal Stem Cell Chondrospheroids Cultured in Hypoxia and a 3D Porous Chitosan/Chitin Nanocrystal Scaffold as a Platform for Cartilage Tissue Engineering,International journal of molecular sciences
AMBC_G1NBpPBOFSAwFC8Z0rcGzVdfLim,unmodified,[],bulk_hydrogel,"[""bulk_hydrogel""]",in_vitro_cartilage,"[""in_vitro_cartilage""]",[],[],3D_encapsulation,,,0,1,1,0,1,0,2026-09-26T18:34:09Z,32602093,10.1007/978-981-15-3258-0_7,2020,Scaffolds for Cartilage Regeneration: To Use or Not to Use?,Advances in experimental medicine and biology
AMBC_D96LtxZtfEnbmGZm7fJU59tUncm,unmodified,[],bulk_hydrogel,"[""bulk_hydrogel""]",in_vitro_cartilage,"[""in_vitro_cartilage""]",[],[],3D_encapsulation,,,0,1,1,0,1,0,2026-09-26T18:34:09Z,31618509,10.1002/jbm.a.36817,2020,Bioengineering strategies for bone and cartilage tissue regeneration using growth factors and stem cells,Journal of biomedical materials research. Part A
AMBC_XFlPB3w3SOeb7D3S59oPrj6tQ1s,sulfated,"[""sulfated""]",bulk_hydrogel,"[""bulk_hydrogel""]",in_vitro_cartilage,"[""in_vitro_cartilage""]","[""alginate"", ""gelatin""]","[""adipose_MSC"", ""MSC""]",3D_encapsulation,human,,0,1,1,0,1,0,2026-09-26T18:34:09Z,31909967,10.1021/acsami.9b22062,2020,Chondroinductive Alginate-Based Hydrogels Having Graphene Oxide for 3D Printed Scaffold Fabrication,ACS applied materials & interfaces
AMBC_BygWFUIoqPylZxtnv3Pfc9v21lm,unmodified,[],bulk_hydrogel,"[""bulk_hydrogel""]",in_vitro_cartilage,"[""in_vitro_cartilage""]",[],"[""articular_chondrocyte""]",3D_encapsulation,,,0,1,1,0,1,0,2026-09-26T18:34:09Z,31800166,10.1002/mabi.201900278,2020,Progress in Articular Cartilage Tissue Engineering: A Review on Therapeutic Cells and Macromolecular Scaffolds,Macromolecular bioscience
AMBC_8WMJ4YrUquDDt0HeNicRU07ufQK,unmodified,[],bilayer,"[""bilayer"", ""injectable""]",in_vitro_cartilage,"[""in_vitro_cartilage""]","[""collagen""]","[""articular_chondrocyte""]",3D_encapsulation,,,0,1,1,0,1,0,2026-09-26T18:34:09Z,32153990,10.1093/rb/rbz028,2020,BMSCs-assisted injectable Col I hydrogel-regenerated cartilage defect by reconstructing superficial and calcified cartilage,Regenerative biomaterials
AMBC_40Vf5r9X6Ia97IPFeI9ULlc2Yhu,unmodified,[],fiber,"[""fiber""]",in_vitro_cartilage,"[""in_vitro_cartilage""]","[""chitosan"", ""silk_fibrin""]","[""MSC""]",3D_encapsulation,,,0,1,1,0,1,0,2026-09-26T18:34:09Z,32600090,10.1177/0885328220930714,2020,Wet-electrospun PHBV nanofiber reinforced carboxymethyl chitosan-silk hydrogel composite scaffolds for articular cartilage repair,Journal of biomaterials applications
AMBC_VIEoLu9nQozFrBUh6p96USPWY74,unmodified,[],bulk_hydrogel,"[""bulk_hydrogel""]",in_vitro_cartilage,"[""in_vitro_cartilage""]",[],[],3D_encapsulation,,,0,1,1,0,1,0,2026-09-26T18:34:09Z,33212901,10.3390/membranes10110348,2020,Review of Synthetic and Hybrid Scaffolds in Cartilage Tissue Engineering,Membranes
AMBC_5zaXv89nHch2TF2dVhNMGb7SWnO,unmodified,[],bulk_hydrogel,"[""bulk_hydrogel""]",in_vitro_cartilage,"[""in_vitro_cartilage""]","[""alginate""]","[""articular_chondrocyte"", ""ATDC5""]",3D_encapsulation,,TGF_b3,0,1,1,0,1,0,2026-09-26T18:34:09Z,32633811,10.1002/bit.27482,2020,Enhanced chondrogenesis in a coculture system with genetically manipulated dedifferentiated chondrocytes and ATDC5 cells,Biotechnology and bioengineering
AMBC_WLObbDOIv5JQRoRzrsn8V7jKZei,thiolated,"[""thiolated""]",injectable,"[""injectable""]",in_vitro_cartilage,"[""in_vitro_cartilage""]","[""HA"", ""gelatin""]","[""articular_chondrocyte""]",3D_encapsulation,,,0,1,1,0,1,0,2026-09-26T18:34:09Z,32895679,10.1039/d0tb01816c,2020,Effects of the bonding intensity between hyaluronan and gelatin on chondrogenic phenotypic maintenance,Journal of materials chemistry. B
AMBC_8p6T9GP3oIFf6FQg99m0QUvlsEY,unmodified,[],bulk_hydrogel,"[""bulk_hydrogel""]",in_vitro_cartilage,"[""in_vitro_cartilage""]",[],[],3D_encapsulation,,,0,1,1,0,1,0,2026-09-26T18:34:09Z,33149377,10.1017/S0956792518000657,2020,Multiscale modelling and homogenisation of fibre-reinforced hydrogels for tissue engineering,European journal of applied mathematics
AMBC_7dpVpNNcsWfkyg4taesaud8RSm1,unmodified,[],bulk_hydrogel,"[""bulk_hydrogel""]",in_vitro_cartilage,"[""in_vitro_cartilage""]",[],[],3D_encapsulation,,,0,1,1,0,1,0,2026-09-26T18:34:09Z,31608458,10.1111/nyas.14247,2020,Hydrogel screening approaches for bone and cartilage tissue regeneration,Annals of the New York Academy of Sciences
AMBC_YvIPw7A03QigZyJgbgnLwVRRYmT,methacrylated,"[""methacrylated""]",bulk_hydrogel,"[""bulk_hydrogel""]",in_vitro_cartilage,"[""in_vitro_cartilage""]","[""chitosan"", ""silk_fibrin""]","[""MSC""]",3D_encapsulation,,,0,1,1,0,1,0,2026-09-26T18:34:09Z,31887637,10.1016/j.jphotobiol.2019.111744,2020,Improved accumulation of TGF-β by photopolymerized chitosan/silk protein bio-hydrogel matrix to improve differentiations of mesenchymal stem cells in articular cartilage tissue regeneration,"Journal of photochemistry and photobiology. B, Biology"
AMBC_1ROM4gqDTyhwEMTUZHX7p31bEHR,dopamine,"[""dopamine""]",bulk_hydrogel,"[""bulk_hydrogel""]",in_vitro_cartilage,"[""in_vitro_cartilage""]","[""gellan""]",[],3D_encapsulation,,,0,1,1,0,1,0,2026-09-26T18:34:09Z,32483582,10.1039/d0bm00286k,2020,"Synthesis and biological evaluation of a bioinspired, tissue-adhesive gellan gum-based hydrogel designed for minimally invasive delivery and retention of chondrogenic cells",Biomaterials science
AMBC_3997Awr5LyQInjM4QlOgsLxBTw2,unmodified,[],bulk_hydrogel,"[""bulk_hydrogel""]",in_vitro_cartilage,"[""in_vitro_cartilage""]",[],[],3D_encapsulation,,,0,1,1,0,1,0,2026-09-26T18:34:09Z,32856970,10.1080/21691401.2020.1809439,2020,"An overview of various treatment strategies, especially tissue engineering for damaged articular cartilage","Artificial cells, nanomedicine, and biotechnology"
AMBC_S835EDo00T9x6hDOAKgFhYOX4O5,unmodified,[],bulk_hydrogel,"[""bulk_hydrogel""]",in_vitro_cartilage,"[""in_vitro_cartilage""]","[""chitosan""]",[],3D_encapsulation,,,0,1,1,0,1,0,2026-09-26T18:34:09Z,35019355,10.1021/acsabm.0c00828,2020,Bioinspired Anisotropic Chitosan Hybrid Hydrogel,ACS applied bio materials
AMBC_2qEkXHy2ZvUfkWA3hQ80nEHEK4K,unmodified,[],bulk_hydrogel,"[""bulk_hydrogel""]",in_vitro_cartilage,"[""in_vitro_cartilage""]","[""PVA""]",[],3D_encapsulation,,,0,1,1,0,1,0,2026-09-26T18:34:09Z,32529914,10.1080/09205063.2020.1782023,2020,High strength polyvinyl alcohol/polyacrylic acid (PVA/PAA) hydrogel fabricated by Cold-Drawn method for cartilage tissue substitutes,Journal of biomaterials science. Polymer edition
AMBC_H1PM8iYwq74wcHrtecYv81Ug14Y,norbornene,"[""norbornene"", ""thiolated""]",injectable,"[""injectable""]",in_vitro_cartilage,"[""in_vitro_cartilage""]","[""HA""]",[],3D_encapsulation,,,0,1,1,0,1,0,2026-09-26T18:34:09Z,35021723,10.1021/acsabm.0c00294,2020,Cartilage-Derived Progenitor Cell-Laden Injectable Hydrogel-An Approach for Cartilage Tissue Regeneration,ACS applied bio materials
AMBC_6DZLDLQeNJXqo23m3XlA2tfO7AI,unmodified,[],ipn,"[""ipn""]",in_vitro_cartilage,"[""in_vitro_cartilage""]","[""gellan""]",[],3D_encapsulation,,,0,1,1,0,1,0,2026-09-26T18:34:09Z,32767724,10.1002/term.3116,2020,Application of double network of gellan gum and pullulan for bone marrow stem cells differentiation towards chondrogenesis by controlling viscous substrates,Journal of tissue engineering and regenerative medicine
AMBC_H8GG0fxckjzYCkEXM4WSEewzg7k,unmodified,[],bulk_hydrogel,"[""bulk_hydrogel""]",in_vitro_cartilage,"[""in_vitro_cartilage""]",[],"[""articular_chondrocyte""]",3D_encapsulation,,,0,1,1,0,1,0,2026-09-26T18:34:09Z,32971590,10.5999/aps.2020.01095,2020,Cartilage tissue engineering for craniofacial reconstruction,Archives of plastic surgery
AMBC_IaUioSorJCCpyL98lY5B0VjuQ5N,unmodified,[],bulk_hydrogel,"[""bulk_hydrogel""]",in_vitro_cartilage,"[""in_vitro_cartilage""]","[""collagen"", ""fibrin"", ""agarose""]","[""articular_chondrocyte""]",3D_encapsulation,human,,0,1,1,0,1,0,2026-09-26T18:34:09Z,32174386,10.1016/j.jmbbm.2020.103619,2020,In vitro characterization of a novel magnetic fibrin-agarose hydrogel for cartilage tissue engineering,Journal of the mechanical behavior of biomedical materials
AMBC_1Y9tpGyRafuGtDTkY7O2i1nsUCh,unmodified,[],bulk_hydrogel,"[""bulk_hydrogel""]",in_vitro_cartilage,"[""in_vitro_cartilage""]","[""collagen"", ""PVA""]",[],3D_encapsulation,human,,0,1,1,0,1,0,2026-09-26T18:34:09Z,32415132,10.1038/s41598-020-64917-1,2020,Composite Hydrogel Model of Cartilage Predicts Its Load-Bearing Ability,Scientific reports
AMBC_WOFnIumuK339cc7brr45jJvV9KJ,methacrylated,"[""methacrylated""]",3d_printed,"[""3d_printed""]",in_vitro_cartilage,"[""in_vitro_cartilage""]","[""GelMA""]","[""adipose_MSC""]",3D_bioprint,human,,0,1,1,0,1,0,2026-09-26T18:34:09Z,32207110,10.1007/978-1-0716-0520-2_9,2020,Bioprinting Stem Cells in Hydrogel for In Situ Surgical Application: A Case for Articular Cartilage,"Methods in molecular biology (Clifton, N.J.)"
AMBC_1y5SmMjzj1OQtaSMjQt4zcszWLX,oxidized,"[""oxidized"", ""enzymatic""]",bulk_hydrogel,"[""bulk_hydrogel""]",in_vitro_cartilage,"[""in_vitro_cartilage""]","[""alginate"", ""collagen"", ""gelatin""]","[""articular_chondrocyte""]",3D_encapsulation,human,,0,1,1,0,1,0,2026-09-26T18:34:09Z,32806255,10.1016/j.msec.2020.111189,2020,3D printing and characterization of human nasoseptal chondrocytes laden dual crosslinked oxidized alginate-gelatin hydrogels for cartilage repair approaches,"Materials science & engineering. C, Materials for biological applications"
AMBC_43GjBnjSXdRtviosHO2ExCFpBtK,unmodified,[],bulk_hydrogel,"[""bulk_hydrogel""]",in_vitro_cartilage,"[""in_vitro_cartilage""]",[],[],3D_encapsulation,,,0,1,1,0,1,0,2026-09-26T18:34:09Z,33081205,10.3390/molecules25204750,2020,Numerical Simulations as Means for Tailoring Electrically Conductive Hydrogels Towards Cartilage Tissue Engineering by Electrical Stimulation,"Molecules (Basel, Switzerland)"
AMBC_N0gJXLOblU5gENnUcE67cb4aPu7,unmodified,[],injectable,"[""injectable""]",in_vitro_cartilage,"[""in_vitro_cartilage""]","[""chitosan""]","[""MSC""]",3D_encapsulation,human,,0,1,1,0,1,0,2026-09-26T18:34:09Z,32380404,10.1016/j.colsurfb.2020.111059,2020,Injectable in situ forming kartogenin-loaded chitosan hydrogel with tunable rheological properties for cartilage tissue engineering,"Colloids and surfaces. B, Biointerfaces"
AMBC_XxOIdSZJF2ZVaJzNsUqILgACDGl,unmodified,[],bulk_hydrogel,"[""bulk_hydrogel""]",in_vitro_cartilage,"[""in_vitro_cartilage""]","[""chitosan"", ""gellan""]",[],3D_encapsulation,,,0,1,1,0,1,0,2026-09-26T18:34:09Z,32335106,10.1016/j.ijbiomac.2020.04.135,2020,Advanced gellan gum-based glycol chitosan hydrogel for cartilage tissue engineering biomaterial,International journal of biological macromolecules
AMBC_VWaUCUUlZ53rAptDXB6swuRSD2Y,unmodified,[],bulk_hydrogel,"[""bulk_hydrogel""]",in_vitro_cartilage,"[""in_vitro_cartilage""]",[],"[""MSC"", ""iPSC""]",3D_encapsulation,,,0,1,1,0,1,0,2026-09-26T18:34:09Z,33437797,10.21037/atm-20-2342,2020,Narrative review of the choices of stem cell sources and hydrogels for cartilage tissue engineering,Annals of translational medicine
AMBC_8PNaAKW5dMkKbJsRICvEog9ttOr,unmodified,[],bulk_hydrogel,"[""bulk_hydrogel""]",in_vitro_cartilage,"[""in_vitro_cartilage""]","[""HA""]","[""articular_chondrocyte""]",3D_encapsulation,,,0,1,1,0,1,0,2026-09-26T18:34:04Z,33263932,10.1007/s11033-020-06034-w,2020,Hyaluronic acid-binding insulin-like growth factor-1: Creation of a gene encoding a bifunctional fusion protein,Molecular biology reports
AMBC_B8eZ4BNBJr15x6sAmKtNkLgxFIy,methacrylated,"[""methacrylated""]",bulk_hydrogel,"[""bulk_hydrogel""]",in_vitro_cartilage,"[""in_vitro_cartilage""]","[""HA""]",[],3D_encapsulation,human,,0,1,1,0,1,0,2026-09-26T18:34:04Z,31943865,10.1002/adhm.201901134,2020,Adhesive Hydrogels for Maxillofacial Tissue Regeneration Using Minimally Invasive Procedures,Advanced healthcare materials
AMBC_ZwSNPE92eskC7FcOou0dVwLMQvl,unmodified,[],bulk_hydrogel,"[""bulk_hydrogel""]",in_vitro_cartilage,"[""in_vitro_cartilage""]",[],[],3D_encapsulation,,,0,1,1,0,1,0,2026-09-26T18:34:04Z,33251199,10.3389/fbioe.2020.586406,2020,Toward Biomimetic Scaffolds for Tissue Engineering: 3D Printing Techniques in Regenerative Medicine,Frontiers in bioengineering and biotechnology
AMBC_EwL47eLjtAvAaapve6XiXVmioN0,unmodified,[],bulk_hydrogel,"[""bulk_hydrogel""]",in_vitro_cartilage,"[""in_vitro_cartilage""]","[""HA"", ""alginate""]","[""articular_chondrocyte"", ""MSC""]",3D_encapsulation,,,0,1,1,0,1,0,2026-09-26T18:34:04Z,32033151,10.3390/jcm9020423,2020,Are the Immune Properties of Mesenchymal Stem Cells from Wharton's Jelly Maintained during Chondrogenic Differentiation?,Journal of clinical medicine
AMBC_DsklAy5nHCOvekI6BfC2ON2VSCU,unmodified,[],bulk_hydrogel,"[""bulk_hydrogel""]",in_vitro_cartilage,"[""in_vitro_cartilage""]","[""collagen"", ""agarose""]","[""articular_chondrocyte""]",3D_encapsulation,,,0,1,1,0,1,0,2026-09-26T18:34:04Z,32093973,10.1016/j.clinbiomech.2020.01.022,2020,3D models of chondrocytes within biomimetic scaffolds: Effects of cell deformation from loading regimens,"Clinical biomechanics (Bristol, Avon)"
AMBC_BsRnWC21MARKNXBREZMeSQ1wGNH,methacrylated,"[""methacrylated""]",bulk_hydrogel,"[""bulk_hydrogel""]",in_vitro_cartilage,"[""in_vitro_cartilage""]","[""GelMA"", ""gelatin"", ""cellulose""]","[""articular_chondrocyte""]",3D_encapsulation,human,,0,1,1,0,1,0,2026-09-26T18:34:04Z,32296538,10.1093/rb/rbz050,2020,Preparation and characterization of methacrylated gelatin/bacterial cellulose composite hydrogels for cartilage tissue engineering,Regenerative biomaterials
AMBC_Fd9u17v1IkmOoTh1eKSiFHSRCS7,unmodified,[],bulk_hydrogel,"[""bulk_hydrogel""]",in_vitro_cartilage,"[""in_vitro_cartilage""]","[""collagen""]","[""articular_chondrocyte"", ""MSC""]",3D_encapsulation,,,0,1,1,0,1,0,2026-09-26T18:34:04Z,33463160,10.1021/acsbiomaterials.9b01939,2020,Collagen Type I and II Blend Hydrogel with Autologous Mesenchymal Stem Cells as a Scaffold for Articular Cartilage Defect Repair,ACS biomaterials science & engineering
AMBC_AJVbFA0pboTId5xtrKiq0tqpRQ3,unmodified,[],bulk_hydrogel,"[""bulk_hydrogel""]",in_vitro_cartilage,"[""in_vitro_cartilage""]","[""agarose""]","[""articular_chondrocyte""]",3D_encapsulation,human,,0,1,1,0,1,0,2026-09-26T18:34:04Z,31963629,10.3390/jfb11010005,2020,In Vitro Evaluation of the Influence of Substrate Mechanics on Matrix-Assisted Human Chondrocyte Transplantation,Journal of functional biomaterials
AMBC_Wxg2AGtF6XAQWO5SHjJpYNrW2KP,unmodified,[],injectable,"[""injectable""]",in_vitro_cartilage,"[""in_vitro_cartilage""]","[""gellan""]","[""articular_chondrocyte""]",3D_encapsulation,,,0,1,1,0,1,0,2026-09-26T18:34:04Z,32600714,10.1016/j.msec.2020.111114,2020,"Injectable gellan gum/lignocellulose nanofibrils hydrogels enriched with melatonin loaded forsterite nanoparticles for cartilage tissue engineering: Fabrication, characterization and cell culture studies","Materials science & engineering. C, Materials for biological applications"
AMBC_B03vlAfROHLIFZTMieom0Q0LrE1,unmodified,[],bulk_hydrogel,"[""bulk_hydrogel""]",in_vitro_cartilage,"[""in_vitro_cartilage""]","[""collagen""]","[""articular_chondrocyte""]",3D_encapsulation,,,0,1,1,0,1,0,2026-09-26T18:34:04Z,32155233,10.1039/c9tb02963j,2020,Spatiotemporal neocartilage growth in matrix-metalloproteinase-sensitive poly(ethylene glycol) hydrogels under dynamic compressive loading: an experimental and computational approach,Journal of materials chemistry. B
AMBC_KXcyQfm0JerdPNCYp4xCmaMoAs8,sulfated,"[""sulfated""]",bulk_hydrogel,"[""bulk_hydrogel""]",in_vitro_cartilage,"[""in_vitro_cartilage""]","[""alginate"", ""collagen""]","[""articular_chondrocyte"", ""MSC""]",3D_encapsulation,human,,0,1,1,0,1,0,2026-09-26T18:34:04Z,33036643,10.1186/s13287-020-01930-1,2020,Inhibition of hypertrophy and improving chondrocyte differentiation by MMP-13 inhibitor small molecule encapsulated in alginate-chondroitin sulfate-platelet lysate hydrogel,Stem cell research & therapy
AMBC_8hwPkvMBcO2w2ciwU54FzxU0SAn,sulfated,"[""sulfated""]",injectable,"[""injectable""]",in_vitro_cartilage,"[""in_vitro_cartilage""]","[""collagen""]","[""articular_chondrocyte"", ""MSC""]",3D_encapsulation,,,0,1,1,0,1,0,2026-09-26T18:34:04Z,33010336,10.1016/j.jconrel.2020.09.048,2020,Chondrogenesis of cocultures of mesenchymal stem cells and articular chondrocytes in poly(l-lysine)-loaded hydrogels,Journal of controlled release : official journal of the Controlled Release Society
AMBC_U2tAZocRjPh0qHMBegNXXei9Jle,unmodified,[],injectable,"[""injectable""]",in_vitro_cartilage,"[""in_vitro_cartilage""]","[""alginate"", ""gelatin""]","[""articular_chondrocyte""]",3D_encapsulation,,,0,1,1,0,1,0,2026-09-26T18:34:04Z,32351038,10.1002/jbm.b.34625,2020,Gelatin improves peroxidase-mediated alginate hydrogel characteristics as a potential injectable hydrogel for soft tissue engineering applications,"Journal of biomedical materials research. Part B, Applied biomaterials"
AMBC_Fnpm1sjNnPY8uAkmjHJQ8RV2hiY,unmodified,[],injectable,"[""injectable""]",in_vitro_cartilage,"[""in_vitro_cartilage""]","[""alginate"", ""collagen"", ""agarose""]","[""articular_chondrocyte""]",3D_encapsulation,human,,0,1,1,0,1,0,2026-09-26T18:34:04Z,35019280,10.1021/acsabm.9b00673,2020,Injectable Quercetin-Loaded Hydrogel with Cartilage-Protection and Immunomodulatory Properties for Articular Cartilage Repair,ACS applied bio materials
AMBC_OqJF66JIzKJKf4AyccPlfNqdPqj,unmodified,[],bulk_hydrogel,"[""bulk_hydrogel""]",in_vitro_cartilage,"[""in_vitro_cartilage""]",[],"[""articular_chondrocyte""]",3D_encapsulation,,,0,1,1,0,1,0,2026-09-26T18:34:04Z,32602512,10.1039/d0bm00860e,2020,Viscoelasticity of hydrazone crosslinked poly(ethylene glycol) hydrogels directs chondrocyte morphology during mechanical deformation,Biomaterials science
AMBC_FrLsVinpb3bqHpsaqPgKWSVNbgi,unmodified,[],bulk_hydrogel,"[""bulk_hydrogel""]",in_vitro_cartilage,"[""in_vitro_cartilage""]","[""collagen"", ""fibrin""]","[""articular_chondrocyte""]",3D_encapsulation,human,TGF_b3,0,1,1,0,1,0,2026-09-26T18:34:04Z,32426347,10.3389/fbioe.2020.00373,2020,Stiffness Matters: Fine-Tuned Hydrogel Elasticity Alters Chondrogenic Redifferentiation,Frontiers in bioengineering and biotechnology
AMBC_4rncAR9yTrC2n0uWV4oDRteDQxq,unmodified,[],bulk_hydrogel,"[""bulk_hydrogel""]",in_vitro_cartilage,"[""in_vitro_cartilage""]","[""PEG""]","[""articular_chondrocyte""]",3D_encapsulation,,,0,1,1,0,1,0,2026-09-26T18:34:04Z,32268243,10.1016/j.actbio.2020.03.033,2020,Cell encapsulation spatially alters crosslink density of poly(ethylene glycol) hydrogels formed from free-radical polymerizations,Acta biomaterialia
AMBC_SzO6HE1j19NWvoHBCGaylqCg7f0,unmodified,[],bulk_hydrogel,"[""bulk_hydrogel""]",in_vitro_cartilage,"[""in_vitro_cartilage""]","[""HA""]","[""articular_chondrocyte""]",3D_encapsulation,,,0,1,1,0,1,0,2026-09-26T18:34:04Z,34211359,10.1002/adfm.201909802,2020,Metabolic Labeling to Probe the Spatiotemporal Accumulation of Matrix at the Chondrocyte-Hydrogel Interface,Advanced functional materials
AMBC_IsKBvC25QAadcHVDyeV0VYQYCuj,unmodified,[],bulk_hydrogel,"[""bulk_hydrogel""]",in_vitro_cartilage,"[""in_vitro_cartilage""]","[""HA"", ""collagen"", ""fibrin""]","[""articular_chondrocyte""]",3D_encapsulation,bovine,,0,1,1,0,1,0,2026-09-26T18:34:04Z,31982592,10.1016/j.actbio.2020.01.032,2020,Enhanced chondrogenic phenotype of primary bovine articular chondrocytes in Fibrin-Hyaluronan hydrogel by multi-axial mechanical loading and FGF18,Acta biomaterialia
AMBC_FTBZLdDZJ2HIRhifJMPQVt1LAef,unmodified,[],injectable,"[""injectable""]",in_vitro_cartilage,"[""in_vitro_cartilage""]","[""collagen""]","[""articular_chondrocyte""]",3D_encapsulation,,,0,1,1,0,1,0,2026-09-26T18:34:04Z,31894891,10.1002/jbm.a.36871,2020,Production and evaluation of decellularized extracellular matrix hydrogel for cartilage regeneration derived from knee cartilage,Journal of biomedical materials research. Part A
AMBC_Ytg0xGsyE3XQnymS29pVAoS6knD,unmodified,[],bulk_hydrogel,"[""bulk_hydrogel""]",in_vitro_cartilage,"[""in_vitro_cartilage""]","[""alginate""]","[""articular_chondrocyte""]",3D_encapsulation,,,0,1,1,0,1,0,2026-09-26T18:34:04Z,32187455,10.1002/mabi.202000028,2020,A Transcriptome Sequencing Study on Genome-Wide Gene Expression Differences of 3D Cultured Chondrocytes in Hydrogel Scaffolds with Different Gel Density,Macromolecular bioscience
AMBC_T0uWWIXRTmdX8hCATiohkQM8irk,unmodified,[],microsphere,"[""microsphere"", ""injectable""]",in_vitro_cartilage,"[""in_vitro_cartilage""]","[""PEG"", ""chitosan""]","[""articular_chondrocyte""]",3D_encapsulation,,,0,1,1,0,1,0,2026-09-26T18:34:04Z,35515410,10.1039/d0ra07318k,2020,Injectable microfluidic hydrogel microspheres based on chitosan and poly(ethylene glycol) diacrylate (PEGDA) as chondrocyte carriers,RSC advances
AMBC_80q39BT4I84rOptCgPiaHrws852,unmodified,[],injectable,"[""injectable""]",in_vitro_cartilage,"[""in_vitro_cartilage""]","[""collagen"", ""gelatin""]","[""articular_chondrocyte""]",3D_encapsulation,,,0,1,1,0,1,0,2026-09-26T18:34:04Z,32806778,10.3390/ijms21165798,2020,Production of Injectable Marine Collagen-Based Hydrogel for the Maintenance of Differentiated Chondrocytes in Tissue Engineering Applications,International journal of molecular sciences
AMBC_SLorwBPpTTLvYiR1p39XCYcyRhw,unmodified,[],3d_printed,"[""3d_printed""]",bioprinting,"[""bioprinting"", ""in_vitro_cartilage""]","[""alginate"", ""collagen"", ""fibrin"", ""gelatin""]","[""MSC""]",3D_bioprint,human,TGF_b3,0,1,1,0,1,0,2026-09-26T18:34:09Z,32399041,10.1155/2020/2487072,2020,Combining Innovative Bioink and Low Cell Density for the Production of 3D-Bioprinted Cartilage Substitutes: A Pilot Study,Stem cells international
AMBC_BtyyKZpLVGlh7vDAFLfFt4mBaYL,unmodified,[],3d_printed,"[""3d_printed""]",bioprinting,"[""bioprinting"", ""in_vitro_cartilage""]","[""silk_fibrin"", ""cellulose""]","[""MSC""]",3D_bioprint,,,0,1,1,0,1,0,2026-09-26T18:34:09Z,32644779,10.1021/acs.bioconjchem.0c00298,2020,3D Bioprinting of Bone Marrow Mesenchymal Stem Cell-Laden Silk Fibroin Double Network Scaffolds for Cartilage Tissue Repair,Bioconjugate chemistry
AMBC_ZiUS75Ym6cThVW9EOAu7NHu10fp,methacrylated,"[""methacrylated""]",3d_printed,"[""3d_printed""]",bioprinting,"[""bioprinting"", ""in_vitro_cartilage""]",[],"[""ATDC5""]",3D_bioprint,,,0,1,1,0,1,0,2026-09-26T18:34:09Z,32890561,10.1016/j.ijbiomac.2020.08.241,2020,Microwave assisted methacrylation of Kappa carrageenan: A bioink for cartilage tissue engineering,International journal of biological macromolecules
AMBC_OSlxAcH4lyhd3EFib2gQfROjEhB,methacrylated,"[""methacrylated"", ""photo_I2959""]",3d_printed,"[""3d_printed""]",bioprinting,"[""bioprinting"", ""in_vitro_cartilage""]","[""GelMA"", ""collagen"", ""gelatin""]","[""MSC""]",3D_bioprint,human,,0,1,1,0,1,0,2026-09-26T18:34:04Z,32523941,10.3389/fbioe.2020.00484,2020,Hybrid Bioprinting of Chondrogenically Induced Human Mesenchymal Stem Cell Spheroids,Frontiers in bioengineering and biotechnology
AMBC_rawsW2rtHkhOoHzxiaQgUpQFRJ,unmodified,[],monolayer,"[""monolayer""]",auricular,"[""auricular"", ""in_vitro_cartilage""]","[""collagen""]","[""articular_chondrocyte""]",3D_encapsulation,human,,0,1,1,0,1,0,2026-09-26T18:34:09Z,32555733,10.1371/journal.pone.0234650,2020,An analytical study of neocartilage from microtia and otoplasty surgical remnants: A possible application for BMP7 in microtia development and regeneration,PloS one
AMBC_2oUSvBpsvpzYXmYyfbZkVWBRAL1,methacrylated,"[""methacrylated"", ""norbornene"", ""thiolated""]",bulk_hydrogel,"[""bulk_hydrogel""]",auricular,"[""auricular"", ""in_vivo_repair"", ""in_vitro_cartilage""]",[],"[""MSC""]",3D_encapsulation,,,0,1,1,0,1,0,2026-09-26T18:34:09Z,32114174,10.1016/j.ijbiomac.2020.02.314,2020,Boron-assisted dual-crosslinked poly (γ-glutamic acid) hydrogels with high toughness for cartilage regeneration,International journal of biological macromolecules
AMBC_Lq4nPuFAWrhNF7GRaA07IfxNnmS,unmodified,[],injectable,"[""injectable""]",auricular,"[""auricular"", ""in_vivo_repair"", ""in_vitro_cartilage""]",[],"[""articular_chondrocyte"", ""auricular_chondrocyte""]",3D_encapsulation,,,0,1,1,0,1,0,2026-09-26T18:34:04Z,32268237,10.1016/j.actbio.2020.03.039,2020,A moldable thermosensitive hydroxypropyl chitin hydrogel for 3D cartilage regeneration in vitro and in vivo,Acta biomaterialia
AMBC_HxrPgOwDRzQTBhvuQFSUK705uOI,methacrylated,"[""methacrylated""]",bulk_hydrogel,"[""bulk_hydrogel""]",osteochondral,"[""osteochondral""]","[""gelatin""]","[""MSC""]",3D_encapsulation,human,,0,1,1,0,1,0,2026-09-26T18:34:09Z,30844123,10.1002/adma.201900291,2019,Buoyancy-Driven Gradients for Biomaterial Fabrication and Tissue Engineering,"Advanced materials (Deerfield Beach, Fla.)"
AMBC_Ey5oqmnUuiRPh3B4b8q6qyqlOtH,methacrylated,"[""methacrylated""]",bulk_hydrogel,"[""bulk_hydrogel""]",osteochondral,"[""osteochondral"", ""in_vivo_repair"", ""in_vitro_cartilage""]","[""GelMA"", ""gelatin""]",[],3D_encapsulation,human,,0,1,1,0,1,0,2026-09-26T18:34:08Z,31406678,10.1002/advs.201900867,2019,Osteochondral Regeneration with 3D-Printed Biodegradable High-Strength Supramolecular Polymer Reinforced-Gelatin Hydrogel Scaffolds,"Advanced science (Weinheim, Baden-Wurttemberg, Germany)"
AMBC_6ihsl7Q4u3xAblOI7tZ1PGg1Cxq,unmodified,[],injectable,"[""injectable""]",osteochondral,"[""osteochondral"", ""in_vitro_cartilage""]",[],[],3D_encapsulation,rabbit,,0,1,1,0,1,0,2026-09-26T18:34:08Z,31827887,10.1093/rb/rbz023,2019,An elastin-like recombinamer-based bioactive hydrogel embedded with mesenchymal stromal cells as an injectable scaffold for osteochondral repair,Regenerative biomaterials
AMBC_Y6YUneifbbAuQNBn6qt4kwbu4vv,unmodified,[],bulk_hydrogel,"[""bulk_hydrogel""]",osteochondral,"[""osteochondral"", ""in_vivo_repair"", ""in_vitro_cartilage""]","[""alginate"", ""collagen""]","[""adipose_MSC""]",3D_encapsulation,,,0,1,1,0,1,0,2026-09-26T18:34:08Z,30923857,10.1007/s00167-019-05418-1,2019,CaAlg hydrogel containing bone morphogenetic protein 4-enhanced adipose-derived stem cells combined with osteochondral mosaicplasty facilitated the repair of large osteochondral defects,"Knee surgery, sports traumatology, arthroscopy : official journal of the ESSKA"
AMBC_CtZlJdO8VZ0Wrc43n72QriyMSu0,unmodified,[],bulk_hydrogel,"[""bulk_hydrogel""]",osteochondral,"[""osteochondral"", ""in_vivo_repair"", ""in_vitro_cartilage""]",[],[],3D_encapsulation,human,,0,1,1,0,1,0,2026-09-26T18:34:08Z,30791632,10.3390/ma12040640,2019,Protocols for Culturing and Imaging a Human Ex Vivo Osteochondral Model for Cartilage Biomanufacturing Applications,"Materials (Basel, Switzerland)"
AMBC_KVUhN3Osjo0NcIXyNBz2DvobCPI,unmodified,[],bulk_hydrogel,"[""bulk_hydrogel""]",osteochondral,"[""osteochondral"", ""in_vitro_cartilage""]",[],[],3D_encapsulation,,,0,1,1,0,1,0,2026-09-26T18:34:08Z,31232556,10.7507/1001-5515.201810001,2019,Research progress on osteochondral tissue engineering,Sheng wu yi xue gong cheng xue za zhi = Journal of biomedical engineering = Shengwu yixue gongchengxue zazhi
AMBC_BiVdfGyigNsGLQXUrkMSdNGReIw,sulfated,"[""sulfated""]",bulk_hydrogel,"[""bulk_hydrogel""]",osteochondral,"[""osteochondral"", ""in_vitro_cartilage""]","[""chitosan"", ""agarose""]","[""adipose_MSC"", ""MSC""]",3D_encapsulation,,,0,1,1,0,1,0,2026-09-26T18:34:08Z,33405857,10.1021/acsbiomaterials.8b00253,2019,Osteochondral Defects Healing Using Extracellular Matrix Mimetic Phosphate/Sulfate Decorated GAGs-Agarose Gel and Quantitative Micro-CT Evaluation,ACS biomaterials science & engineering
AMBC_CKST81w6fTYQ1jtevi8MykbRzYW,methacrylated,"[""methacrylated"", ""dopamine""]",bilayer,"[""bilayer""]",osteochondral,"[""osteochondral"", ""in_vivo_repair"", ""in_vitro_cartilage""]","[""gelatin""]",[],3D_encapsulation,rabbit,,0,1,1,0,1,0,2026-09-26T18:34:08Z,31609095,10.1002/adhm.201901103,2019,Mussel-Inspired Tough Hydrogel with In Situ Nanohydroxyapatite Mineralization for Osteochondral Defect Repair,Advanced healthcare materials
AMBC_TGxOmKsWSKA7CcF29cDHOAr0ZIr,unmodified,[],microsphere,"[""microsphere""]",osteochondral,"[""osteochondral"", ""in_vivo_repair"", ""in_vitro_cartilage""]","[""alginate""]","[""articular_chondrocyte""]",3D_encapsulation,rabbit,,0,1,1,0,1,0,2026-09-26T18:34:08Z,31576900,10.1039/c9tb00822e,2019,"Engineering a multiphasic, integrated graft with a biologically developed cartilage-bone interface for osteochondral defect repair",Journal of materials chemistry. B
AMBC_FvXPgtkm7lyhhOgWFuqaJarLK2P,unmodified,[],3d_printed,"[""3d_printed""]",osteochondral,"[""osteochondral"", ""bioprinting"", ""in_vitro_cartilage""]",[],"[""MSC""]",3D_bioprint,human,,0,1,1,0,1,0,2026-09-26T18:34:08Z,30943457,10.1088/1758-5090/ab15cb,2019,3D bioprinted hydrogel model incorporating β-tricalcium phosphate for calcified cartilage tissue engineering,Biofabrication
AMBC_4ph8WaOkByO8rjUl6A4tqO32e9X,unmodified,[],injectable,"[""injectable""]",osteochondral,"[""osteochondral"", ""in_vivo_repair"", ""in_vitro_cartilage""]",[],"[""MSC""]",3D_encapsulation,rabbit,,0,1,1,0,1,0,2026-09-26T18:34:08Z,30481048,10.1177/0363546518808012,2019,Photopolymerizable Injectable Cartilage Mimetic Hydrogel for the Treatment of Focal Chondral Lesions: A Proof of Concept Study in a Rabbit Animal Model,The American journal of sports medicine
AMBC_KC3MiQONlClk2oucGqwY3ddGrgY,unmodified,[],injectable,"[""injectable""]",osteochondral,"[""osteochondral"", ""in_vivo_repair"", ""in_vitro_cartilage""]","[""chitosan""]","[""MSC""]",3D_encapsulation,rabbit,,0,1,1,0,1,0,2026-09-26T18:34:08Z,30889728,10.1016/j.msec.2019.01.115,2019,Repair of osteochondral defects using injectable chitosan-based hydrogel encapsulated synovial fluid-derived mesenchymal stem cells in a rabbit model,"Materials science & engineering. C, Materials for biological applications"
AMBC_99Lev97CdxuED6FMBaouoDm6CFK,unmodified,[],bulk_hydrogel,"[""bulk_hydrogel""]",osteochondral,"[""osteochondral"", ""in_vitro_cartilage""]","[""collagen""]","[""articular_chondrocyte""]",3D_encapsulation,bovine,,0,1,1,0,1,0,2026-09-26T18:34:04Z,31054572,10.1186/s12891-019-2566-4,2019,Continuous low-intensity ultrasound attenuates IL-6 and TNFα-induced catabolic effects and repairs chondral fissures in bovine osteochondral explants,BMC musculoskeletal disorders
AMBC_DMBtJPEGswKMkk1E2535ebK1S8s,unmodified,[],bulk_hydrogel,"[""bulk_hydrogel""]",osteochondral,"[""osteochondral"", ""in_vitro_cartilage""]","[""gelatin""]","[""articular_chondrocyte"", ""adipose_MSC""]",3D_encapsulation,human,,0,1,1,0,1,0,2026-09-26T18:34:04Z,30632465,10.1089/ten.TEA.2018.0237,2019,Impact of Hydrogel Stiffness on Differentiation of Human Adipose-Derived Stem Cell Microspheroids,Tissue engineering. Part A
AMBC_5jJQvrWVA7NMcNZXIffWlVKjEbw,unmodified,[],bulk_hydrogel,"[""bulk_hydrogel""]",osteochondral,"[""osteochondral"", ""drug_delivery"", ""in_vitro_cartilage""]","[""chitosan"", ""PVA""]","[""MSC""]",3D_encapsulation,,,0,1,1,0,1,0,2026-09-26T18:34:04Z,31138200,10.1186/s12891-019-2644-7,2019,Characterization of a novel polyvinyl alcohol/chitosan porous hydrogel combined with bone marrow mesenchymal stem cells and its application in articular cartilage repair,BMC musculoskeletal disorders
AMBC_P6AP1kW3CcV6hnJ6CaXPSi8AOU7,unmodified,[],bulk_hydrogel,"[""bulk_hydrogel""]",osteochondral,"[""osteochondral"", ""in_vitro_cartilage""]",[],[],3D_encapsulation,rabbit,,0,1,1,0,1,0,2026-09-26T18:34:04Z,31318103,10.1002/jor.24414,2019,Trypsin Pre-Treatment Combined With Growth Factor Functionalized Self-Assembling Peptide Hydrogel Improves Cartilage Repair in Rabbit Model,Journal of orthopaedic research : official publication of the Orthopaedic Research Society
AMBC_WpKKGbUcgaL9Bi8516iY1uBvEpx,methacrylated,"[""methacrylated""]",bulk_hydrogel,"[""bulk_hydrogel""]",osteochondral,"[""osteochondral"", ""in_vivo_repair"", ""in_vitro_cartilage""]","[""GelMA"", ""HA"", ""gelatin""]","[""MSC""]",3D_encapsulation,human,,0,1,1,0,1,0,2026-09-26T18:34:04Z,31066519,10.1002/term.2883,2019,Optimization of photocrosslinked gelatin/hyaluronic acid hybrid scaffold for the repair of cartilage defect,Journal of tissue engineering and regenerative medicine
AMBC_EYurTUMD6r4Vi0xPi9BCsjYaKZW,unmodified,[],injectable,"[""injectable""]",osteochondral,"[""osteochondral"", ""in_vitro_cartilage""]","[""alginate"", ""collagen"", ""agarose""]","[""articular_chondrocyte""]",3D_encapsulation,murine,,0,1,1,0,1,0,2026-09-26T18:34:04Z,30448699,10.1016/j.biomaterials.2018.11.017,2019,An injectable continuous stratified structurally and functionally biomimetic construct for enhancing osteochondral regeneration,Biomaterials
AMBC_LK2upJLaSy1VOv3Z5xiw0AXeUZM,unmodified,[],bulk_hydrogel,"[""bulk_hydrogel""]",osteochondral,"[""osteochondral"", ""in_vivo_repair"", ""in_vitro_cartilage""]","[""collagen""]","[""articular_chondrocyte""]",3D_encapsulation,human,,0,1,1,0,1,0,2026-09-26T18:34:04Z,30910621,10.1016/j.actbio.2019.03.040,2019,A soft 3D polyacrylate hydrogel recapitulates the cartilage niche and allows growth-factor free tissue engineering of human articular cartilage,Acta biomaterialia
AMBC_Rj1X9oBPWT5idxvbMeXqHpnv5Kl,unmodified,[],bulk_hydrogel,"[""bulk_hydrogel""]",in_vitro_cartilage,"[""in_vitro_cartilage""]","[""HA""]",[],3D_encapsulation,,,0,1,1,0,1,0,2026-09-26T18:34:09Z,31480001,10.1016/j.biomaterials.2019.119451,2019,Influence of hyaluronic acid modification on CD44 binding towards the design of hydrogel biomaterials,Biomaterials
AMBC_OcyrM4NknGE1XzdzT0cB53QAABb,unmodified,[],microsphere,"[""microsphere""]",in_vitro_cartilage,"[""in_vitro_cartilage""]",[],[],3D_encapsulation,,,0,1,1,0,1,0,2026-09-26T18:34:08Z,31319522,10.3390/mi10070480,2019,The Applications of 3D Printing for Craniofacial Tissue Engineering,Micromachines
AMBC_IpyxuJBZdaJWMxnL35NG2nfU1Po,unmodified,[],bulk_hydrogel,"[""bulk_hydrogel""]",in_vitro_cartilage,"[""in_vitro_cartilage""]","[""collagen""]","[""articular_chondrocyte"", ""MSC""]",3D_encapsulation,human,,0,1,1,0,1,0,2026-09-26T18:34:08Z,30881462,10.1155/2019/5130152,2019,Coculture of hWJMSCs and pACs in Oriented Scaffold Enhances Hyaline Cartilage Regeneration In Vitro,Stem cells international
AMBC_RpwzcfaRlUfu3dXZK9KL5rGau3X,methacrylated,"[""methacrylated""]",bulk_hydrogel,"[""bulk_hydrogel""]",in_vitro_cartilage,"[""in_vitro_cartilage""]",[],[],3D_encapsulation,,,0,1,1,0,1,0,2026-09-26T18:34:08Z,31071122,10.1371/journal.pone.0215895,2019,The effect of heterobifunctional crosslinkers on HEMA hydrogel modulus and toughness,PloS one
AMBC_Dmks72uh1eHF6czWoZjsLOMrKpQ,unmodified,[],injectable,"[""injectable""]",in_vitro_cartilage,"[""in_vitro_cartilage""]",[],"[""MSC""]",3D_encapsulation,,,0,1,1,0,1,0,2026-09-26T18:34:08Z,31508277,10.1002/advs.201900597,2019,Fine-Tunable and Injectable 3D Hydrogel for On-Demand Stem Cell Niche,"Advanced science (Weinheim, Baden-Wurttemberg, Germany)"
AMBC_JxO22TNOsq9AMKGveUd4dnMjrFM,unmodified,[],bulk_hydrogel,"[""bulk_hydrogel""]",in_vitro_cartilage,"[""in_vitro_cartilage""]","[""collagen""]","[""articular_chondrocyte"", ""MSC""]",3D_encapsulation,human,,0,1,1,0,1,0,2026-09-26T18:34:08Z,31320905,10.1155/2019/2186728,2019,Characterization of Different Sources of Human MSCs Expanded in Serum-Free Conditions with Quantification of Chondrogenic Induction in 3D,Stem cells international
AMBC_DPTJ0sGXYTHExo5ptwI78vE2bwg,unmodified,[],bulk_hydrogel,"[""bulk_hydrogel""]",in_vitro_cartilage,"[""in_vitro_cartilage""]","[""collagen""]",[],3D_encapsulation,,,0,1,1,0,1,0,2026-09-26T18:34:08Z,30058180,10.1111/nyas.13934,2019,Spatial correlation of native and engineered cartilage components at micron resolution,Annals of the New York Academy of Sciences
AMBC_3v9RRFtfVgItHdFDvg5Kok7RufK,genipin,"[""genipin""]",injectable,"[""injectable""]",in_vitro_cartilage,"[""in_vitro_cartilage""]","[""collagen""]",[],3D_encapsulation,,,0,1,1,0,1,0,2026-09-26T18:34:08Z,31453055,10.1002/advs.201900099,2019,Intensified Stiffness and Photodynamic Provocation in a Collagen-Based Composite Hydrogel Drive Chondrogenesis,"Advanced science (Weinheim, Baden-Wurttemberg, Germany)"
AMBC_FujrToOLJf7CGVz309dZwNxLpfK,unmodified,[],bulk_hydrogel,"[""bulk_hydrogel""]",in_vitro_cartilage,"[""in_vitro_cartilage""]",[],[],3D_encapsulation,,,0,1,1,0,1,0,2026-09-26T18:34:08Z,30669426,10.3390/md17010065,2019,Microcarriers Based on Glycosaminoglycan-Like Marine Exopolysaccharide for TGF-β1 Long-Term Protection,Marine drugs
AMBC_GTB05pOAG2BRz4ISdcOtkdTndet,unmodified,[],3d_printed,"[""3d_printed""]",in_vitro_cartilage,"[""in_vitro_cartilage""]","[""collagen"", ""chitosan""]","[""ATDC5""]",3D_bioprint,,,0,1,1,0,1,0,2026-09-26T18:34:08Z,30912929,10.1021/acs.biomac.8b01589,2019,Three-Dimensional Bioprinting of Cell-Laden Constructs Using Polysaccharide-Based Self-Healing Hydrogels,Biomacromolecules
AMBC_PukIkUicI9zi652pzwWKAMuSYij,tyramine,"[""tyramine""]",injectable,"[""injectable""]",in_vitro_cartilage,"[""in_vitro_cartilage""]","[""HA"", ""collagen""]","[""articular_chondrocyte"", ""MSC""]",3D_encapsulation,human,,0,1,1,0,1,0,2026-09-26T18:34:08Z,30366137,10.1016/j.actbio.2018.10.031,2019,An injectable platelet lysate-hyaluronic acid hydrogel supports cellular activities and induces chondrogenesis of encapsulated mesenchymal stem cells,Acta biomaterialia
AMBC_3isAJ9PXOETWVvZBK0wx2vGq9pN,sulfated,"[""sulfated""]",bulk_hydrogel,"[""bulk_hydrogel""]",in_vitro_cartilage,"[""in_vitro_cartilage""]",[],"[""MSC""]",3D_encapsulation,,,0,1,1,0,1,0,2026-09-26T18:34:08Z,31183408,10.1126/sciadv.aaw7396,2019,"Modular, tissue-specific, and biodegradable hydrogel cross-linkers for tissue engineering",Science advances
AMBC_V0Qxed8rxEADT2HcSqLIVwcLXVN,sulfated,"[""sulfated""]",bulk_hydrogel,"[""bulk_hydrogel""]",in_vitro_cartilage,"[""in_vitro_cartilage""]","[""PEG""]","[""MSC""]",3D_encapsulation,,,0,1,1,0,1,0,2026-09-26T18:34:08Z,30672386,10.1089/ten.TEA.2018.0289,2019,Comparing Single Cell Versus Pellet Encapsulation of Mesenchymal Stem Cells in Three-Dimensional Hydrogels for Cartilage Regeneration,Tissue engineering. Part A
AMBC_YQWOMSZDcOF92IKvGUbbb7bthJ1,unmodified,[],injectable,"[""injectable""]",in_vitro_cartilage,"[""in_vitro_cartilage""]",[],"[""articular_chondrocyte""]",3D_encapsulation,,,0,1,1,0,1,0,2026-09-26T18:34:08Z,31094096,10.1002/adhm.201900312,2019,Injectable Cholesterol-Enhanced Stereocomplex Polylactide Thermogel Loading Chondrocytes for Optimized Cartilage Regeneration,Advanced healthcare materials
AMBC_6XFMUd0mvmSs6yMM2rIpsBSwAw,methacrylated,"[""methacrylated""]",bulk_hydrogel,"[""bulk_hydrogel""]",in_vitro_cartilage,"[""in_vitro_cartilage""]","[""collagen"", ""gelatin""]",[],3D_encapsulation,,,0,1,1,0,1,0,2026-09-26T18:34:08Z,31233890,10.1016/j.actbio.2019.06.030,2019,Bi-layered micro-fibre reinforced hydrogels for articular cartilage regeneration,Acta biomaterialia
AMBC_884AYoCZ6q1kq5mQxI7VcXcqUKY,unmodified,[],bulk_hydrogel,"[""bulk_hydrogel""]",in_vitro_cartilage,"[""in_vitro_cartilage""]","[""HA"", ""alginate""]","[""articular_chondrocyte"", ""ATDC5""]",3D_encapsulation,,,0,1,1,0,1,0,2026-09-26T18:34:08Z,31221310,10.1016/j.carbpol.2019.04.067,2019,Hyaluronate-alginate hybrid hydrogels prepared with various linkers for chondrocyte encapsulation,Carbohydrate polymers
AMBC_Ihj5VKka42Gq8H8oSiKjP9jEi1A,unmodified,[],bulk_hydrogel,"[""bulk_hydrogel""]",in_vitro_cartilage,"[""in_vitro_cartilage""]",[],"[""MSC""]",3D_encapsulation,rabbit,,0,1,1,0,1,0,2026-09-26T18:34:08Z,35492543,10.1039/c9ra07874f,2019,Pulse electromagnetic fields enhance the repair of rabbit articular cartilage defects with magnetic nano-hydrogel,RSC advances
AMBC_Jpy1onDk67J3FykwmDFYSHd2wxq,genipin,"[""genipin""]",bulk_hydrogel,"[""bulk_hydrogel""]",in_vitro_cartilage,"[""in_vitro_cartilage""]","[""fibrin""]",[],3D_encapsulation,rabbit,,0,1,1,0,1,0,2026-09-26T18:34:08Z,30862177,10.1177/0003489419836667,2019,Fibrin-Genipin Hydrogel for Cartilage Tissue Engineering in Nasal Reconstruction,"The Annals of otology, rhinology, and laryngology"
AMBC_HLI8yCREVKqIXzR1e1oQlB1elYT,unmodified,[],bulk_hydrogel,"[""bulk_hydrogel""]",in_vitro_cartilage,"[""in_vitro_cartilage""]","[""collagen""]","[""articular_chondrocyte""]",3D_encapsulation,human,,0,1,1,0,1,0,2026-09-26T18:34:08Z,30572166,10.1016/j.actbio.2018.12.022,2019,Intact vitreous humor as a potential extracellular matrix hydrogel for cartilage tissue engineering applications,Acta biomaterialia
AMBC_6QoOvgp0gaJ3vWzrIV91slaxZIg,sulfated,"[""sulfated""]",bulk_hydrogel,"[""bulk_hydrogel""]",in_vitro_cartilage,"[""in_vitro_cartilage""]","[""silk_fibrin""]",[],3D_encapsulation,,,0,1,1,0,1,0,2026-09-26T18:34:08Z,30706299,10.1007/s40204-019-0108-7,2019,A silk fibroin/decellularized extract of Wharton's jelly hydrogel intended for cartilage tissue engineering,Progress in biomaterials
AMBC_IKOM8mH1p2H0FnIPpeOlUrbbpCG,unmodified,[],bulk_hydrogel,"[""bulk_hydrogel""]",in_vitro_cartilage,"[""in_vitro_cartilage""]","[""alginate"", ""chitosan""]",[],3D_encapsulation,,,0,1,1,0,1,0,2026-09-26T18:34:08Z,31218857,10.7518/hxkq.2019.03.005,2019,Preparation and evaluation of carboxymethyl chitosan/sodium alginate hydrogel for cartilage tissue engineering,Hua xi kou qiang yi xue za zhi = Huaxi kouqiang yixue zazhi = West China journal of stomatology
AMBC_CjIQEJ8OK00bwXc8aDN5MFV2HWa,unmodified,[],bulk_hydrogel,"[""bulk_hydrogel""]",in_vitro_cartilage,"[""in_vitro_cartilage""]","[""collagen""]","[""articular_chondrocyte""]",3D_encapsulation,,,0,1,1,0,1,0,2026-09-26T18:34:04Z,30535443,10.3892/ijmm.2018.4016,2019,Inhibition of protein kinase CK2 facilitates cellular senescence by inhibiting the expression of HO-1 in articular chondrocytes,International journal of molecular medicine
AMBC_Y4SPRGMOqzaLmmTEEhh8jttihF,unmodified,[],bulk_hydrogel,"[""bulk_hydrogel""]",in_vitro_cartilage,"[""in_vitro_cartilage""]","[""collagen""]","[""MSC""]",3D_encapsulation,rabbit,,0,1,1,0,1,0,2026-09-26T18:34:04Z,30967964,10.1093/rb/rbz005,2019,Dynamic mechanical loading facilitated chondrogenic differentiation of rabbit BMSCs in collagen scaffolds,Regenerative biomaterials
AMBC_TPH39hZAt6fh38NwLGMxnr5DMam,unmodified,[],bulk_hydrogel,"[""bulk_hydrogel""]",in_vitro_cartilage,"[""in_vitro_cartilage""]","[""HA"", ""collagen""]","[""articular_chondrocyte""]",3D_encapsulation,human,TGF_b3,0,1,1,0,1,0,2026-09-26T18:34:04Z,30650248,10.1002/term.2795,2019,Effect of the small compound TD-198946 on glycosaminoglycan synthesis and transforming growth factor β3-associated chondrogenesis of human synovium-derived stem cells in vitro,Journal of tissue engineering and regenerative medicine
AMBC_4HI3GJrpKGulbsBGjnin1rEDqbw,unmodified,[],bulk_hydrogel,"[""bulk_hydrogel""]",in_vitro_cartilage,"[""in_vitro_cartilage""]","[""collagen""]","[""articular_chondrocyte""]",3D_encapsulation,murine,,0,1,1,0,1,0,2026-09-26T18:34:04Z,30579604,10.1016/j.bbrc.2018.12.111,2019,Endoplasmic reticulum stress is induced in growth plate hypertrophic chondrocytes in G610C mouse model of osteogenesis imperfecta,Biochemical and biophysical research communications
AMBC_WfIEoOTpyqhLwTyqOBvPRZqu9ue,unmodified,[],bulk_hydrogel,"[""bulk_hydrogel""]",in_vitro_cartilage,"[""in_vitro_cartilage""]","[""collagen""]","[""articular_chondrocyte""]",3D_encapsulation,,,0,1,1,0,1,0,2026-09-26T18:34:04Z,31111559,10.1002/jcb.28977,2019,Long noncoding RNA MALAT-1 inhibits apoptosis and matrix metabolism disorder in interleukin-1β-induced inflammation in articular chondrocytes via the JNK signaling pathway,Journal of cellular biochemistry
AMBC_DFMRh2w7ZMWFbHg87jrn8AolCpv,unmodified,[],bulk_hydrogel,"[""bulk_hydrogel""]",in_vitro_cartilage,"[""in_vitro_cartilage""]",[],"[""articular_chondrocyte"", ""MSC""]",3D_encapsulation,,,0,1,1,0,1,0,2026-09-26T18:34:04Z,31007085,10.1080/21691401.2019.1604534,2019,Allogenic chondrocyte/osteoblast-loaded β-tricalcium phosphate bioceramic scaffolds for articular cartilage defect treatment,"Artificial cells, nanomedicine, and biotechnology"
AMBC_GyaLf7GJ6awe8c5kJIywigCzih9,unmodified,[],monolayer,"[""monolayer""]",in_vitro_cartilage,"[""in_vitro_cartilage""]","[""PVA""]","[""articular_chondrocyte""]",2D,bovine,,0,1,1,0,1,0,2026-09-26T18:34:04Z,30588859,10.1080/09205063.2018.1563847,2019,Self-assembled monolayers of phosphonates promote primary chondrocyte adhesion to silicon dioxide and polyvinyl alcohol materials,Journal of biomaterials science. Polymer edition
AMBC_Ma7rnOY5SKJqtUN6XSGZCOOm4qM,unmodified,[],bulk_hydrogel,"[""bulk_hydrogel""]",in_vitro_cartilage,"[""in_vitro_cartilage""]","[""collagen""]","[""articular_chondrocyte""]",3D_encapsulation,human,,0,1,1,0,1,0,2026-09-26T18:34:04Z,29582672,10.1177/1947603518764281,2019,Effect of Hyperbaric Oxygen on Proliferation and Gene Expression of Human Chondrocytes: An In Vitro Study,Cartilage
AMBC_8vrNqrwxoAFHUnDa1sdrDTbCqdX,unmodified,[],bulk_hydrogel,"[""bulk_hydrogel""]",in_vitro_cartilage,"[""in_vitro_cartilage""]","[""PEG""]","[""articular_chondrocyte"", ""adipose_MSC""]",3D_encapsulation,murine,,0,1,1,0,1,0,2026-09-26T18:34:04Z,31737672,10.1155/2019/6508094,2019,Biological Influence of Nonswelling Microgels on Cartilage Induction of Mouse Adipose-Derived Stem Cells,BioMed research international
AMBC_KcV7M8xEljN0T2uVsCkaTqEKWQb,sulfated,"[""sulfated""]",bulk_hydrogel,"[""bulk_hydrogel""]",in_vitro_cartilage,"[""in_vitro_cartilage""]",[],"[""articular_chondrocyte""]",3D_encapsulation,,,0,1,1,0,1,0,2026-09-26T18:34:04Z,31676809,10.1038/s41598-019-52358-4,2019,Degrading products of chondroitin sulfate can induce hypertrophy-like changes and MMP-13/ADAMTS5 production in chondrocytes,Scientific reports
AMBC_WKx5zhtpUhnBx6iNF1VS0PXZPyw,rgd_conjugated,"[""rgd_conjugated"", ""sulfated""]",bulk_hydrogel,"[""bulk_hydrogel""]",in_vitro_cartilage,"[""in_vitro_cartilage""]","[""collagen""]","[""MSC""]",3D_encapsulation,human,,0,1,1,0,1,0,2026-09-26T18:34:04Z,30391802,10.1016/j.biomaterials.2018.10.028,2019,The role of chondroitin sulfate in regulating hypertrophy during MSC chondrogenesis in a cartilage mimetic hydrogel under dynamic loading,Biomaterials
AMBC_Cu4YYNo8RULhUmEPhehHGaWXfqb,enzymatic,"[""enzymatic""]",ipn,"[""ipn""]",in_vitro_cartilage,"[""in_vitro_cartilage""]","[""alginate"", ""PEG"", ""fibrin""]","[""MSC""]",3D_bioprint,human,,0,1,1,0,1,0,2026-09-26T18:34:04Z,34108852,10.1002/adfm.201906330,2019,3D Printed Cartilage-Like Tissue Constructs with Spatially Controlled Mechanical Properties,Advanced functional materials
AMBC_4mV4Ld6k756otzTqSdIklPqgqnK,unmodified,[],bulk_hydrogel,"[""bulk_hydrogel""]",in_vitro_cartilage,"[""in_vitro_cartilage""]","[""HA""]","[""articular_chondrocyte"", ""ATDC5""]",3D_encapsulation,,,0,1,1,0,1,0,2026-09-26T18:34:04Z,31476142,10.3233/BME-191060,2019,Plate-like hydroxyapatite synthesized from dodecanedioic acid enhances chondrogenic cell proliferation,Bio-medical materials and engineering
AMBC_UV6Ed1ew8ADLwEdhFm2V11gcfVB,unmodified,[],bulk_hydrogel,"[""bulk_hydrogel""]",in_vitro_cartilage,"[""in_vitro_cartilage""]",[],"[""articular_chondrocyte"", ""MSC""]",3D_encapsulation,,,0,1,1,0,1,0,2026-09-26T18:34:04Z,31040937,10.1177/2041731419842431,2019,Identifying chondrogenesis strategies for tissue engineering of articular cartilage,Journal of tissue engineering
AMBC_aKTN56DzXFb86mmA6VxRSVSuQr7,unmodified,[],bulk_hydrogel,"[""bulk_hydrogel""]",in_vitro_cartilage,"[""in_vitro_cartilage""]","[""HA"", ""PVA""]","[""articular_chondrocyte""]",3D_encapsulation,rabbit,,0,1,1,0,1,0,2026-09-26T18:34:04Z,31847866,10.1186/s13018-019-1450-0,2019,Design and evaluation of nano-hydroxyapatite/poly(vinyl alcohol) hydrogels coated with poly(lactic-co-glycolic acid)/nano-hydroxyapatite/poly(vinyl alcohol) scaffolds for cartilage repair,Journal of orthopaedic surgery and research
AMBC_Jn4MgS6BvbdIz0o43ZmL0wgi7wo,unmodified,[],bulk_hydrogel,"[""bulk_hydrogel""]",in_vitro_cartilage,"[""in_vitro_cartilage""]",[],"[""articular_chondrocyte""]",3D_encapsulation,,,0,1,1,0,1,0,2026-09-26T18:34:04Z,31404789,10.1016/j.biomaterials.2019.119409,2019,Improved zonal chondrocyte production protocol integrating size-based inertial spiral microchannel separation and dynamic microcarrier culture for clinical application,Biomaterials
AMBC_Jp53DG7FDAWbYoVPcOXYwoHUfvz,unmodified,[],bulk_hydrogel,"[""bulk_hydrogel""]",in_vitro_cartilage,"[""in_vitro_cartilage""]","[""alginate""]","[""articular_chondrocyte""]",3D_encapsulation,,,0,1,1,0,1,0,2026-09-26T18:34:04Z,31566611,10.3791/59676,2019,A Microfluidic Platform for Stimulating Chondrocytes with Dynamic Compression,Journal of visualized experiments : JoVE
AMBC_xlmUEYiuTF4pOyGXQYKSQ97pfq,unmodified,[],bulk_hydrogel,"[""bulk_hydrogel""]",in_vitro_cartilage,"[""in_vitro_cartilage""]","[""collagen""]","[""iPSC""]",3D_encapsulation,human,TGF_b3,0,1,1,0,1,0,2026-09-26T18:34:04Z,31626251,10.1039/c9bm01081e,2019,Dynamic mechanical loading and growth factors influence chondrogenesis of induced pluripotent mesenchymal progenitor cells in a cartilage-mimetic hydrogel,Biomaterials science
AMBC_9zF7l1EWIXzP7jbEpiICdGoTCyH,sulfated,"[""sulfated""]",monolayer,"[""monolayer""]",in_vitro_cartilage,"[""in_vitro_cartilage""]","[""collagen""]","[""articular_chondrocyte""]",2D,,,0,1,1,0,1,0,2026-09-26T18:34:04Z,30646566,10.3390/ijms20020316,2019,Redifferentiation of Articular Chondrocytes by Hyperacute Serum and Platelet Rich Plasma in Collagen Type I Hydrogels,International journal of molecular sciences
AMBC_HEwT9bDuyTb0SQ5QyO8sSStda5R,unmodified,[],bulk_hydrogel,"[""bulk_hydrogel""]",in_vitro_cartilage,"[""in_vitro_cartilage""]","[""collagen"", ""agarose""]","[""articular_chondrocyte""]",3D_encapsulation,human,,0,1,1,0,1,0,2026-09-26T18:34:04Z,30964967,10.1002/term.2863,2019,Effects of hydrostatic pressure and deviatoric stress on human articular chondrocytes for designing neo-cartilage construct,Journal of tissue engineering and regenerative medicine
AMBC_PdpWABIkpVkW3nsudQCDW62E8nz,sulfated,"[""sulfated""]",bulk_hydrogel,"[""bulk_hydrogel""]",in_vitro_cartilage,"[""in_vitro_cartilage""]","[""collagen""]","[""articular_chondrocyte""]",3D_encapsulation,,,0,1,1,0,1,0,2026-09-26T18:34:04Z,30419278,10.1016/j.actbio.2018.11.014,2019,Hydrazone covalent adaptable networks modulate extracellular matrix deposition for cartilage tissue engineering,Acta biomaterialia
AMBC_7lXKdMWWkyuDWRfTTh8ZQLKoRup,unmodified,[],bulk_hydrogel,"[""bulk_hydrogel""]",in_vitro_cartilage,"[""in_vitro_cartilage""]","[""collagen"", ""gelatin""]","[""articular_chondrocyte""]",3D_encapsulation,bovine,,0,1,1,0,1,0,2026-09-26T18:34:04Z,31755881,10.1039/c9tb02204j,2019,Solution viscosity regulates chondrocyte proliferation and phenotype during 3D culture,Journal of materials chemistry. B
AMBC_MGtUROcHKC8xKVLbsXphrelpoOp,unmodified,[],bulk_hydrogel,"[""bulk_hydrogel""]",in_vitro_cartilage,"[""in_vitro_cartilage""]","[""collagen"", ""chitosan""]","[""articular_chondrocyte"", ""MSC""]",3D_encapsulation,,,0,1,1,0,1,0,2026-09-26T18:34:04Z,31601910,10.1038/s41598-019-51070-7,2019,The interplay between chondrocyte spheroids and mesenchymal stem cells boosts cartilage regeneration within a 3D natural-based hydrogel,Scientific reports
AMBC_MXszvnttJt984I6hnBEOyntTKk8,methacrylated,"[""methacrylated"", ""photo_I2959"", ""photo_LAP""]",monolayer,"[""monolayer""]",in_vitro_cartilage,"[""in_vitro_cartilage""]","[""GelMA"", ""HA"", ""collagen"", ""gelatin""]","[""articular_chondrocyte""]",2D,human,,0,1,1,0,1,0,2026-09-26T18:34:04Z,32254918,10.1039/c8tb02607f,2019,Effect of gelatin source and photoinitiator type on chondrocyte redifferentiation in gelatin methacryloyl-based tissue-engineered cartilage constructs,Journal of materials chemistry. B
AMBC_KkPya6RUv34tJuRwYfozSCGbz8c,rgd_conjugated,"[""rgd_conjugated"", ""sulfated""]",3d_printed,"[""3d_printed""]",bioprinting,"[""bioprinting"", ""in_vitro_cartilage""]","[""collagen"", ""agarose""]","[""articular_chondrocyte""]",3D_bioprint,human,,0,1,1,0,1,0,2026-09-26T18:34:04Z,30889635,10.1016/j.msec.2019.01.080,2019,RGDSP functionalized carboxylated agarose as extrudable carriers for chondrocyte delivery,"Materials science & engineering. C, Materials for biological applications"
EPMC_31687424,unmodified,[],bulk_hydrogel,"[""bulk_hydrogel""]",auricular,"[""auricular"", ""in_vitro_cartilage""]","[""collagen""]","[""articular_chondrocyte"", ""auricular_chondrocyte""]",3D_encapsulation,,,0,1,1,0,1,0,2026-09-26T18:34:14Z,31687424,10.1016/j.reth.2019.10.002,2019,Proliferation medium in three-dimensional culture of auricular chondrocytes promotes effective cartilage regeneration <i>in vivo</i>.,Regenerative therapy
EPMC_31593718,methacrylated,"[""methacrylated""]",bulk_hydrogel,"[""bulk_hydrogel""]",auricular,"[""auricular"", ""in_vitro_cartilage""]",[],"[""MSC""]",3D_encapsulation,rabbit,,0,1,1,0,1,0,2026-09-26T18:34:14Z,31593718,10.1016/j.ijbiomac.2019.09.104,2019,Bioinspired poly (γ-glutamic acid) hydrogels for enhanced chondrogenesis of bone marrow-derived mesenchymal stem cells.,International journal of biological macromolecules
EPMC_31381498,unmodified,[],bulk_hydrogel,"[""bulk_hydrogel""]",auricular,"[""auricular"", ""in_vivo_repair"", ""in_vitro_cartilage""]","[""collagen""]","[""articular_chondrocyte"", ""auricular_chondrocyte"", ""MSC""]",3D_encapsulation,human,,0,1,1,0,1,0,2026-09-26T18:34:14Z,31381498,10.1051/rmr/190001,2019,Implant-type tissue-engineered cartilage derived from human auricular chondrocyte may maintain cartilaginous property even under osteoinductive condition.,Regenerative medicine research
EPMC_PMC6808302,unmodified,[],bulk_hydrogel,"[""bulk_hydrogel""]",auricular,"[""auricular"", ""in_vitro_cartilage""]","[""HA"", ""collagen""]","[""articular_chondrocyte""]",3D_encapsulation,human,,0,1,1,0,1,0,2026-09-26T18:34:14Z,,,2019,3221 Optimization of chondrogenesis on 3-dimensionally printed porous tissue bioscaffolds for auricular tissue engineering,Journal of clinical and translational science
AMBC_W5CqTP0ZrGdJdnFgyUKkbxCnnLk,unmodified,[],bulk_hydrogel,"[""bulk_hydrogel""]",auricular,"[""auricular"", ""in_vivo_repair"", ""in_vitro_cartilage""]","[""collagen""]","[""articular_chondrocyte"", ""auricular_chondrocyte""]",3D_encapsulation,,,0,1,1,0,1,0,2026-09-26T18:34:04Z,31492826,10.18632/aging.102237,2019,Chondrocyte sheet in vivo cartilage regeneration technique using miR-193b-3p to target MMP16,Aging
AMBC_MUI0mCQoO107xh9O5h0ONLM0zu3,unmodified,[],3d_printed,"[""3d_printed""]",auricular,"[""auricular"", ""tracheal"", ""in_vitro_cartilage""]",[],"[""articular_chondrocyte""]",3D_bioprint,,,0,1,1,0,1,0,2026-09-26T18:34:04Z,30765760,10.1038/s41598-019-38565-z,2019,Experimental Tracheal Replacement Using 3-dimensional Bioprinted Artificial Trachea with Autologous Epithelial Cells and Chondrocytes,Scientific reports
AMBC_5zykdS6BqJcuJeaNPk5meTAA4Gd,unmodified,[],bulk_hydrogel,"[""bulk_hydrogel""]",osteochondral,"[""osteochondral"", ""drug_delivery""]",[],[],3D_encapsulation,,,0,1,1,0,1,0,2026-09-26T18:34:09Z,29393880,10.3390/ijms19020446,2018,Temporomandibular Joint Regenerative Medicine,International journal of molecular sciences
AMBC_AYq2QfbCwK7H6o6pJzQAuKkl3Cx,unmodified,[],bulk_hydrogel,"[""bulk_hydrogel""]",osteochondral,"[""osteochondral"", ""in_vivo_repair"", ""in_vitro_cartilage""]","[""gelatin""]","[""MSC""]",3D_encapsulation,rabbit,,0,1,1,0,1,0,2026-09-26T18:34:08Z,30158625,10.1038/s41419-018-0914-1,2018,Enhanced articular cartilage regeneration with SIRT1-activated MSCs using gelatin-based hydrogel,Cell death & disease
AMBC_5kEPMSuC4HTBx0zWPI4WguW7dgx,unmodified,[],bulk_hydrogel,"[""bulk_hydrogel""]",osteochondral,"[""osteochondral"", ""drug_delivery"", ""in_vitro_cartilage""]","[""agarose""]","[""articular_chondrocyte"", ""MSC""]",3D_encapsulation,human,,0,1,1,0,1,0,2026-09-26T18:34:08Z,29852377,10.1016/j.biomaterials.2018.05.029,2018,Glycosylated superparamagnetic nanoparticle gradients for osteochondral tissue engineering,Biomaterials
AMBC_JkTAOBMUh8ftUp1PdTYjexUSxv1,methacrylated,"[""methacrylated""]",bulk_hydrogel,"[""bulk_hydrogel""]",osteochondral,"[""osteochondral"", ""in_vivo_repair"", ""in_vitro_cartilage""]","[""HA""]","[""articular_chondrocyte""]",3D_encapsulation,porcine,,0,1,1,0,1,0,2026-09-26T18:34:08Z,29642550,10.3390/ijms19041125,2018,Healing of Osteochondral Defects Implanted with Biomimetic Scaffolds of Poly(ε-Caprolactone)/Hydroxyapatite and Glycidyl-Methacrylate-Modified Hyaluronic Acid in a Minipig,International journal of molecular sciences
AMBC_RdGKWe5p3uH8U3fdaqbYnzsHPZW,unmodified,[],monolayer,"[""monolayer""]",osteochondral,"[""osteochondral"", ""in_vivo_repair"", ""in_vitro_cartilage""]","[""alginate""]","[""MSC""]",2D,human,,0,1,1,0,1,0,2026-09-26T18:34:08Z,29873069,10.1002/bit.26736,2018,Live imaging flow bioreactor for the simulation of articular cartilage regeneration after treatment with bioactive hydrogel,Biotechnology and bioengineering
AMBC_QTKwZo8gsx9LJz3HsQj1cyGyYnn,unmodified,[],bilayer,"[""bilayer"", ""ipn""]",osteochondral,"[""osteochondral"", ""in_vitro_cartilage""]","[""HA"", ""alginate"", ""cellulose""]",[],3D_encapsulation,,,0,1,1,0,1,0,2026-09-26T18:34:08Z,33465904,10.1021/acsbiomaterials.8b00682,2018,Biomimetic Bacterial Cellulose-Enhanced Double-Network Hydrogel with Excellent Mechanical Properties Applied for the Osteochondral Defect Repair,ACS biomaterials science & engineering
AMBC_Y6qZy2aPpFHun4IYGj4dAa58BKy,unmodified,[],bilayer,"[""bilayer""]",osteochondral,"[""osteochondral"", ""in_vivo_repair"", ""drug_delivery"", ""in_vitro_cartilage""]",[],[],3D_encapsulation,,,0,1,1,0,1,0,2026-09-26T18:34:08Z,30031911,10.1016/j.actbio.2018.07.039,2018,Functionally graded multilayer scaffolds for in vivo osteochondral tissue engineering,Acta biomaterialia
AMBC_VYARAfCOCupwYRgKBgdhKg09s9Q,unmodified,[],injectable,"[""injectable"", ""monolayer""]",osteochondral,"[""osteochondral"", ""in_vivo_repair"", ""in_vitro_cartilage""]","[""alginate""]","[""articular_chondrocyte""]",2D,rabbit,,0,1,1,0,1,0,2026-09-26T18:34:08Z,28815373,10.1007/s10561-017-9649-y,2018,Autologous nasal chondrocytes delivered by injectable hydrogel for in vivo articular cartilage regeneration,Cell and tissue banking
AMBC_Hn5mkNWA557BO2qm7kjQCqwGKTu,unmodified,[],injectable,"[""injectable""]",osteochondral,"[""osteochondral"", ""in_vitro_cartilage""]",[],[],3D_encapsulation,,,0,1,1,0,1,0,2026-09-26T18:34:04Z,29266791,10.1002/mabi.201700267,2018,A Stereolithography-Based 3D Printed Hybrid Scaffold for In Situ Cartilage Defect Repair,Macromolecular bioscience
AMBC_289f28qAzSPOclwz0vZts6O9vx3,unmodified,[],3d_printed,"[""3d_printed""]",osteochondral,"[""osteochondral"", ""in_vivo_repair"", ""in_vitro_cartilage""]","[""alginate"", ""collagen""]","[""articular_chondrocyte""]",3D_bioprint,,,0,1,1,0,1,0,2026-09-26T18:34:04Z,30524110,10.1088/1758-5090/aaf44a,2018,Homogeneous hydroxyapatite/alginate composite hydrogel promotes calcified cartilage matrix deposition with potential for three-dimensional bioprinting,Biofabrication
AMBC_OqGOUqwaBPfLZkRYG8R0djj7BMb,unmodified,[],bulk_hydrogel,"[""bulk_hydrogel""]",osteochondral,"[""osteochondral"", ""in_vivo_repair"", ""in_vitro_cartilage""]","[""collagen""]","[""articular_chondrocyte""]",3D_encapsulation,human,,0,1,1,0,1,0,2026-09-26T18:34:04Z,30559344,10.1038/s41598-018-36200-x,2018,In vitro Chondrocyte Responses in Mg-doped Wollastonite/Hydrogel Composite Scaffolds for Osteochondral Interface Regeneration,Scientific reports
AMBC_znA3IWrsxWsy7PPaq6weS0IFA3,unmodified,[],injectable,"[""injectable""]",osteochondral,"[""osteochondral"", ""in_vivo_repair"", ""in_vitro_cartilage""]","[""collagen"", ""agarose"", ""dextran""]","[""articular_chondrocyte"", ""adipose_MSC""]",3D_encapsulation,human,,0,1,1,0,1,0,2026-09-26T18:34:04Z,30088443,10.1089/ten.TEC.2018.0085,2018,An Injectable Bioorthogonal Dextran Hydrogel for Enhanced Chondrogenesis of Primary Stem Cells,"Tissue engineering. Part C, Methods"
AMBC_93aYe1xfYpyvYqNua2m97NsslmX,unmodified,[],bulk_hydrogel,"[""bulk_hydrogel""]",osteochondral,"[""osteochondral"", ""in_vitro_cartilage""]",[],"[""articular_chondrocyte""]",3D_encapsulation,,,0,1,1,0,1,0,2026-09-26T18:34:04Z,28884783,10.14573/altex.1704171,2018,Ex vivo model unravelling cell distribution effect in hydrogels for cartilage repair,ALTEX
AMBC_1VZy6HygrkC8HtqhpQJNfyItpXZ,unmodified,[],bulk_hydrogel,"[""bulk_hydrogel""]",in_vitro_cartilage,"[""in_vitro_cartilage""]",[],[],3D_encapsulation,murine,,0,1,1,0,1,0,2026-09-26T18:34:09Z,29352963,10.1016/j.ydbio.2017.12.022,2018,Three-dimensional visualization of extracellular matrix networks during murine development,Developmental biology
AMBC_LNX7HmZzTY1VawyfkeHpgnzAYuQ,unmodified,[],bulk_hydrogel,"[""bulk_hydrogel""]",in_vitro_cartilage,"[""in_vitro_cartilage""]",[],[],3D_encapsulation,,,0,1,1,0,1,0,2026-09-26T18:34:09Z,29693604,10.3390/ijms19051285,2018,Adult Stem Cells Spheroids to Optimize Cell Colonization in Scaffolds for Cartilage and Bone Tissue Engineering,International journal of molecular sciences
AMBC_OLUuFMtyGjlYutznHwddPwAg6j0,methacrylated,"[""methacrylated""]",3d_printed,"[""3d_printed""]",in_vitro_cartilage,"[""in_vitro_cartilage""]","[""GelMA"", ""gelatin""]","[""articular_chondrocyte""]",3D_bioprint,human,,0,1,1,0,1,0,2026-09-26T18:34:08Z,29199637,10.1088/1758-5090/aa9ef1,2018,Automated 3D bioassembly of micro-tissues for biofabrication of hybrid tissue engineered constructs,Biofabrication
AMBC_GVj0nVYftyR3q2R5Tl3DTwE684g,unmodified,[],bulk_hydrogel,"[""bulk_hydrogel""]",in_vitro_cartilage,"[""in_vitro_cartilage""]",[],[],3D_encapsulation,,,0,1,1,0,1,0,2026-09-26T18:34:08Z,28779266,10.1007/s10237-017-0941-3,2018,In silico study of bone tissue regeneration in an idealised porous hydrogel scaffold using a mechano-regulation algorithm,Biomechanics and modeling in mechanobiology
AMBC_H5V4emZODW8Rq2mnPpcNgyWjmXb,methacrylated,"[""methacrylated""]",3d_printed,"[""3d_printed""]",in_vitro_cartilage,"[""in_vitro_cartilage""]","[""GelMA"", ""gelatin""]","[""MSC""]",3D_encapsulation,,,0,1,1,0,1,0,2026-09-26T18:34:08Z,29432987,10.1016/j.biomaterials.2018.01.057,2018,3D printed microchannel networks to direct vascularisation during endochondral bone repair,Biomaterials
AMBC_LbEYF7IYt60reWWIgunmQOVnJ3K,unmodified,[],bulk_hydrogel,"[""bulk_hydrogel""]",in_vitro_cartilage,"[""in_vitro_cartilage""]","[""HA"", ""collagen""]","[""MSC""]",3D_encapsulation,,,0,1,1,0,1,0,2026-09-26T18:34:08Z,29359863,10.1002/adhm.201701199,2018,Dose and Timing of N-Cadherin Mimetic Peptides Regulate MSC Chondrogenesis within Hydrogels,Advanced healthcare materials
AMBC_PmSMZqhy9YchL52Z5fmYYAggy1B,unmodified,[],bulk_hydrogel,"[""bulk_hydrogel""]",in_vitro_cartilage,"[""in_vitro_cartilage""]",[],[],3D_encapsulation,,,0,1,1,0,1,0,2026-09-26T18:34:08Z,29497465,10.1186/s41232-018-0059-8,2018,Piezoelectric smart biomaterials for bone and cartilage tissue engineering,Inflammation and regeneration
AMBC_6Eif34b4q0SoXHSPcUuJPrUUEUQ,unmodified,[],bulk_hydrogel,"[""bulk_hydrogel""]",in_vitro_cartilage,"[""in_vitro_cartilage""]","[""collagen""]","[""articular_chondrocyte""]",3D_encapsulation,,,0,1,1,0,1,0,2026-09-26T18:34:08Z,29286211,10.1002/term.2630,2018,Characterization of costal cartilage and its suitability as a cell source for articular cartilage tissue engineering,Journal of tissue engineering and regenerative medicine
AMBC_M2bZbauKXKfsFNqAUTHpDRAKQOp,unmodified,[],3d_printed,"[""3d_printed""]",in_vitro_cartilage,"[""in_vitro_cartilage""]","[""collagen"", ""agarose""]",[],3D_bioprint,,,0,1,1,0,1,0,2026-09-26T18:34:08Z,30221829,10.1002/adhm.201800894,2018,Incorporating 4D into Bioprinting: Real-Time Magnetically Directed Collagen Fiber Alignment for Generating Complex Multilayered Tissues,Advanced healthcare materials
AMBC_BLokjbFJ3zolpPRCd0MRAyel6XO,unmodified,[],bulk_hydrogel,"[""bulk_hydrogel""]",in_vitro_cartilage,"[""in_vitro_cartilage""]",[],[],3D_encapsulation,,,0,1,1,0,1,0,2026-09-26T18:34:08Z,29511444,,2018,Functional peptides for cartilage repair and regeneration,American journal of translational research
AMBC_QWxPIFxvdHLndomi3TBsmAV4brE,unmodified,[],bulk_hydrogel,"[""bulk_hydrogel""]",in_vitro_cartilage,"[""in_vitro_cartilage""]",[],[],3D_encapsulation,,,0,1,1,0,1,0,2026-09-26T18:34:08Z,29025654,10.1016/j.msec.2017.08.069,2018,3D printing hydrogel with graphene oxide is functional in cartilage protection by influencing the signal pathway of Rank/Rankl/OPG,"Materials science & engineering. C, Materials for biological applications"
AMBC_CyZrJzz3mQcrXIMJQbsCqjucVQr,unmodified,[],fiber,"[""fiber""]",in_vitro_cartilage,"[""in_vitro_cartilage""]",[],[],3D_encapsulation,,,0,1,1,0,1,0,2026-09-26T18:34:08Z,30471040,10.1007/978-981-13-0445-3_18,2018,Biomimetic Self-Assembling Peptide Hydrogels for Tissue Engineering Applications,Advances in experimental medicine and biology
AMBC_XPXbhEbbcjG2vjbCh90pSsdwHMp,unmodified,[],bulk_hydrogel,"[""bulk_hydrogel""]",in_vitro_cartilage,"[""in_vitro_cartilage""]","[""agarose""]",[],3D_encapsulation,,,0,1,1,0,1,0,2026-09-26T18:34:08Z,29382342,10.1186/s13018-018-0726-0,2018,Strain distribution of repaired articular cartilage defects by tissue engineering under compression loading,Journal of orthopaedic surgery and research
AMBC_JY1XdDnWnK4S9l4O0pMWUYjFFQz,unmodified,[],3d_printed,"[""3d_printed""]",in_vitro_cartilage,"[""in_vitro_cartilage""]",[],[],3D_bioprint,,,0,1,1,0,1,0,2026-09-26T18:34:08Z,29316363,10.1002/adhm.201700939,2018,Exploiting Advanced Hydrogel Technologies to Address Key Challenges in Regenerative Medicine,Advanced healthcare materials
AMBC_UsvdkletJlhliXaOgatc5yd10hk,unmodified,[],injectable,"[""injectable""]",in_vitro_cartilage,"[""in_vitro_cartilage""]","[""chitosan""]","[""articular_chondrocyte""]",3D_encapsulation,human,,0,1,1,0,1,0,2026-09-26T18:34:08Z,29370745,10.1080/09205063.2018.1433422,2018,Design and fabrication of injectable microcarriers composed of acellular cartilage matrix and chitosan,Journal of biomaterials science. Polymer edition
AMBC_UKu4iYiKPMmomn99J0W9MdlVQrN,unmodified,[],injectable,"[""injectable""]",in_vitro_cartilage,"[""in_vitro_cartilage""]","[""chitosan""]",[],3D_encapsulation,,,0,1,1,0,1,0,2026-09-26T18:34:08Z,29030197,10.1016/j.ijbiomac.2017.10.015,2018,Green synthesis of degradable conductive thermosensitive oligopyrrole/chitosan hydrogel intended for cartilage tissue engineering,International journal of biological macromolecules
AMBC_JwbH2WREO7G2bdJ6SWAisiEdm7H,methacrylated,"[""methacrylated""]",3d_printed,"[""3d_printed""]",in_vitro_cartilage,"[""in_vitro_cartilage""]","[""GelMA"", ""PEG""]","[""articular_chondrocyte"", ""MSC""]",3D_bioprint,,,0,1,1,0,1,0,2026-09-26T18:34:08Z,29446757,10.1088/1361-6528/aaafa1,2018,3D bioprinting mesenchymal stem cell-laden construct with core-shell nanospheres for cartilage tissue engineering,Nanotechnology
AMBC_MP8C2fhSFTsnHqMeLMoRb5oQ9YP,unmodified,[],bulk_hydrogel,"[""bulk_hydrogel""]",in_vitro_cartilage,"[""in_vitro_cartilage""]","[""HA"", ""fibrin""]","[""MSC""]",3D_encapsulation,human,,0,1,1,0,1,0,2026-09-26T18:34:08Z,28140522,10.1002/jbm.b.33842,2018,Hybrid extracellular matrix design for cartilage-mediated bone regeneration,"Journal of biomedical materials research. Part B, Applied biomaterials"
AMBC_R2Q5eXBW1yemoe7fa63UD8jOo1x,unmodified,[],ipn,"[""ipn""]",in_vitro_cartilage,"[""in_vitro_cartilage""]","[""agarose""]","[""MSC""]",3D_encapsulation,human,,0,1,1,0,1,0,2026-09-26T18:34:08Z,30040175,10.1002/mabi.201800140,2018,Composite Cellularized Structures Created from an Interpenetrating Polymer Network Hydrogel Reinforced by a 3D Woven Scaffold,Macromolecular bioscience
AMBC_Z28emSXsWrA58anNB9R4Cr44GIB,unmodified,[],bulk_hydrogel,"[""bulk_hydrogel""]",in_vitro_cartilage,"[""in_vitro_cartilage""]",[],[],3D_encapsulation,,,0,1,1,0,1,0,2026-09-26T18:34:08Z,29511835,10.1007/s00418-018-1652-2,2018,Biological aspects of tissue-engineered cartilage,Histochemistry and cell biology
AMBC_6bTEhPXY6cFPFgOILpW3wuSE1iS,unmodified,[],bulk_hydrogel,"[""bulk_hydrogel""]",in_vitro_cartilage,"[""in_vitro_cartilage""]",[],[],3D_encapsulation,human,,0,1,1,0,1,0,2026-09-26T18:34:08Z,32254439,10.1039/c8tb90034e,2018,Correction: Effect of hydrogel material composition on hBMSC differentiation into zone-specific neo-cartilage: engineering human articular cartilage-like tissue with spatially varying properties,Journal of materials chemistry. B
AMBC_4CHr2i62aPpP6InXZ9by6b4koVb,unmodified,[],injectable,"[""injectable""]",in_vitro_cartilage,"[""in_vitro_cartilage""]","[""collagen""]","[""articular_chondrocyte""]",3D_encapsulation,,,0,1,1,0,1,0,2026-09-26T18:34:08Z,30346149,10.1021/acs.biomac.8b01211,2018,Cartilage Regeneration in Preannealed Silk Elastin-Like Co-Recombinamers Injectable Hydrogel Embedded with Mature Chondrocytes in an Ex Vivo Culture Platform,Biomacromolecules
AMBC_LvQs4EKNwZ1A140ndNeJOIehr1G,unmodified,[],bulk_hydrogel,"[""bulk_hydrogel""]",in_vitro_cartilage,"[""in_vitro_cartilage""]","[""PVA""]",[],3D_encapsulation,,,0,1,1,0,1,0,2026-09-26T18:34:08Z,29216567,10.1016/j.jphotobiol.2017.10.026,2018,Biocompatible nanocomposite of TiO2 incorporated bi-polymer for articular cartilage tissue regeneration: A facile material,"Journal of photochemistry and photobiology. B, Biology"
AMBC_Niy9d6inYXciyQVsjiPnXeHusVy,unmodified,[],fiber,"[""fiber""]",in_vitro_cartilage,"[""in_vitro_cartilage""]",[],"[""MSC""]",3D_encapsulation,human,,0,1,1,0,1,0,2026-09-26T18:34:08Z,29128540,10.1016/j.actbio.2017.11.020,2018,Electrospun thermosensitive hydrogel scaffold for enhanced chondrogenesis of human mesenchymal stem cells,Acta biomaterialia
AMBC_7wBGCFJehXIhh90nqvpENV2OF2V,unmodified,[],bulk_hydrogel,"[""bulk_hydrogel""]",in_vitro_cartilage,"[""in_vitro_cartilage""]","[""HA"", ""gelatin""]","[""articular_chondrocyte""]",3D_encapsulation,human,,0,1,1,0,1,0,2026-09-26T18:34:08Z,30157627,10.1021/acsami.8b10926,2018,Lyophilized Scaffolds Fabricated from 3D-Printed Photocurable Natural Hydrogel for Cartilage Regeneration,ACS applied materials & interfaces
AMBC_67esZxeS0Jqa7vNzibAxDmSLKCI,unmodified,[],bulk_hydrogel,"[""bulk_hydrogel""]",in_vitro_cartilage,"[""in_vitro_cartilage""]","[""collagen""]","[""MSC""]",3D_encapsulation,rabbit,,0,1,1,0,1,0,2026-09-26T18:34:08Z,29636141,10.1016/j.msec.2018.02.028,2018,Repair of full-thickness articular cartilage defect using stem cell-encapsulated thermogel,"Materials science & engineering. C, Materials for biological applications"
AMBC_Pghh6eLqEUkcw00rGnmfGk7Fj7W,methacrylated,"[""methacrylated""]",bulk_hydrogel,"[""bulk_hydrogel""]",in_vitro_cartilage,"[""in_vitro_cartilage""]","[""GelMA"", ""collagen"", ""gelatin""]","[""MSC""]",3D_encapsulation,human,,0,1,1,0,1,0,2026-09-26T18:34:08Z,28486778,10.1002/term.2465,2018,"Efficacy of thermoresponsive, photocrosslinkable hydrogels derived from decellularized tendon and cartilage extracellular matrix for cartilage tissue engineering",Journal of tissue engineering and regenerative medicine
AMBC_aKCZ4GIbwk0pqO6o2kOwR7mhAcH,unmodified,[],bulk_hydrogel,"[""bulk_hydrogel""]",in_vitro_cartilage,"[""in_vitro_cartilage""]","[""collagen""]","[""articular_chondrocyte""]",3D_encapsulation,,,0,1,1,0,1,0,2026-09-26T18:34:04Z,29637597,10.1002/jcb.26775,2018,Ablation of Dnmt3b in chondrocytes suppresses cell maturation during embryonic development,Journal of cellular biochemistry
AMBC_22s9JI8c2nEl2nHHj7HD8GfdMOv,unmodified,[],3d_printed,"[""3d_printed""]",in_vitro_cartilage,"[""in_vitro_cartilage""]",[],[],3D_bioprint,,,0,1,1,0,1,0,2026-09-26T18:34:04Z,30208585,10.3390/ijms19092700,2018,Challenges in Fabrication of Tissue-Engineered Cartilage with Correct Cellular Colonization and Extracellular Matrix Assembly,International journal of molecular sciences
AMBC_Y91vmD9V8ZQo8gwrYiyYy95vDvo,unmodified,[],bulk_hydrogel,"[""bulk_hydrogel""]",in_vitro_cartilage,"[""in_vitro_cartilage""]","[""collagen""]","[""articular_chondrocyte""]",3D_encapsulation,bovine,,0,1,1,0,1,0,2026-09-26T18:34:04Z,30416651,,2018,The MEK-ERK1/2 signaling pathway regulates hyaline cartilage formation and the redifferentiation of dedifferentiated chondrocytes in vitro,American journal of translational research
AMBC_KKANwEmm6lqIrNeWandvZV9vbbM,unmodified,[],monolayer,"[""monolayer""]",in_vitro_cartilage,"[""in_vitro_cartilage""]","[""collagen""]","[""articular_chondrocyte""]",2D,human,,0,1,1,0,1,0,2026-09-26T18:34:04Z,29540167,10.1186/s12896-018-0426-1,2018,Maintenance of human chondrogenic phenotype on a dendrimer-immobilized surface for an application of cell sheet engineering,BMC biotechnology
AMBC_WRuTvZNaGtpzU9Ucdzlc5cn7hyh,unmodified,[],bulk_hydrogel,"[""bulk_hydrogel""]",in_vitro_cartilage,"[""in_vitro_cartilage""]","[""collagen""]","[""articular_chondrocyte"", ""MSC""]",3D_encapsulation,human,,0,1,1,0,1,0,2026-09-26T18:34:04Z,29308619,10.22074/cellj.2018.5025,2018,Direct Coculture of Human Chondrocytes and Synovium-Derived Stem Cells Enhances In Vitro Chondrogenesis,Cell journal
AMBC_R8Y9kFAmUyjuSkXFAMAJsfFxLEu,methacrylated,"[""methacrylated""]",bulk_hydrogel,"[""bulk_hydrogel""]",in_vitro_cartilage,"[""in_vitro_cartilage""]","[""GelMA"", ""gelatin""]",[],3D_encapsulation,,,0,1,1,0,1,0,2026-09-26T18:34:04Z,30961215,10.3390/polym10111290,2018,Synthesis and Properties of Gelatin Methacryloyl (GelMA) Hydrogels and Their Recent Applications in Load-Bearing Tissue,Polymers
AMBC_Xr2ESRLIbVpuRNI7Y1FQbNBdN2e,unmodified,[],bulk_hydrogel,"[""bulk_hydrogel""]",in_vitro_cartilage,"[""in_vitro_cartilage""]","[""collagen"", ""gelatin""]","[""articular_chondrocyte""]",3D_encapsulation,human,,0,1,1,0,1,0,2026-09-26T18:34:04Z,28683650,10.1089/ten.TEA.2017.0013,2018,Effect of Cell Sheet Manipulation Techniques on the Expression of Collagen Type II and Stress Fiber Formation in Human Chondrocyte Sheets,Tissue engineering. Part A
AMBC_A39S5sRItxzgnblTK7Bsi1ovuGP,unmodified,[],bulk_hydrogel,"[""bulk_hydrogel""]",in_vitro_cartilage,"[""in_vitro_cartilage""]","[""gelatin""]","[""articular_chondrocyte""]",3D_encapsulation,,,0,1,1,0,1,0,2026-09-26T18:34:04Z,30138615,10.1016/j.yexcr.2018.08.023,2018,Matrix stiffness regulates the differentiation of tendon-derived stem cells through FAK-ERK1/2 activation,Experimental cell research
AMBC_BpIC59x2KLSeucpPIKsjNixWMlh,photo_LAP,"[""photo_LAP"", ""click""]",injectable,"[""injectable""]",in_vitro_cartilage,"[""in_vitro_cartilage""]","[""HA""]",[],3D_encapsulation,,,0,1,1,0,1,0,2026-09-26T18:34:04Z,30960874,10.3390/polym10090949,2018,A Hyaluronic Acid Based Injectable Hydrogel Formed via Photo-Crosslinking Reaction and Thermal-Induced Diels-Alder Reaction for Cartilage Tissue Engineering,Polymers
AMBC_V7xcsvaPTwymRavwvZdBYq13kl1,unmodified,[],bulk_hydrogel,"[""bulk_hydrogel""]",in_vitro_cartilage,"[""in_vitro_cartilage""]",[],"[""articular_chondrocyte"", ""MSC""]",3D_encapsulation,human,,0,1,1,0,1,0,2026-09-26T18:34:04Z,30036140,10.1089/ten.tea.2018.0065,2018,Effect of Platelet-Rich Plasma on Chondrogenic Differentiation of Adipose- and Bone Marrow-Derived Mesenchymal Stem Cells,Tissue engineering. Part A
AMBC_DK3YS7NFUXvGS390Pruktdm8EXD,rgd_conjugated,"[""rgd_conjugated""]",bulk_hydrogel,"[""bulk_hydrogel""]",in_vitro_cartilage,"[""in_vitro_cartilage""]","[""PEG""]","[""MSC"", ""ATDC5""]",3D_encapsulation,human,,0,1,1,0,1,0,2026-09-26T18:34:04Z,30373138,10.3390/ijms19113341,2018,In Vitro Screening of Molecularly Engineered Polyethylene Glycol Hydrogels for Cartilage Tissue Engineering using Periosteum-Derived and ATDC5 Cells,International journal of molecular sciences
AMBC_47arVu3wrjQhTGTR7tlCDaoIFLe,unmodified,[],3d_printed,"[""3d_printed""]",in_vitro_cartilage,"[""in_vitro_cartilage""]",[],[],3D_bioprint,,,0,1,1,0,1,0,2026-09-26T18:34:04Z,29535776,10.1155/2018/6594841,2018,Translational Application of Microfluidics and Bioprinting for Stem Cell-Based Cartilage Repair,Stem cells international
AMBC_aNcXKw6TJ5BRmsSGTao1t937DFB,thiolated,"[""thiolated""]",bulk_hydrogel,"[""bulk_hydrogel""]",in_vitro_cartilage,"[""in_vitro_cartilage""]","[""HA""]","[""MSC""]",3D_encapsulation,human,,0,1,1,0,1,0,2026-09-26T18:34:04Z,30165202,10.1016/j.actbio.2018.08.029,2018,Cartilage regeneration using arthroscopic flushing fluid-derived mesenchymal stem cells encapsulated in a one-step rapid cross-linked hydrogel,Acta biomaterialia
AMBC_7eosg5xIg7aWA6bT0V4nsVfn3LN,unmodified,[],injectable,"[""injectable""]",in_vitro_cartilage,"[""in_vitro_cartilage""]",[],"[""articular_chondrocyte""]",3D_encapsulation,,,0,1,1,0,1,0,2026-09-26T18:34:04Z,29218684,10.5301/hipint.5000580,2018,Feasibility of arthroscopic autologous chondrocyte implantation in the hip using an injectable hydrogel,Hip international : the journal of clinical and experimental research on hip pathology and therapy
AMBC_6QCMzUr9cZQAdp2eOSF8PYm5ktJ,rgd_conjugated,"[""rgd_conjugated"", ""sulfated""]",bulk_hydrogel,"[""bulk_hydrogel""]",in_vitro_cartilage,"[""in_vitro_cartilage""]","[""collagen""]","[""MSC""]",3D_encapsulation,human,,0,1,1,0,1,0,2026-09-26T18:34:04Z,29577606,10.1002/jbm.a.36412,2018,A MMP7-sensitive photoclickable biomimetic hydrogel for MSC encapsulation towards engineering human cartilage,Journal of biomedical materials research. Part A
AMBC_NBAqFQVhD1arw6oyNKxGCCty447,unmodified,[],injectable,"[""injectable""]",in_vitro_cartilage,"[""in_vitro_cartilage""]",[],[],3D_encapsulation,,,0,1,1,0,1,0,2026-09-26T18:34:04Z,30662902,10.1155/2018/2710892,2018,A Novel Biodegradable and Thermosensitive Poly(Ester-Amide) Hydrogel for Cartilage Tissue Engineering,BioMed research international
AMBC_G5233IWCFZs9Yzy3a9gFeSoEB4,unmodified,[],bulk_hydrogel,"[""bulk_hydrogel""]",in_vitro_cartilage,"[""in_vitro_cartilage""]","[""collagen""]","[""articular_chondrocyte""]",3D_encapsulation,,,0,1,1,0,1,0,2026-09-26T18:34:04Z,30187996,10.1002/mabi.201800247,2018,Stiffening by Osmotic Swelling Constraint in Cartilage-Like Cell Culture Scaffolds,Macromolecular bioscience
AMBC_Kbqn2PjykrI4IkSvSdWwCZsxaTY,click,"[""click"", ""edc_nhs""]",bulk_hydrogel,"[""bulk_hydrogel""]",in_vitro_cartilage,"[""in_vitro_cartilage""]","[""HA"", ""chitosan""]","[""articular_chondrocyte""]",3D_encapsulation,,,0,1,1,0,1,0,2026-09-26T18:34:04Z,30177207,10.1016/j.carbpol.2018.07.090,2018,"One pot preparation of chitosan/hyaluronic acid-based triple network hydrogel via in situ click reaction, metal coordination and polyion complexation in water",Carbohydrate polymers
AMBC_2djga1lFfBpncFXVcM7PrayMx8f,sulfated,"[""sulfated""]",bulk_hydrogel,"[""bulk_hydrogel""]",in_vitro_cartilage,"[""in_vitro_cartilage""]","[""collagen""]","[""articular_chondrocyte""]",3D_encapsulation,,,0,1,1,0,1,0,2026-09-26T18:34:04Z,33465918,10.1021/acsbiomaterials.8b00775,2018,Biochemical and Mechanical Gradients Synergize To Enhance Cartilage Zonal Organization in 3D,ACS biomaterials science & engineering
AMBC_X3s3JMYiOTvbL5XzQCWRli0baIu,unmodified,[],bulk_hydrogel,"[""bulk_hydrogel""]",in_vitro_cartilage,"[""in_vitro_cartilage""]","[""alginate""]","[""articular_chondrocyte""]",3D_encapsulation,,,0,1,1,0,1,0,2026-09-26T18:34:04Z,29897088,10.1039/c8lc00320c,2018,Pneumatic microfluidic cell compression device for high-throughput study of chondrocyte mechanobiology,Lab on a chip
AMBC_4K6u8cnywTmZIprRubOrvpHaaKw,unmodified,[],bulk_hydrogel,"[""bulk_hydrogel""]",in_vitro_cartilage,"[""in_vitro_cartilage""]","[""HA"", ""collagen""]","[""articular_chondrocyte""]",3D_encapsulation,bovine,,0,1,1,0,1,0,2026-09-26T18:34:04Z,29950515,10.1098/rsif.2018.0310,2018,Induction of zonal-specific cellular morphology and matrix synthesis for biomimetic cartilage regeneration using hybrid scaffolds,"Journal of the Royal Society, Interface"
AMBC_2yRCAtJaF648FELl0sMofMumZjI,freeze_thaw,"[""freeze_thaw""]",bulk_hydrogel,"[""bulk_hydrogel""]",in_vitro_cartilage,"[""in_vitro_cartilage""]","[""HA""]","[""articular_chondrocyte"", ""MSC""]",3D_encapsulation,,,0,1,1,0,1,0,2026-09-26T18:34:04Z,30023943,10.1021/acsomega.8b00291,2018,Development of Magnetic Nanocomposite Hydrogel with Potential Cartilage Tissue Engineering,ACS omega
AMBC_ZoUz5TRcYlbMFPISXxWPHkcpugR,unmodified,[],monolayer,"[""monolayer""]",in_vitro_cartilage,"[""in_vitro_cartilage""]","[""HA"", ""collagen""]","[""articular_chondrocyte""]",2D,,,0,1,1,0,1,0,2026-09-26T18:34:04Z,29681215,10.1089/ten.TEA.2017.0411,2018,Hyaluronic Acid Dictates Chondrocyte Morphology and Migration in Composite Gels,Tissue engineering. Part A
AMBC_CbPxoe5PeBDxtWuig6v6JoHRDCu,sulfated,"[""sulfated"", ""dopamine""]",bulk_hydrogel,"[""bulk_hydrogel""]",in_vitro_cartilage,"[""in_vitro_cartilage""]",[],"[""articular_chondrocyte""]",3D_encapsulation,,,0,1,1,0,1,0,2026-09-26T18:34:04Z,30052419,10.1021/acsami.8b05314,2018,Mussel-Inspired Tissue-Adhesive Hydrogel Based on the Polydopamine-Chondroitin Sulfate Complex for Growth-Factor-Free Cartilage Regeneration,ACS applied materials & interfaces
AMBC_Lfy2QLsLNeyXdno9GO3AzEAUQe6,unmodified,[],monolayer,"[""monolayer""]",in_vitro_cartilage,"[""in_vitro_cartilage""]","[""HA"", ""collagen""]","[""articular_chondrocyte""]",2D,bovine,,0,1,1,0,1,0,2026-09-26T18:34:04Z,30310903,10.1039/c8an01272e,2018,Vibrational spectroscopic monitoring and biochemical analysis of pericellular matrix formation and maturation in a 3-dimensional chondrocyte culture model,The Analyst
AMBC_EG7SJOtCK88LSv8Fjlt4AhpFFn3,unmodified,[],monolayer,"[""monolayer""]",in_vitro_cartilage,"[""in_vitro_cartilage""]","[""alginate"", ""collagen"", ""agarose""]","[""articular_chondrocyte""]",2D,,,0,1,1,0,1,0,2026-09-26T18:34:04Z,28941304,10.1002/jcb.26411,2018,"Collagen, agarose, alginate, and Matrigel hydrogels as cell substrates for culture of chondrocytes in vitro: A comparative study",Journal of cellular biochemistry
AMBC_MYORHwhPOU3SoTOX5nn07VOX9QC,unmodified,[],3d_printed,"[""3d_printed""]",bioprinting,"[""bioprinting"", ""in_vitro_cartilage""]","[""alginate"", ""agarose""]",[],3D_bioprint,,,0,1,1,0,1,0,2026-09-26T18:34:08Z,33450800,10.1021/acsbiomaterials.8b00903,2018,Agarose-Based Hydrogels as Suitable Bioprinting Materials for Tissue Engineering,ACS biomaterials science & engineering
AMBC_7i3rdxvjiq21PFKDmi0FQ7YdlxF,unmodified,[],3d_printed,"[""3d_printed""]",bioprinting,"[""bioprinting"", ""in_vitro_cartilage""]","[""alginate""]","[""articular_chondrocyte""]",3D_bioprint,,,0,1,1,0,1,0,2026-09-26T18:34:04Z,30607337,10.15171/apb.2018.073,2018,An Experimental Study on the Mechanical and Biological Properties of Bio-Printed Alginate/Halloysite Nanotube/Methylcellulose/Russian Olive-Based Scaffolds,Advanced pharmaceutical bulletin
AMBC_CnaMNGno9i2iDtzpyBImeddpwJo,methacrylated,"[""methacrylated""]",3d_printed,"[""3d_printed""]",bioprinting,"[""bioprinting"", ""in_vitro_cartilage""]","[""gelatin""]","[""articular_chondrocyte""]",3D_bioprint,human,,0,1,1,0,1,0,2026-09-26T18:34:04Z,30360677,10.1177/0885328218805864,2018,Reversible physical crosslinking strategy with optimal temperature for 3D bioprinting of human chondrocyte-laden gelatin methacryloyl bioink,Journal of biomaterials applications
EPMC_30214515,unmodified,[],bulk_hydrogel,"[""bulk_hydrogel""]",auricular,"[""auricular"", ""in_vivo_repair"", ""in_vitro_cartilage""]","[""collagen""]","[""articular_chondrocyte"", ""MSC""]",3D_encapsulation,,,0,1,1,0,1,0,2026-09-26T18:34:14Z,30214515,10.3892/etm.2018.6551,2018,Co-culture of bone marrow stromal cells and chondrocytes <i>in vivo</i> for the repair of the goat condylar cartilage defects.,Experimental and therapeutic medicine
EPMC_30383916,unmodified,[],bulk_hydrogel,"[""bulk_hydrogel""]",auricular,"[""auricular"", ""in_vitro_cartilage""]","[""alginate""]","[""articular_chondrocyte""]",3D_encapsulation,,,0,1,1,0,1,0,2026-09-26T18:34:14Z,30383916,10.1002/jbm.b.34264,2018,Design and fabrication of a hybrid alginate hydrogel/poly(ε-caprolactone) mold for auricular cartilage reconstruction.,"Journal of biomedical materials research. Part B, Applied biomaterials"
AMBC_KyWCF7zmd5NDcnIqYIGeGZ4AKGj,unmodified,[],bulk_hydrogel,"[""bulk_hydrogel""]",auricular,"[""auricular"", ""in_vivo_repair"", ""in_vitro_cartilage""]","[""HA"", ""collagen""]","[""articular_chondrocyte"", ""auricular_chondrocyte""]",3D_encapsulation,human,,0,1,1,0,1,0,2026-09-26T18:34:08Z,30262359,10.1016/j.ijporl.2018.07.033,2018,Pore architecture effects on chondrogenic potential of patient-specific 3-dimensionally printed porous tissue bioscaffolds for auricular tissue engineering,International journal of pediatric otorhinolaryngology
AMBC_U59qD4grKPIkiFsRfBbRp1VzXsR,unmodified,[],bulk_hydrogel,"[""bulk_hydrogel""]",auricular,"[""auricular"", ""in_vivo_repair"", ""in_vitro_cartilage""]","[""collagen""]","[""articular_chondrocyte"", ""auricular_chondrocyte"", ""MSC""]",3D_encapsulation,human,,0,1,1,0,1,0,2026-09-26T18:34:08Z,30356228,10.1371/journal.pone.0202356,2018,Tissue engineering the human auricle by auricular chondrocyte-mesenchymal stem cell co-implantation,PloS one
AMBC_2LDaje9cozbWipBuvl4yHkLlnzJ,unmodified,[],bulk_hydrogel,"[""bulk_hydrogel""]",auricular,"[""auricular"", ""in_vivo_repair"", ""in_vitro_cartilage""]","[""collagen"", ""fibrin""]","[""articular_chondrocyte"", ""auricular_chondrocyte""]",3D_encapsulation,human,,0,1,1,0,1,0,2026-09-26T18:34:08Z,29537998,10.1097/SAP.0000000000001400,2018,Tissue Engineering Auricular Cartilage Using Late Passage Human Auricular Chondrocytes,Annals of plastic surgery
AMBC_7LMq9B01Jw9bNAVge5q7ncN7u2j,methacrylated,"[""methacrylated""]",bulk_hydrogel,"[""bulk_hydrogel""]",auricular,"[""auricular"", ""in_vitro_cartilage""]","[""alginate"", ""collagen"", ""PVA""]","[""MSC""]",3D_encapsulation,,,0,1,1,0,1,0,2026-09-26T18:34:08Z,30223736,10.1177/0885328218794163,2018,Development of a novel hybrid bioactive hydrogel for future clinical applications,Journal of biomaterials applications
AMBC_KxoWRrLnUlsk5fzFdQSUFtEUJWw,unmodified,[],bulk_hydrogel,"[""bulk_hydrogel""]",auricular,"[""auricular"", ""tracheal"", ""in_vivo_repair"", ""in_vitro_cartilage""]","[""collagen""]","[""articular_chondrocyte"", ""auricular_chondrocyte"", ""MSC""]",3D_encapsulation,rabbit,,0,1,1,0,1,0,2026-09-26T18:34:08Z,29926464,10.22203/eCM.v035a24,2018,Cultivation of auricular chondrocytes in poly(ethylene glycol)/poly(ε-caprolactone) hydrogel for tracheal cartilage tissue engineering in a rabbit model,European cells & materials
AMBC_ChC3eLwmyD8YLbHsYuLpTkc1vxK,unmodified,[],bulk_hydrogel,"[""bulk_hydrogel""]",osteochondral,"[""osteochondral"", ""in_vitro_cartilage""]","[""collagen""]","[""MSC""]",3D_encapsulation,human,,0,1,1,0,1,0,2026-09-26T18:34:12Z,28729762,10.6026/97320630013196,2017,Combination of bone marrow mesenchymal stem cells and cartilage fragments contribute to enhanced repair of osteochondral defects,Bioinformation
AMBC_FhLrjytzSv0zQfV3rq0ZqGRNDoP,unmodified,[],bilayer,"[""bilayer""]",osteochondral,"[""osteochondral"", ""in_vitro_cartilage""]",[],"[""MSC""]",3D_encapsulation,,,0,1,1,0,1,0,2026-09-26T18:34:12Z,28185322,10.1002/adma.201605235,2017,A Difunctional Regeneration Scaffold for Knee Repair based on Aptamer-Directed Cell Recruitment,"Advanced materials (Deerfield Beach, Fla.)"
AMBC_GqCxRbBY5s9OZl59aF7dWoxnacV,unmodified,[],bulk_hydrogel,"[""bulk_hydrogel""]",osteochondral,"[""osteochondral"", ""in_vitro_cartilage""]","[""collagen""]","[""adipose_MSC"", ""MSC""]",3D_encapsulation,human,,0,1,1,0,1,0,2026-09-26T18:34:12Z,28541092,10.1177/0363546517706138,2017,Amniotic Mesenchymal Stromal Cells Exhibit Preferential Osteogenic and Chondrogenic Differentiation and Enhanced Matrix Production Compared With Adipose Mesenchymal Stromal Cells,The American journal of sports medicine
AMBC_DLRXfomdLvpUAnM3IqEZWdtfHxD,unmodified,[],bulk_hydrogel,"[""bulk_hydrogel""]",osteochondral,"[""osteochondral"", ""in_vivo_repair"", ""in_vitro_cartilage""]","[""collagen"", ""chitosan""]","[""articular_chondrocyte""]",3D_encapsulation,rabbit,,0,1,1,0,1,0,2026-09-26T18:34:08Z,28054960,10.3390/ijms18010087,2017,Evaluation of Magnetic Nanoparticle-Labeled Chondrocytes Cultivated on a Type II Collagen-Chitosan/Poly(Lactic-co-Glycolic) Acid Biphasic Scaffold,International journal of molecular sciences
AMBC_EjLZAbQOIrJxz7rY5pXtl0som0s,unmodified,[],bulk_hydrogel,"[""bulk_hydrogel""]",osteochondral,"[""osteochondral"", ""in_vivo_repair"", ""in_vitro_cartilage""]",[],"[""MSC""]",3D_encapsulation,rabbit,,0,1,1,0,1,0,2026-09-26T18:34:08Z,28843200,10.1016/j.colsurfb.2017.08.008,2017,Cartilage oligomeric matrix protein improves in vivo cartilage regeneration and compression modulus by enhancing matrix assembly and synthesis,"Colloids and surfaces. B, Biointerfaces"
AMBC_Lt96Wkcsua4fRdeNjSWOGTwIevI,unmodified,[],bulk_hydrogel,"[""bulk_hydrogel""]",osteochondral,"[""osteochondral"", ""in_vitro_cartilage""]",[],[],3D_encapsulation,,,0,1,1,0,1,0,2026-09-26T18:34:08Z,28532476,10.1186/s12891-017-1578-1,2017,Effects of osteochondral defect size on cartilage regeneration using a double-network hydrogel,BMC musculoskeletal disorders
AMBC_Et1FspWHZ6y5NUaf28w8OxdAnHS,unmodified,[],injectable,"[""injectable""]",osteochondral,"[""osteochondral"", ""in_vitro_cartilage""]",[],"[""MSC""]",3D_encapsulation,human,,0,1,1,0,1,0,2026-09-26T18:34:08Z,28647792,10.1007/s10856-017-5928-1,2017,Regeneration of hyaline cartilage promoted by xenogeneic mesenchymal stromal cells embedded within elastin-like recombinamer-based bioactive hydrogels,Journal of materials science. Materials in medicine
AMBC_A83uyVnCXxI5Q1t4YhzBQdov6aR,unmodified,[],bulk_hydrogel,"[""bulk_hydrogel""]",osteochondral,"[""osteochondral"", ""in_vitro_cartilage""]","[""fibrin""]",[],3D_encapsulation,,,0,1,1,0,1,0,2026-09-26T18:34:08Z,28795641,10.1089/ten.TEC.2017.0200,2017,Fixation of Hydrogel Constructs for Cartilage Repair in the Equine Model: A Challenging Issue,"Tissue engineering. Part C, Methods"
AMBC_O4pWjjMcABN1es7FsRFJJ1m80Ru,unmodified,[],bulk_hydrogel,"[""bulk_hydrogel""]",osteochondral,"[""osteochondral"", ""in_vivo_repair"", ""in_vitro_cartilage""]",[],"[""MSC""]",3D_encapsulation,human,,0,1,1,0,1,0,2026-09-26T18:34:08Z,28346796,10.1089/ten.tea.2016.0439,2017,* Harnessing External Cues: Development and Evaluation of an In Vitro Culture System for Osteochondral Tissue Engineering,Tissue engineering. Part A
AMBC_USTFNPKDgcKEL9LlVk6uswzzYSJ,methacrylated,"[""methacrylated""]",bulk_hydrogel,"[""bulk_hydrogel""]",osteochondral,"[""osteochondral"", ""in_vitro_cartilage""]","[""HA""]","[""MSC""]",3D_encapsulation,murine,,0,1,1,0,1,0,2026-09-26T18:34:03Z,28974254,10.1186/s13287-017-0672-5,2017,Synergistic effects on mesenchymal stem cell-based cartilage regeneration by chondrogenic preconditioning and mechanical stimulation,Stem cell research & therapy
AMBC_8moF2KUCn48mBabp1H4Fy6oVwp5,unmodified,[],bulk_hydrogel,"[""bulk_hydrogel""]",osteochondral,"[""osteochondral"", ""in_vitro_cartilage""]","[""HA""]","[""MSC""]",3D_encapsulation,,,0,1,1,0,1,0,2026-09-26T18:34:03Z,28148266,10.1186/s12891-017-1422-7,2017,Restoration of a large osteochondral defect of the knee using a composite of umbilical cord blood-derived mesenchymal stem cells and hyaluronic acid hydrogel: a case report with a 5-year follow-up,BMC musculoskeletal disorders
AMBC_3QKnMjIRqMiLnVcftKvtJbk9wh1,unmodified,[],bulk_hydrogel,"[""bulk_hydrogel""]",osteochondral,"[""osteochondral"", ""in_vitro_cartilage""]","[""HA"", ""alginate"", ""collagen""]","[""articular_chondrocyte"", ""MSC""]",3D_encapsulation,,,0,1,1,0,1,0,2026-09-26T18:34:03Z,28372295,10.3233/BME-171641,2017,Comparison of MSC properties in two different hydrogels. Impact of mechanical properties,Bio-medical materials and engineering
AMBC_97VNd3jahfKXUaeDp1nBGQrf9du,unmodified,[],3d_printed,"[""3d_printed""]",osteochondral,"[""osteochondral"", ""bioprinting"", ""in_vitro_cartilage""]",[],[],3D_bioprint,,,0,1,1,0,1,0,2026-09-26T18:34:03Z,28737701,10.3390/ijms18071597,2017,Application of Extrusion-Based Hydrogel Bioprinting for Cartilage Tissue Engineering,International journal of molecular sciences
AMBC_2u75xkfUaOjAegUhW6Ysxp9nfxe,unmodified,[],bilayer,"[""bilayer""]",osteochondral,"[""osteochondral"", ""in_vivo_repair"", ""in_vitro_cartilage""]","[""alginate"", ""PEG""]",[],3D_encapsulation,,,0,1,1,0,1,0,2026-09-26T18:34:03Z,28698817,10.1038/boneres.2017.18,2017,The fabrication of biomimetic biphasic CAN-PAC hydrogel with a seamless interfacial layer applied in osteochondral defect repair,Bone research
AMBC_Z5LoFXmXMRDfIoeOfxtDNBofuLB,unmodified,[],3d_printed,"[""3d_printed""]",osteochondral,"[""osteochondral"", ""in_vitro_cartilage""]",[],[],3D_bioprint,,,0,1,1,0,1,0,2026-09-26T18:34:03Z,28088667,10.1016/j.actbio.2017.01.036,2017,Cell-laden hydrogels for osteochondral and cartilage tissue engineering,Acta biomaterialia
AMBC_SH8hSpQpm51giZPORb9Z92omt9f,unmodified,[],bilayer,"[""bilayer""]",osteochondral,"[""osteochondral"", ""in_vitro_cartilage""]","[""agarose""]","[""articular_chondrocyte""]",3D_encapsulation,,,0,1,1,0,1,0,2026-09-26T18:34:03Z,28547848,10.1002/jbm.a.36122,2017,Effect of ceramic calcium-phosphorus ratio on chondrocyte-mediated biosynthesis and mineralization,Journal of biomedical materials research. Part A
AMBC_ZW4wLOyjld85HU3QQBEfpiv5LcA,unmodified,[],bulk_hydrogel,"[""bulk_hydrogel""]",osteochondral,"[""osteochondral"", ""in_vitro_cartilage""]",[],"[""articular_chondrocyte""]",3D_encapsulation,,,0,1,1,0,1,0,2026-09-26T18:34:03Z,28735871,10.1016/j.mbs.2017.07.008,2017,A mathematical model for cell infiltration and proliferation in a chondral defect,Mathematical biosciences
AMBC_Zqcv9Z6cifIP17lqjaVTkxKkCs9,unmodified,[],injectable,"[""injectable""]",osteochondral,"[""osteochondral"", ""in_vivo_repair"", ""in_vitro_cartilage""]",[],"[""articular_chondrocyte""]",3D_encapsulation,,,0,1,1,0,1,0,2026-09-26T18:34:03Z,28024231,10.1016/j.biomaterials.2016.12.015,2017,Fabrication of injectable high strength hydrogel based on 4-arm star PEG for cartilage tissue engineering,Biomaterials
AMBC_FbNFuCajMZKUDbSXQdoS70FL5kC,unmodified,[],bulk_hydrogel,"[""bulk_hydrogel""]",in_vitro_cartilage,"[""in_vitro_cartilage""]","[""collagen"", ""gelatin""]","[""articular_chondrocyte"", ""MSC"", ""iPSC""]",3D_encapsulation,human,,0,1,1,0,1,0,2026-09-26T18:34:12Z,28129782,10.1186/s13287-017-0477-6,2017,Cord blood cell-derived iPSCs as a new candidate for chondrogenic differentiation and cartilage regeneration,Stem cell research & therapy
AMBC_Zrr7cem2DUA039fNbXASPqWgss2,unmodified,[],bulk_hydrogel,"[""bulk_hydrogel""]",in_vitro_cartilage,"[""in_vitro_cartilage""]","[""collagen""]","[""articular_chondrocyte"", ""adipose_MSC""]",3D_encapsulation,,,0,1,1,0,1,0,2026-09-26T18:34:12Z,28287507,10.3791/54934,2017,Chondrogenic Differentiation Induction of Adipose-derived Stem Cells by Centrifugal Gravity,Journal of visualized experiments : JoVE
AMBC_3hSI7ABc6m4VDTPQ9zez7FGdFKL,unmodified,[],bulk_hydrogel,"[""bulk_hydrogel""]",in_vitro_cartilage,"[""in_vitro_cartilage""]","[""collagen""]","[""articular_chondrocyte"", ""MSC"", ""iPSC""]",3D_encapsulation,human,,0,1,1,0,1,0,2026-09-26T18:34:12Z,28654049,10.3791/55988,2017,Chondrogenic Pellet Formation from Cord Blood-derived Induced Pluripotent Stem Cells,Journal of visualized experiments : JoVE
AMBC_NtEkHDw4cW8sB6tK5FYgj0zcwIQ,unmodified,[],bulk_hydrogel,"[""bulk_hydrogel""]",in_vitro_cartilage,"[""in_vitro_cartilage""]","[""collagen""]","[""MSC""]",3D_encapsulation,human,,0,1,1,0,1,0,2026-09-26T18:34:12Z,29085053,10.1038/s41598-017-14875-y,2017,Shockwaves Inhibit Chondrogenic Differentiation of Human Mesenchymal Stem Cells in Association with Adenosine and A2B Receptors,Scientific reports
AMBC_ETxejt8Bg1ZFzKbNuCOuS5m0DGz,unmodified,[],bulk_hydrogel,"[""bulk_hydrogel""]",in_vitro_cartilage,"[""in_vitro_cartilage""]","[""HA"", ""alginate""]","[""MSC""]",3D_encapsulation,,,0,1,1,0,1,0,2026-09-26T18:34:12Z,28161663,10.1016/j.jmbbm.2017.01.038,2017,Is there a cause-and-effect relationship between physicochemical properties and cell behavior of alginate-based hydrogel obtained after sterilization?,Journal of the mechanical behavior of biomedical materials
AMBC_PUV5oHhCg6E2N3LFgDzUWs00s00,methacrylated,"[""methacrylated""]",fiber,"[""fiber""]",in_vitro_cartilage,"[""in_vitro_cartilage""]","[""GelMA"", ""gelatin""]","[""MSC""]",2D,human,,0,1,1,0,1,0,2026-09-26T18:34:12Z,28583182,10.1186/s13287-017-0580-8,2017,Tissue-specific bioactivity of soluble tendon-derived and cartilage-derived extracellular matrices on adult mesenchymal stem cells,Stem cell research & therapy
AMBC_8Fe7hnfCZNZ0C8VWTXq7R6iv5kY,unmodified,[],bulk_hydrogel,"[""bulk_hydrogel""]",in_vitro_cartilage,"[""in_vitro_cartilage""]","[""collagen""]","[""MSC""]",3D_encapsulation,,,0,1,1,0,1,0,2026-09-26T18:34:12Z,28676126,10.1186/s13287-017-0609-z,2017,Umbilical cord-derived mesenchymal stromal cells: predictive obstetric factors for cell proliferation and chondrogenic differentiation,Stem cell research & therapy
AMBC_6xzbE3MNiPkftr1s9acOioPw8S0,unmodified,[],bulk_hydrogel,"[""bulk_hydrogel""]",in_vitro_cartilage,"[""in_vitro_cartilage""]","[""collagen"", ""fibrin""]","[""MSC""]",3D_encapsulation,,,0,1,1,0,1,0,2026-09-26T18:34:12Z,29230389,10.3389/fbioe.2017.00073,2017,Cyclic Tensile Strain Can Play a Role in Directing both Intramembranous and Endochondral Ossification of Mesenchymal Stem Cells,Frontiers in bioengineering and biotechnology
AMBC_F7oxSzHNYSdFv3rlbkiZLjTBxFW,unmodified,[],bulk_hydrogel,"[""bulk_hydrogel""]",in_vitro_cartilage,"[""in_vitro_cartilage""]","[""collagen""]","[""articular_chondrocyte"", ""MSC""]",3D_encapsulation,human,,0,1,1,0,1,0,2026-09-26T18:34:12Z,28536528,10.3389/fphar.2017.00255,2017,Rescued Chondrogenesis of Mesenchymal Stem Cells under Interleukin 1 Challenge by Foamyviral Interleukin 1 Receptor Antagonist Gene Transfer,Frontiers in pharmacology
AMBC_Hz7Eg1LN3rMDGpSwpW8upqoE15B,unmodified,[],injectable,"[""injectable""]",in_vitro_cartilage,"[""in_vitro_cartilage""]","[""HA""]","[""MSC""]",3D_encapsulation,human,,0,1,1,0,1,0,2026-09-26T18:34:12Z,33041740,10.1002/adfm.201605609,2017,Covalently adaptable elastin-like protein - hyaluronic acid (ELP - HA) hybrid hydrogels with secondary thermoresponsive crosslinking for injectable stem cell delivery,Advanced functional materials
AMBC_PgEZ4QbSk0dfk36hFggS3WgzUDs,norbornene,"[""norbornene""]",bulk_hydrogel,"[""bulk_hydrogel""]",in_vitro_cartilage,"[""in_vitro_cartilage""]","[""collagen"", ""gelatin""]","[""MSC""]",3D_encapsulation,human,,0,1,1,0,1,0,2026-09-26T18:34:12Z,28225583,10.1021/acsami.7b00728,2017,Microfluidic Encapsulation of Human Mesenchymal Stem Cells for Articular Cartilage Tissue Regeneration,ACS applied materials & interfaces
AMBC_6eMXn9TS7BG2NdWrnupn5LaQiP5,unmodified,[],3d_printed,"[""3d_printed""]",in_vitro_cartilage,"[""in_vitro_cartilage""]","[""HA""]","[""adipose_MSC"", ""MSC""]",3D_bioprint,,,0,1,1,0,1,0,2026-09-26T18:34:12Z,33440487,10.1021/acsbiomaterials.7b00101,2017,Effects of Hydroxyapatite and Hypoxia on Chondrogenesis and Hypertrophy in 3D Bioprinted ADMSC Laden Constructs,ACS biomaterials science & engineering
AMBC_JdFAQHbDdN3S6WAKfn3eXUwebse,unmodified,[],3d_printed,"[""3d_printed""]",in_vitro_cartilage,"[""in_vitro_cartilage""]",[],[],3D_bioprint,,,0,1,1,0,1,0,2026-09-26T18:34:08Z,27126775,10.1007/s10439-016-1612-8,2017,3D Bioprinting for Tissue and Organ Fabrication,Annals of biomedical engineering
AMBC_yQGlDKYX41bz9C2JHmmEIFH0RZ,unmodified,[],microsphere,"[""microsphere""]",in_vitro_cartilage,"[""in_vitro_cartilage""]",[],[],3D_encapsulation,human,,0,1,1,0,1,0,2026-09-26T18:34:08Z,33429581,10.1021/acsbiomaterials.7b00019,2017,Porous Scaffolds Derived from Devitalized Tissue Engineered Cartilaginous Matrix Support Chondrogenesis of Adult Stem Cells,ACS biomaterials science & engineering
AMBC_Bo7pbIHfE48v1h78kvZ2FiunWh0,unmodified,[],bulk_hydrogel,"[""bulk_hydrogel""]",in_vitro_cartilage,"[""in_vitro_cartilage""]",[],[],3D_encapsulation,,,0,1,1,0,1,0,2026-09-26T18:34:08Z,27875945,10.1089/ten.TEB.2016.0316,2017,Three-Dimensional Printing Articular Cartilage: Recapitulating the Complexity of Native Tissue<sup/>,"Tissue engineering. Part B, Reviews"
AMBC_JoweIf9TUZTt7SDMnVntAai84ek,unmodified,[],bulk_hydrogel,"[""bulk_hydrogel""]",in_vitro_cartilage,"[""in_vitro_cartilage""]","[""alginate"", ""collagen""]","[""articular_chondrocyte"", ""adipose_MSC""]",3D_encapsulation,human,,0,1,1,0,1,0,2026-09-26T18:34:08Z,29075508,10.1186/s40824-017-0105-7,2017,Effect of alginate concentration on chondrogenesis of co-cultured human adipose-derived stem cells and nasal chondrocytes: a biological study,Biomaterials research
AMBC_AAfFHgWICDPU4El3lzpkLWBT7lO,unmodified,[],3d_printed,"[""3d_printed""]",in_vitro_cartilage,"[""in_vitro_cartilage""]",[],"[""articular_chondrocyte""]",3D_bioprint,human,,0,1,1,0,1,0,2026-09-26T18:34:08Z,28255127,10.11817/j.issn.1672-7347.2017.02.017,2017,Progress in application of 3D bioprinting in cartilage regeneration and reconstruction for tissue engineering,Zhong nan da xue xue bao. Yi xue ban = Journal of Central South University. Medical sciences
AMBC_56Jr4Yz23rwdY5UsRgEexZHGnYQ,unmodified,[],bulk_hydrogel,"[""bulk_hydrogel""]",in_vitro_cartilage,"[""in_vitro_cartilage""]","[""collagen""]","[""articular_chondrocyte""]",3D_encapsulation,human,,0,1,1,0,1,0,2026-09-26T18:34:08Z,28344902,10.7717/peerj.3079,2017,Isolation and characterization of human articular chondrocytes from surgical waste after total knee arthroplasty (TKA),PeerJ
AMBC_TU48MpIQVv7zTf5prKenNgI1hXw,unmodified,[],bulk_hydrogel,"[""bulk_hydrogel""]",in_vitro_cartilage,"[""in_vitro_cartilage""]","[""collagen""]","[""articular_chondrocyte""]",3D_encapsulation,,,0,1,1,0,1,0,2026-09-26T18:34:08Z,28713709,,2017,High Quality of Infant Chondrocytes in Comparison with Adult Chondrocytes for Cartilage Tissue Engineering,World journal of plastic surgery
AMBC_MtIM3FprRarnCxuPcxxZUWzj0zT,dopamine,"[""dopamine""]",bulk_hydrogel,"[""bulk_hydrogel""]",in_vitro_cartilage,"[""in_vitro_cartilage""]","[""PVA""]",[],3D_encapsulation,,,0,1,1,0,1,0,2026-09-26T18:34:08Z,29027284,10.1002/marc.201700421,2017,Polydopamine Particles Reinforced Poly(vinyl alcohol) Hydrogel with NIR Light Triggered Shape Memory and Self-Healing Capability,Macromolecular rapid communications
AMBC_B8XlbnNQw617yKgQqmly5kw36to,rgd_conjugated,"[""rgd_conjugated""]",bulk_hydrogel,"[""bulk_hydrogel""]",in_vitro_cartilage,"[""in_vitro_cartilage""]","[""collagen""]","[""MSC""]",3D_encapsulation,human,,0,1,1,0,1,0,2026-09-26T18:34:08Z,28087486,10.1016/j.actbio.2017.01.028,2017,Enhanced articular cartilage by human mesenchymal stem cells in enzymatically mediated transiently RGDS-functionalized collagen-mimetic hydrogels,Acta biomaterialia
AMBC_1IXb7D4AoEAsa1LcTXYiSmfwKGP,unmodified,[],bulk_hydrogel,"[""bulk_hydrogel""]",in_vitro_cartilage,"[""in_vitro_cartilage""]",[],[],3D_encapsulation,human,,0,1,1,0,1,0,2026-09-26T18:34:08Z,29059482,10.1002/adma.201703045,2017,Bioinspired Nanocomposite Hydrogels with Highly Ordered Structures,"Advanced materials (Deerfield Beach, Fla.)"
AMBC_GhxXz6ZuRvBe7gihDGVPW4qkMHF,sulfated,"[""sulfated""]",bulk_hydrogel,"[""bulk_hydrogel""]",in_vitro_cartilage,"[""in_vitro_cartilage""]","[""collagen"", ""gelatin"", ""cellulose""]","[""MSC""]",3D_encapsulation,,TGF_b3,0,1,1,0,1,0,2026-09-26T18:34:08Z,28285569,10.1089/ten.TEA.2016.0461,2017,* Gelatin Scaffolds Containing Partially Sulfated Cellulose Promote Mesenchymal Stem Cell Chondrogenesis,Tissue engineering. Part A
AMBC_YttVg6HGUBRNIxuyoXlxxyvU398,unmodified,[],bulk_hydrogel,"[""bulk_hydrogel""]",in_vitro_cartilage,"[""in_vitro_cartilage""]","[""collagen"", ""agarose""]","[""articular_chondrocyte""]",3D_encapsulation,bovine,,0,1,1,0,1,0,2026-09-26T18:34:08Z,28210971,10.1007/s10856-017-5870-2,2017,Scaffold-free approach produces neocartilage tissue of similar quality as the use of HyStemTM and HydromatrixTM scaffolds,Journal of materials science. Materials in medicine
AMBC_2qIObieLdvBEpeae16wR4TR5z9T,sulfated,"[""sulfated""]",injectable,"[""injectable""]",in_vitro_cartilage,"[""in_vitro_cartilage""]","[""collagen"", ""gelatin"", ""cellulose""]","[""articular_chondrocyte"", ""MSC""]",3D_encapsulation,,,0,1,1,0,1,0,2026-09-26T18:34:08Z,28888201,10.1016/j.colsurfb.2017.08.035,2017,TGF-β1 presenting enzymatically cross-linked injectable hydrogels for improved chondrogenesis,"Colloids and surfaces. B, Biointerfaces"
AMBC_HF7RnYzBlr5ZQIXCu0yDJxZ9YWj,methacrylated,"[""methacrylated""]",bulk_hydrogel,"[""bulk_hydrogel""]",in_vitro_cartilage,"[""in_vitro_cartilage""]","[""collagen""]","[""MSC""]",3D_encapsulation,,,0,1,1,0,1,0,2026-09-26T18:34:08Z,32264264,10.1039/c7tb02348k,2017,Photo-crosslinked mono-component type II collagen hydrogel as a matrix to induce chondrogenic differentiation of bone marrow mesenchymal stem cells,Journal of materials chemistry. B
AMBC_P5K5zeNVoXn7WOGkMLxFIDjxKc5,unmodified,[],bulk_hydrogel,"[""bulk_hydrogel""]",in_vitro_cartilage,"[""in_vitro_cartilage""]",[],"[""articular_chondrocyte""]",3D_encapsulation,,,0,1,1,0,1,0,2026-09-26T18:34:08Z,28300264,10.1039/c7nr00352h,2017,Integration of stem cell-derived exosomes with in situ hydrogel glue as a promising tissue patch for articular cartilage regeneration,Nanoscale
AMBC_57YWdc851mXIaSqWmGm7UBrPEiz,tyramine,"[""tyramine""]",bulk_hydrogel,"[""bulk_hydrogel""]",in_vitro_cartilage,"[""in_vitro_cartilage""]","[""HA""]",[],3D_encapsulation,,,0,1,1,0,1,0,2026-09-26T18:34:08Z,28134036,10.1080/09205063.2017.1289035,2017,Photocrosslinked tyramine-substituted hyaluronate hydrogels with tunable mechanical properties improve immediate tissue-hydrogel interfacial strength in articular cartilage,Journal of biomaterials science. Polymer edition
AMBC_EnA6K5y0gHZURG29VAl8kqxVG1J,norbornene,"[""norbornene""]",bulk_hydrogel,"[""bulk_hydrogel""]",in_vitro_cartilage,"[""in_vitro_cartilage""]",[],"[""articular_chondrocyte""]",3D_encapsulation,bovine,,0,1,1,0,1,0,2026-09-26T18:34:08Z,28351221,10.1089/ten.TEA.2016.0490,2017,* Understanding the Spatiotemporal Degradation Behavior of Aggrecanase-Sensitive Poly(ethylene glycol) Hydrogels for Use in Cartilage Tissue Engineering,Tissue engineering. Part A
AMBC_8l0WZKTHhTcU2Sc4AFLln4pqQ4m,unmodified,[],ipn,"[""ipn""]",in_vitro_cartilage,"[""in_vitro_cartilage""]","[""agarose""]",[],3D_encapsulation,,,0,1,1,0,1,0,2026-09-26T18:34:08Z,24700577,10.1002/term.1892,2017,Evaluation of apparent fracture toughness of articular cartilage and hydrogels,Journal of tissue engineering and regenerative medicine
AMBC_4l12OVTV4a5CYUtAmGT3fwXTeQ2,unmodified,[],bulk_hydrogel,"[""bulk_hydrogel""]",in_vitro_cartilage,"[""in_vitro_cartilage""]","[""collagen"", ""agarose""]","[""articular_chondrocyte"", ""MSC""]",3D_encapsulation,porcine,,0,1,1,0,1,0,2026-09-26T18:34:08Z,26010516,10.1002/term.2033,2017,Engineering cartilaginous grafts using chondrocyte-laden hydrogels supported by a superficial layer of stem cells,Journal of tissue engineering and regenerative medicine
AMBC_Vpf2RljqIyShhQyYiPofx0aAJJM,unmodified,[],bulk_hydrogel,"[""bulk_hydrogel""]",in_vitro_cartilage,"[""in_vitro_cartilage""]","[""HA""]","[""articular_chondrocyte""]",3D_encapsulation,human,,0,1,1,0,1,0,2026-09-26T18:34:08Z,28549864,10.1016/j.ijbiomac.2017.05.091,2017,Hyaluronan hydrogels with a low degree of modification as scaffolds for cartilage engineering,International journal of biological macromolecules
AMBC_8EACPDFraYZLzJkjX0KEGYJvyC0,unmodified,[],bulk_hydrogel,"[""bulk_hydrogel""]",in_vitro_cartilage,"[""in_vitro_cartilage""]","[""collagen"", ""chitosan""]","[""MSC""]",3D_encapsulation,,,0,1,1,0,1,0,2026-09-26T18:34:08Z,27477393,10.1002/bit.26061,2017,Microengineered 3D cell-laden thermoresponsive hydrogels for mimicking cell morphology and orientation in cartilage tissue engineering,Biotechnology and bioengineering
AMBC_2izLyL1vJg9AmMbJvztbFLBue29,unmodified,[],porous_scaffold,"[""porous_scaffold"", ""microsphere""]",in_vitro_cartilage,"[""in_vitro_cartilage""]","[""PVA""]","[""articular_chondrocyte""]",3D_encapsulation,rabbit,,0,1,1,0,1,0,2026-09-26T18:34:08Z,28183011,10.1016/j.jmbbm.2017.02.001,2017,Semi-degradable porous poly (vinyl alcohol) hydrogel scaffold for cartilage repair: Evaluation of the initial and cell-cultured tribological properties,Journal of the mechanical behavior of biomedical materials
AMBC_Ki5011VZIHNkLdSX8ih4FPMjzBv,unmodified,[],bulk_hydrogel,"[""bulk_hydrogel""]",in_vitro_cartilage,"[""in_vitro_cartilage""]","[""collagen""]",[],3D_encapsulation,human,,0,1,1,0,1,0,2026-09-26T18:34:08Z,29177908,10.1007/s10517-017-3971-z,2017,Formation of Tissue-Engineered Construct of Human Cartilage Tissue in a Flow-Through Bioreactor,Bulletin of experimental biology and medicine
AMBC_Tbo0TwSGeBTKIXDa75OfH3VOoEo,unmodified,[],3d_printed,"[""3d_printed""]",in_vitro_cartilage,"[""in_vitro_cartilage""]","[""alginate""]","[""articular_chondrocyte""]",3D_bioprint,human,,0,1,1,0,1,0,2026-09-26T18:34:08Z,29134949,10.1088/1758-5090/aa90d7,2017,PLA short sub-micron fiber reinforcement of 3D bioprinted alginate constructs for cartilage regeneration,Biofabrication
AMBC_B6lDAK7n30wwCQmtsly4ZbiSfJi,unmodified,[],bulk_hydrogel,"[""bulk_hydrogel""]",in_vitro_cartilage,"[""in_vitro_cartilage""]",[],"[""articular_chondrocyte""]",3D_encapsulation,bovine,,0,1,1,0,1,0,2026-09-26T18:34:08Z,26712322,10.1002/term.2106,2017,Bio-inspired design of a magnetically active trilayered scaffold for cartilage tissue engineering,Journal of tissue engineering and regenerative medicine
AMBC_A1SJiGwP5I6wu1rfxuTW76ZGTO4,unmodified,[],bulk_hydrogel,"[""bulk_hydrogel""]",in_vitro_cartilage,"[""in_vitro_cartilage""]","[""chitosan"", ""gelatin""]","[""adipose_MSC""]",3D_encapsulation,human,,0,1,1,0,1,0,2026-09-26T18:34:08Z,27526111,10.1007/s12010-016-2210-9,2017,Numerical Simulation of Mass Transfer and Three-Dimensional Fabrication of Tissue-Engineered Cartilages Based on Chitosan/Gelatin Hybrid Hydrogel Scaffold in a Rotating Bioreactor,Applied biochemistry and biotechnology
AMBC_y48LuZuJDSn4V8MoKTIytr3wLn,unmodified,[],bulk_hydrogel,"[""bulk_hydrogel""]",in_vitro_cartilage,"[""in_vitro_cartilage""]","[""HA"", ""PVA""]",[],3D_encapsulation,,,0,1,1,0,1,0,2026-09-26T18:34:08Z,28719343,10.14715/cmb/2017.63.5.7,2017,Preparation and properties of polyvinyl alcohol (PVA) and hydroxylapatite (HA) hydrogels for cartilage tissue engineering,"Cellular and molecular biology (Noisy-le-Grand, France)"
AMBC_5oK00WXJ8szhtzbMHwI8aLBfkmW,unmodified,[],bulk_hydrogel,"[""bulk_hydrogel""]",in_vitro_cartilage,"[""in_vitro_cartilage""]","[""collagen""]","[""articular_chondrocyte"", ""MSC""]",3D_encapsulation,human,,0,1,1,0,1,0,2026-09-26T18:34:03Z,28885597,10.3390/ijms18091933,2017,Hypoxia Is a Critical Parameter for Chondrogenic Differentiation of Human Umbilical Cord Blood Mesenchymal Stem Cells in Type I/III Collagen Sponges,International journal of molecular sciences
AMBC_BzyBk5hDtFcvnGVhoAA42m1VkNM,unmodified,[],bulk_hydrogel,"[""bulk_hydrogel""]",in_vitro_cartilage,"[""in_vitro_cartilage""]","[""collagen""]","[""articular_chondrocyte""]",3D_encapsulation,murine,,0,1,1,0,1,0,2026-09-26T18:34:03Z,29065675,10.1155/2017/9747264,2017,"Morphological, Immunocytochemical, and Biochemical Studies of Rat Costal Chondrocytes Exposed to IL-1β and TGF-β1",Journal of healthcare engineering
AMBC_IciWCFhneCOzUZ4DaOfxAmIhZGP,unmodified,[],bulk_hydrogel,"[""bulk_hydrogel""]",in_vitro_cartilage,"[""in_vitro_cartilage""]","[""collagen""]","[""articular_chondrocyte""]",3D_encapsulation,murine,,0,1,1,0,1,0,2026-09-26T18:34:03Z,28754105,10.1186/s12891-017-1653-7,2017,GIT1 gene deletion delays chondrocyte differentiation and healing of tibial plateau fracture through suppressing proliferation and apoptosis of chondrocyte,BMC musculoskeletal disorders
AMBC_EEPjtfcjLeJJ94mjsjrUAf0JUAn,unmodified,[],3d_printed,"[""3d_printed""]",in_vitro_cartilage,"[""in_vitro_cartilage""]",[],[],3D_bioprint,,,0,1,1,0,1,0,2026-09-26T18:34:03Z,28842703,10.1038/s41598-017-10060-3,2017,In situ repair of bone and cartilage defects using 3D scanning and 3D printing,Scientific reports
AMBC_OjsptABVFkq8fxUPOVibMrJrwLB,unmodified,[],bulk_hydrogel,"[""bulk_hydrogel""]",in_vitro_cartilage,"[""in_vitro_cartilage""]","[""collagen""]","[""articular_chondrocyte""]",3D_encapsulation,bovine,,0,1,1,0,1,0,2026-09-26T18:34:03Z,29322043,10.3389/fbioe.2017.00076,2017,Dynamic Mechanical Compression of Chondrocytes for Tissue Engineering: A Critical Review,Frontiers in bioengineering and biotechnology
AMBC_3MGMApyFbllewuj5BWs2hAiZZ9A,unmodified,[],bulk_hydrogel,"[""bulk_hydrogel""]",in_vitro_cartilage,"[""in_vitro_cartilage""]","[""collagen""]","[""articular_chondrocyte"", ""ATDC5""]",3D_encapsulation,murine,,0,1,1,0,1,0,2026-09-26T18:34:03Z,28849029,10.3892/mmr.2017.7300,2017,Ca2+/Mg2+ homeostasis‐related TRPM7 channel mediates chondrocyte hypertrophy via regulation of the PI3K‐Akt signaling pathway,Molecular medicine reports
AMBC_E9Hf2namq8figCJYpVd48kGD4l9,unmodified,[],bulk_hydrogel,"[""bulk_hydrogel""]",in_vitro_cartilage,"[""in_vitro_cartilage""]","[""collagen""]","[""articular_chondrocyte""]",3D_encapsulation,human,,0,1,1,0,1,0,2026-09-26T18:34:03Z,27401487,10.1002/term.2192,2017,Characterization of layered chondrocyte sheets created in a co-culture system with synoviocytes in a hypoxic environment,Journal of tissue engineering and regenerative medicine
AMBC_ATuLQKoOo68r9TZ1vtksa5iUlPo,unmodified,[],bulk_hydrogel,"[""bulk_hydrogel""]",in_vitro_cartilage,"[""in_vitro_cartilage""]","[""collagen""]","[""articular_chondrocyte""]",3D_encapsulation,,,0,1,1,0,1,0,2026-09-26T18:34:03Z,27771587,10.1016/j.archoralbio.2016.10.017,2017,"Study on the effects of gradient mechanical pressures on the proliferation, apoptosis, chondrogenesis and hypertrophy of mandibular condylar chondrocytes in vitro",Archives of oral biology
AMBC_YcBRpDmIpYT6UWi5RrRMgA9qGqr,unmodified,[],bulk_hydrogel,"[""bulk_hydrogel""]",in_vitro_cartilage,"[""in_vitro_cartilage""]","[""collagen""]","[""articular_chondrocyte""]",3D_encapsulation,,,0,1,1,0,1,0,2026-09-26T18:34:03Z,28337445,10.1155/2017/2395138,2017,Rapid Chondrocyte Isolation for Tissue Engineering Applications: The Effect of Enzyme Concentration and Temporal Exposure on the Matrix Forming Capacity of Nasal Derived Chondrocytes,BioMed research international
AMBC_9Wqy4tZVvXOlcnOxMLE9wYZvR9d,sulfated,"[""sulfated""]",bulk_hydrogel,"[""bulk_hydrogel""]",in_vitro_cartilage,"[""in_vitro_cartilage""]",[],"[""MSC""]",3D_encapsulation,,,0,1,1,0,1,0,2026-09-26T18:34:03Z,29258589,10.1186/s13287-017-0728-6,2017,A comparative study of chondroitin sulfate and heparan sulfate for directing three-dimensional chondrogenesis of mesenchymal stem cells,Stem cell research & therapy
AMBC_iseelyRZbXoNahcNhgPnuNbUYO,unmodified,[],bulk_hydrogel,"[""bulk_hydrogel""]",in_vitro_cartilage,"[""in_vitro_cartilage""]","[""HA"", ""collagen""]","[""MSC""]",3D_encapsulation,,,0,1,1,0,1,0,2026-09-26T18:34:03Z,29026640,10.1093/rb/rbx008,2017,Directing the osteoblastic and chondrocytic differentiations of mesenchymal stem cells: matrix vs. induction media,Regenerative biomaterials
AMBC_CnKiXaw6bdrZ12ohObY7zhTXZk,unmodified,[],bulk_hydrogel,"[""bulk_hydrogel""]",in_vitro_cartilage,"[""in_vitro_cartilage""]",[],[],3D_encapsulation,,,0,1,1,0,1,0,2026-09-26T18:34:03Z,28613313,10.1039/c7sm00423k,2017,Heterogeneity is key to hydrogel-based cartilage tissue regeneration,Soft matter
AMBC_XIGHKROzCHpsQqPw5SddRA0jtT8,methacrylated,"[""methacrylated""]",bulk_hydrogel,"[""bulk_hydrogel""]",in_vitro_cartilage,"[""in_vitro_cartilage""]","[""GelMA"", ""HA"", ""gelatin""]","[""articular_chondrocyte""]",3D_encapsulation,human,,0,1,1,0,1,0,2026-09-26T18:34:03Z,29208903,10.1038/s41598-017-16523-x,2017,A novel bioreactor system for biaxial mechanical loading enhances the properties of tissue-engineered human cartilage,Scientific reports
AMBC_Bm3OYh7Zk0DFy3xcZc5hNAdOiNv,unmodified,[],monolayer,"[""monolayer""]",in_vitro_cartilage,"[""in_vitro_cartilage""]","[""HA""]","[""MSC""]",3D_encapsulation,,,0,1,1,0,1,0,2026-09-26T18:34:03Z,28567273,10.1177/2041731417705615,2017,Bone and cartilage differentiation of a single stem cell population driven by material interface,Journal of tissue engineering
AMBC_FExtr7BGuQNQyV7VQva3em6q97Y,sulfated,"[""sulfated""]",bulk_hydrogel,"[""bulk_hydrogel""]",in_vitro_cartilage,"[""in_vitro_cartilage""]","[""collagen""]","[""articular_chondrocyte"", ""MSC""]",3D_encapsulation,human,,0,1,1,0,1,0,2026-09-26T18:34:03Z,32264439,10.1039/c7tb00896a,2017,Effect of hydrogel material composition on hBMSC differentiation into zone-specific neo-cartilage: engineering human articular cartilage-like tissue with spatially varying properties,Journal of materials chemistry. B
AMBC_GTUxh6U4ylR2qy1hTGGTvHg08wo,norbornene,"[""norbornene""]",bulk_hydrogel,"[""bulk_hydrogel""]",in_vitro_cartilage,"[""in_vitro_cartilage""]",[],"[""articular_chondrocyte""]",3D_encapsulation,bovine,,0,1,1,0,1,0,2026-09-26T18:34:03Z,29732400,10.1021/acsbiomaterials.7b00348,2017,Local Heterogeneities Improve Matrix Connectivity in Degradable and Photoclickable Poly(ethylene glycol) Hydrogels for Applications in Tissue Engineering,ACS biomaterials science & engineering
AMBC_9BXwwBXid2Rv0vLsUo38TuU0QvZ,unmodified,[],injectable,"[""injectable""]",in_vitro_cartilage,"[""in_vitro_cartilage""]","[""HA""]","[""articular_chondrocyte""]",3D_encapsulation,,,0,1,1,0,1,0,2026-09-26T18:34:03Z,28268018,10.1016/j.biomaterials.2017.02.010,2017,Elastin-like protein-hyaluronic acid (ELP-HA) hydrogels with decoupled mechanical and biochemical cues for cartilage regeneration,Biomaterials
AMBC_MY0uxvVSBQfeafoxxemxKVBj6wq,sulfated,"[""sulfated""]",monolayer,"[""monolayer""]",in_vitro_cartilage,"[""in_vitro_cartilage""]","[""collagen""]",[],2D,human,TGF_b3,0,1,1,0,1,0,2026-09-26T18:34:03Z,29527227,10.1155/2017/7053465,2017,Successful Low-Cost Scaffold-Free Cartilage Tissue Engineering Using Human Cartilage Progenitor Cell Spheroids Formed by Micromolded Nonadhesive Hydrogel,Stem cells international
AMBC_T7BJoPO41lgqtXbCm8nQtZDUQbj,rgd_conjugated,"[""rgd_conjugated""]",monolayer,"[""monolayer""]",in_vitro_cartilage,"[""in_vitro_cartilage""]","[""PEG""]","[""articular_chondrocyte""]",2D,human,,0,1,1,0,1,0,2026-09-26T18:34:03Z,28875425,10.1007/s10856-017-5968-6,2017,Initiating human articular chondrocyte re-differentiation in a 3D system after 2D expansion,Journal of materials science. Materials in medicine
AMBC_ThNEdpaeOqOE95vLR2K7p9RfBWg,methacrylated,"[""methacrylated""]",bulk_hydrogel,"[""bulk_hydrogel""]",in_vitro_cartilage,"[""in_vitro_cartilage""]",[],"[""articular_chondrocyte""]",3D_encapsulation,,,0,1,1,0,1,0,2026-09-26T18:34:03Z,28772550,10.3390/ma10020191,2017,A Dual-Bonded Approach for Improving Hydrogel Implant Stability in Cartilage Defects,"Materials (Basel, Switzerland)"
AMBC_9v3obtnhFmPAW7TvdjWoaNCM2Nu,unmodified,[],fiber,"[""fiber""]",in_vitro_cartilage,"[""in_vitro_cartilage""]","[""collagen""]","[""articular_chondrocyte""]",3D_encapsulation,human,,0,1,1,0,1,0,2026-09-26T18:34:03Z,28374682,10.1088/1758-5090/aa6b15,2017,Biofabricated soft network composites for cartilage tissue engineering,Biofabrication
AMBC_AQGdRAFPMzyxXYgza8ZOWuX3vyg,unmodified,[],bulk_hydrogel,"[""bulk_hydrogel""]",in_vitro_cartilage,"[""in_vitro_cartilage""]",[],"[""articular_chondrocyte""]",3D_encapsulation,human,,0,1,1,0,1,0,2026-09-26T18:34:03Z,27729233,10.1016/j.actbio.2016.10.011,2017,Tailoring hydrogel surface properties to modulate cellular response to shear loading,Acta biomaterialia
AMBC_2HNXOswMRDmr1wjvOlTamXoHdxH,unmodified,[],microsphere,"[""microsphere""]",in_vitro_cartilage,"[""in_vitro_cartilage""]","[""collagen""]","[""articular_chondrocyte"", ""MSC""]",3D_encapsulation,,,0,1,1,0,1,0,2026-09-26T18:34:03Z,32264594,10.1039/c7tb02535a,2017,Fast fabrication of stable cartilage-like tissue using collagen hydrogel microsphere culture,Journal of materials chemistry. B
AMBC_7EzRyQwZ3Qe5hJCtCtUJ95xOnX9,sulfated,"[""sulfated""]",ipn,"[""ipn"", ""injectable""]",in_vitro_cartilage,"[""in_vitro_cartilage""]","[""alginate"", ""collagen""]","[""articular_chondrocyte""]",2D,,,0,1,1,0,1,0,2026-09-26T18:34:03Z,28917911,10.1016/j.carbpol.2017.07.063,2017,Injectable glycosaminoglycan-protein nano-complex in semi-interpenetrating networks: A biphasic hydrogel for hyaline cartilage regeneration,Carbohydrate polymers
AMBC_2qBHmrOjq7a1bxusheTyVmiu4fo,click,"[""click""]",injectable,"[""injectable""]",in_vitro_cartilage,"[""in_vitro_cartilage""]","[""collagen"", ""dextran""]","[""articular_chondrocyte""]",3D_encapsulation,rabbit,,0,1,1,0,1,0,2026-09-26T18:34:03Z,28183600,10.1016/j.msec.2016.12.053,2017,Injectable dextran hydrogels fabricated by metal-free click chemistry for cartilage tissue engineering,"Materials science & engineering. C, Materials for biological applications"
AMBC_6woIqU63rL1HIpNTXtgwgKUalZZ,unmodified,[],bulk_hydrogel,"[""bulk_hydrogel""]",in_vitro_cartilage,"[""in_vitro_cartilage""]",[],"[""articular_chondrocyte""]",3D_encapsulation,,,0,1,1,0,1,0,2026-09-26T18:34:03Z,28967913,10.1038/nmat4993,2017,Mechanical confinement regulates cartilage matrix formation by chondrocytes,Nature materials
AMBC_McjDkWpJcQ7KsciwOrKd6XPe2qp,unmodified,[],monolayer,"[""monolayer""]",in_vitro_cartilage,"[""in_vitro_cartilage""]","[""alginate"", ""collagen""]","[""articular_chondrocyte""]",2D,human,,0,1,1,0,1,0,2026-09-26T18:34:03Z,31069284,10.1063/1.5006752,2017,Geometric confinement is required for recovery and maintenance of chondrocyte phenotype in alginate,APL bioengineering
AMBC_DKgUtaYswZ9wRw44awnvKN8voV4,unmodified,[],bulk_hydrogel,"[""bulk_hydrogel""]",in_vitro_cartilage,"[""in_vitro_cartilage""]","[""collagen""]","[""articular_chondrocyte""]",3D_encapsulation,,,0,1,1,0,1,0,2026-09-26T18:34:03Z,25431317,10.1002/term.1963,2017,A hydrolytically-tunable photocrosslinked PLA-PEG-PLA/PCL-PEG-PCL dual-component hydrogel that enhances matrix deposition of encapsulated chondrocytes,Journal of tissue engineering and regenerative medicine
AMBC_mIUoLQcmJ429hBPO8mw9TZ37Hj,unmodified,[],bulk_hydrogel,"[""bulk_hydrogel""]",in_vitro_cartilage,"[""in_vitro_cartilage""]","[""collagen""]","[""articular_chondrocyte""]",3D_encapsulation,murine,,0,1,1,0,1,0,2026-09-26T18:34:03Z,30603494,10.1007/s13770-017-0060-3,2017,Effects of Type I Collagen Concentration in Hydrogel on the Growth and Phenotypic Expression of Rat Chondrocytes,Tissue engineering and regenerative medicine
AMBC_PNX2SYumhYItiKkMX82H8BdZ0gg,unmodified,[],bulk_hydrogel,"[""bulk_hydrogel""]",in_vitro_cartilage,"[""in_vitro_cartilage""]","[""collagen""]","[""articular_chondrocyte""]",3D_encapsulation,bovine,,0,1,1,0,1,0,2026-09-26T18:34:03Z,28436002,10.1002/bit.26320,2017,Characterization of the chondrocyte secretome in photoclickable poly(ethylene glycol) hydrogels,Biotechnology and bioengineering
AMBC_5xc2ozbrVFKjOT7wB54UDsn4S1L,methacrylated,"[""methacrylated""]",bulk_hydrogel,"[""bulk_hydrogel""]",in_vitro_cartilage,"[""in_vitro_cartilage""]","[""GelMA"", ""gelatin""]","[""articular_chondrocyte""]",3D_encapsulation,,,0,1,1,0,1,0,2026-09-26T18:34:03Z,32264209,10.1039/c7tb01350g,2017,Influence of microporous gelatin hydrogels on chondrocyte functions,Journal of materials chemistry. B
AMBC_SSpL8d3utBVPscfi7QTMfpEWmU0,unmodified,[],bulk_hydrogel,"[""bulk_hydrogel""]",in_vitro_cartilage,"[""in_vitro_cartilage""]","[""collagen""]","[""articular_chondrocyte""]",3D_encapsulation,rabbit,,0,1,1,0,1,0,2026-09-26T18:34:03Z,29163675,10.3892/etm.2017.5202,2017,Effects of different concentrations of type-I collagen hydrogel on the growth and differentiation of chondrocytes,Experimental and therapeutic medicine
AMBC_AsV1QO49ENRVL1ne7zUg3MyRgx1,unmodified,[],injectable,"[""injectable""]",in_vitro_cartilage,"[""in_vitro_cartilage""]","[""collagen""]","[""articular_chondrocyte""]",3D_encapsulation,,,0,1,1,0,1,0,2026-09-26T18:34:03Z,28482515,10.1016/j.msec.2017.02.130,2017,Promoting chondrocyte cell clustering through tuning of a poly(ethylene glycol)-poly(peptide) thermosensitive hydrogel with distinctive microarchitecture,"Materials science & engineering. C, Materials for biological applications"
AMBC_51EopTyuwnYnSkz4nkMrzkhOd2V,unmodified,[],3d_printed,"[""3d_printed""]",bioprinting,"[""bioprinting""]","[""alginate""]","[""MSC""]",3D_bioprint,,,0,1,1,0,1,0,2026-09-26T18:34:12Z,29213126,10.1038/s41598-017-17286-1,2017,Tuning Alginate Bioink Stiffness and Composition for Controlled Growth Factor Delivery and to Spatially Direct MSC Fate within Bioprinted Tissues,Scientific reports
AMBC_DBN1jUFx0iiOqKvRQto7LDkUYxd,unmodified,[],3d_printed,"[""3d_printed"", ""monolayer""]",bioprinting,"[""bioprinting"", ""in_vitro_cartilage""]",[],"[""MSC""]",3D_bioprint,human,,0,1,1,0,1,0,2026-09-26T18:34:12Z,27345768,10.1002/bit.26042,2017,NR2F2 regulates chondrogenesis of human mesenchymal stem cells in bioprinted cartilage,Biotechnology and bioengineering
AMBC_8jC8kel7UlmVvablIWIFzTg1J03,norbornene,"[""norbornene"", ""thiolated""]",3d_printed,"[""3d_printed""]",bioprinting,"[""bioprinting"", ""in_vitro_cartilage""]","[""HA""]","[""MSC""]",3D_bioprint,human,,0,1,1,0,1,0,2026-09-26T18:34:12Z,28906257,10.1088/1758-5090/aa8cb7,2017,Double printing of hyaluronic acid/poly(glycidol) hybrid hydrogels with poly(ε-caprolactone) for MSC chondrogenesis,Biofabrication
AMBC_3Gp1ccXf0iVmqEG1Jb5NB0ddS1F,unmodified,[],3d_printed,"[""3d_printed""]",bioprinting,"[""bioprinting"", ""in_vitro_cartilage""]","[""alginate"", ""collagen"", ""cellulose""]","[""articular_chondrocyte""]",3D_bioprint,,,0,1,1,0,1,0,2026-09-26T18:34:03Z,27503606,10.1007/s10439-016-1704-5,2017,Alginate Sulfate-Nanocellulose Bioinks for Cartilage Bioprinting Applications,Annals of biomedical engineering
AMBC_5F1AWSzDKkMNeksnVRmmh8LJa8p,methacrylated,"[""methacrylated""]",3d_printed,"[""3d_printed""]",bioprinting,"[""bioprinting"", ""in_vitro_cartilage""]","[""HA"", ""PEG"", ""collagen""]","[""articular_chondrocyte""]",3D_bioprint,,,0,1,1,0,1,0,2026-09-26T18:34:03Z,28229956,10.1088/1758-5090/aa6265,2017,Development of a thermosensitive HAMA-containing bio-ink for the fabrication of composite cartilage repair constructs,Biofabrication
AMBC_8ufIgfMWftLpOTrPxF9x9a8wFnK,methacrylated,"[""methacrylated""]",3d_printed,"[""3d_printed""]",bioprinting,"[""bioprinting"", ""in_vitro_cartilage""]","[""GelMA"", ""collagen"", ""gelatin""]","[""articular_chondrocyte"", ""MSC""]",3D_bioprint,,,0,1,1,0,1,0,2026-09-26T18:34:03Z,28782725,10.1016/j.actbio.2017.08.005,2017,The bio in the ink: cartilage regeneration with bioprintable hydrogels and articular cartilage-derived progenitor cells,Acta biomaterialia
AMBC_GVqaogyWetQzsic3wtUgUesKqMb,unmodified,[],bulk_hydrogel,"[""bulk_hydrogel""]",auricular,"[""auricular"", ""in_vivo_repair"", ""in_vitro_cartilage""]","[""collagen""]",[],3D_encapsulation,human,,0,1,1,0,1,0,2026-09-26T18:34:08Z,29078705,10.1177/0003489417738789,2017,Comparisons of Auricular Cartilage Tissues from Different Species,"The Annals of otology, rhinology, and laryngology"
AMBC_QpMvpGhSeKlmtgDov0o7QlJiHTW,unmodified,[],bulk_hydrogel,"[""bulk_hydrogel""]",auricular,"[""auricular"", ""in_vivo_repair"", ""in_vitro_cartilage""]","[""silk_fibrin"", ""PVA""]","[""articular_chondrocyte""]",3D_encapsulation,human,,0,1,1,0,1,0,2026-09-26T18:34:03Z,28777314,10.3390/ijms18081707,2017,Artificial Auricular Cartilage Using Silk Fibroin and Polyvinyl Alcohol Hydrogel,International journal of molecular sciences
AMBC_O2O0iBKMl7OSewA2P2oaHevLoG2,unmodified,[],bulk_hydrogel,"[""bulk_hydrogel""]",osteochondral,"[""osteochondral"", ""in_vivo_repair"", ""in_vitro_cartilage""]","[""HA"", ""collagen""]","[""MSC""]",3D_encapsulation,rabbit,,0,1,1,0,1,0,2026-09-26T18:34:12Z,26728500,10.22203/ecm.v031a06,2016,Chondrogenesis of mesenchymal stem cells in a novel hyaluronate-collagen-tricalcium phosphate scaffolds for knee repair,European cells & materials
AMBC_NgiyBNW8lq88wCWizHeLCroOMpm,unmodified,[],monolayer,"[""monolayer""]",osteochondral,"[""osteochondral""]","[""gelatin""]","[""MSC""]",3D_encapsulation,,,0,1,1,0,1,0,2026-09-26T18:34:08Z,26935924,10.1007/s10439-016-1582-x,2016,Evaluation of Gelatin Microparticles as Adherent-Substrates for Mesenchymal Stem Cells in a Hydrogel Composite,Annals of biomedical engineering
AMBC_BRGnSPyQKSLSCIkvnN4G9NZGBtT,unmodified,[],bulk_hydrogel,"[""bulk_hydrogel""]",osteochondral,"[""osteochondral"", ""in_vitro_cartilage""]","[""HA""]","[""MSC""]",3D_encapsulation,human,,0,1,1,0,1,0,2026-09-26T18:34:08Z,27824874,10.1371/journal.pone.0165446,2016,Effect of Transplanting Various Concentrations of a Composite of Human Umbilical Cord Blood-Derived Mesenchymal Stem Cells and Hyaluronic Acid Hydrogel on Articular Cartilage Repair in a Rabbit Model,PloS one
AMBC_YYgSf9PjNHmZ3b4k3BNa4d0eyRh,unmodified,[],bulk_hydrogel,"[""bulk_hydrogel""]",osteochondral,"[""osteochondral"", ""in_vitro_cartilage""]","[""chitosan"", ""gelatin""]","[""articular_chondrocyte"", ""adipose_MSC""]",3D_encapsulation,porcine,,0,1,1,0,1,0,2026-09-26T18:34:08Z,27180235,10.1007/s10856-016-5722-5,2016,Fabrication and development of artificial osteochondral constructs based on cancellous bone/hydrogel hybrid scaffold,Journal of materials science. Materials in medicine
AMBC_NUFtNRg169ZL8dKumE3Q2Qj6tg,sulfated,"[""sulfated""]",bulk_hydrogel,"[""bulk_hydrogel""]",osteochondral,"[""osteochondral"", ""in_vitro_cartilage""]","[""alginate"", ""collagen""]","[""MSC""]",3D_encapsulation,,TGF_b3,0,1,1,0,1,0,2026-09-26T18:34:08Z,27079852,10.1089/ten.TEA.2015.0576,2016,Gene Delivery of TGF-β3 and BMP2 in an MSC-Laden Alginate Hydrogel for Articular Cartilage and Endochondral Bone Tissue Engineering,Tissue engineering. Part A
AMBC_5EEJqQOUiUluS8x8rOz8Q7EODmi,unmodified,[],bulk_hydrogel,"[""bulk_hydrogel""]",osteochondral,"[""osteochondral"", ""in_vivo_repair"", ""in_vitro_cartilage""]","[""alginate"", ""collagen""]","[""articular_chondrocyte"", ""MSC""]",3D_encapsulation,murine,,0,1,1,0,1,0,2026-09-26T18:34:03Z,26841115,10.1371/journal.pone.0148372,2016,Flavonoid Compound Icariin Activates Hypoxia Inducible Factor-1α in Chondrocytes and Promotes Articular Cartilage Repair,PloS one
AMBC_2ilhD5iwEZG0KvmuOxOXtHSVYfQ,unmodified,[],bulk_hydrogel,"[""bulk_hydrogel""]",osteochondral,"[""osteochondral"", ""in_vivo_repair"", ""in_vitro_cartilage""]",[],"[""MSC""]",3D_encapsulation,,,0,1,1,0,1,0,2026-09-26T18:34:03Z,30979294,10.3390/polym8050200,2016,Thermogel-Coated Poly(ε-Caprolactone) Composite Scaffold for Enhanced Cartilage Tissue Engineering,Polymers
AMBC_ZWscNC6IHhdJ1L1jeDDWvJbReN,unmodified,[],bulk_hydrogel,"[""bulk_hydrogel""]",osteochondral,"[""osteochondral"", ""in_vitro_cartilage""]","[""cellulose""]","[""articular_chondrocyte""]",3D_encapsulation,,,0,1,1,0,1,0,2026-09-26T18:34:03Z,26917958,10.2147/IJN.S94000,2016,Enhanced chondrocyte culture and growth on biologically inspired nanofibrous cell culture dishes,International journal of nanomedicine
AMBC_7tezYYJ3Ecm70l1y3duUYOPF04V,methacrylated,"[""methacrylated""]",bulk_hydrogel,"[""bulk_hydrogel""]",osteochondral,"[""osteochondral"", ""in_vitro_cartilage""]","[""GelMA"", ""HA"", ""alginate"", ""gelatin""]","[""articular_chondrocyte""]",3D_encapsulation,human,,0,1,1,0,1,0,2026-09-26T18:34:03Z,28773410,10.3390/ma9040285,2016,A Hydrogel Model Incorporating 3D-Plotted Hydroxyapatite for Osteochondral Tissue Engineering,"Materials (Basel, Switzerland)"
AMBC_OSeABTMIvnQfuYo3tdWH4nMcPo6,unmodified,[],bulk_hydrogel,"[""bulk_hydrogel""]",in_vitro_cartilage,"[""in_vitro_cartilage""]","[""collagen""]","[""articular_chondrocyte"", ""MSC""]",3D_encapsulation,human,,0,1,1,0,1,0,2026-09-26T18:34:12Z,26523516,10.1016/j.matbio.2015.10.003,2016,The development of a mature collagen network in cartilage from human bone marrow stem cells in Transwell culture,Matrix biology : journal of the International Society for Matrix Biology
AMBC_I6M23bERU6Rw9BQ6lrAvjEeK4Ys,unmodified,[],monolayer,"[""monolayer""]",in_vitro_cartilage,"[""in_vitro_cartilage""]","[""collagen""]","[""articular_chondrocyte"", ""MSC""]",2D,human,,0,1,1,0,1,0,2026-09-26T18:34:12Z,27430159,10.3892/ijmm.2016.2660,2016,DEC2 is a negative regulator for the proliferation and differentiation of chondrocyte lineage-committed mesenchymal stem cells,International journal of molecular medicine
AMBC_QK41JKDolAcR56yQQntcLZ7k4TT,unmodified,[],injectable,"[""injectable""]",in_vitro_cartilage,"[""in_vitro_cartilage""]",[],"[""adipose_MSC""]",3D_encapsulation,human,,0,1,1,0,1,0,2026-09-26T18:34:12Z,27458325,10.1021/acs.chemmater.5b03528,2016,Thermoreversible and Injectable ABC Polypeptoid Hydrogels: Controlling the Hydrogel Properties through Molecular Design,Chemistry of materials : a publication of the American Chemical Society
AMBC_BAsdLmcpiJjkUFa0Pe7utpKDGLI,unmodified,[],bulk_hydrogel,"[""bulk_hydrogel""]",in_vitro_cartilage,"[""in_vitro_cartilage""]","[""collagen""]","[""MSC""]",3D_encapsulation,human,,0,1,1,0,1,0,2026-09-26T18:34:12Z,27342267,10.1007/s12015-016-9671-7,2016,Effects of Human Fibroblast-Derived Extracellular Matrix on Mesenchymal Stem Cells,Stem cell reviews and reports
AMBC_PCysLncRvYr4wAjpop5FU0I3cMF,unmodified,[],bulk_hydrogel,"[""bulk_hydrogel""]",in_vitro_cartilage,"[""in_vitro_cartilage""]","[""collagen""]","[""articular_chondrocyte"", ""MSC""]",3D_encapsulation,human,,0,1,1,0,1,0,2026-09-26T18:34:12Z,26227919,10.1007/s00264-015-2925-1,2016,Mesenchymal stem cells reside in anterior cruciate ligament remnants in situ,International orthopaedics
AMBC_VjLBzRcbCUHT4pGGGXrMwMefCQf,unmodified,[],monolayer,"[""monolayer""]",in_vitro_cartilage,"[""in_vitro_cartilage""]","[""collagen""]","[""articular_chondrocyte"", ""MSC""]",2D,human,,0,1,1,0,1,0,2026-09-26T18:34:12Z,27118471,10.1186/s13287-016-0322-3,2016,"The trans-well coculture of human synovial mesenchymal stem cells with chondrocytes leads to self-organization, chondrogenic differentiation, and secretion of TGFβ",Stem cell research & therapy
AMBC_CTtvlf43VGWCU7didTwElGn7OtF,unmodified,[],bulk_hydrogel,"[""bulk_hydrogel""]",in_vitro_cartilage,"[""in_vitro_cartilage""]","[""collagen""]","[""articular_chondrocyte"", ""MSC""]",3D_encapsulation,,,0,1,1,0,1,0,2026-09-26T18:34:12Z,27848974,10.1038/srep36655,2016,Differential expression of TGF-β superfamily members and role of Smad1/5/9-signalling in chondral versus endochondral chondrocyte differentiation,Scientific reports
AMBC_LiIdsEMlC4LlGlmkg2Yb5PXj9ud,unmodified,[],bulk_hydrogel,"[""bulk_hydrogel""]",in_vitro_cartilage,"[""in_vitro_cartilage""]","[""collagen""]","[""articular_chondrocyte"", ""MSC""]",3D_encapsulation,,,0,1,1,0,1,0,2026-09-26T18:34:12Z,28536617,10.1186/s11658-016-0012-2,2016,Changes in expression of cartilaginous genes during chondrogenesis of Wharton's jelly mesenchymal stem cells on three-dimensional biodegradable poly(L-lactide-co-glycolide) scaffolds,Cellular & molecular biology letters
AMBC_HTZflzTF27sH0cUaDU3k3CvOAjh,unmodified,[],monolayer,"[""monolayer""]",in_vitro_cartilage,"[""in_vitro_cartilage""]","[""collagen""]","[""articular_chondrocyte"", ""MSC""]",2D,human,,0,1,1,0,1,0,2026-09-26T18:34:12Z,27446948,10.1155/2016/3827057,2016,Human Umbilical Cord Blood-Derived Mesenchymal Stem Cells Contribute to Chondrogenesis in Coculture with Chondrocytes,BioMed research international
AMBC_9OdynzaCvANKHbQF1va72kYK505,unmodified,[],monolayer,"[""monolayer""]",in_vitro_cartilage,"[""in_vitro_cartilage""]","[""collagen""]","[""MSC""]",2D,human,,0,1,1,0,1,0,2026-09-26T18:34:12Z,26862471,10.1089/biores.2015.0044,2016,Heterogeneous Differentiation of Human Mesenchymal Stem Cells in 3D Extracellular Matrix Composites,BioResearch open access
AMBC_3aLoOp2RZORKwq3jPEDh4jU03NX,unmodified,[],bulk_hydrogel,"[""bulk_hydrogel""]",in_vitro_cartilage,"[""in_vitro_cartilage""]","[""collagen""]","[""MSC""]",3D_encapsulation,human,,0,1,1,0,1,0,2026-09-26T18:34:12Z,27036202,10.1186/s13018-016-0373-2,2016,"Characterization of progenitor cells derived from torn human rotator cuff tendons by gene expression patterns of chondrogenesis, osteogenesis, and adipogenesis",Journal of orthopaedic surgery and research
AMBC_1lkF52uQwNPedjSQgsUPbwGwiOp,unmodified,[],bulk_hydrogel,"[""bulk_hydrogel""]",in_vitro_cartilage,"[""in_vitro_cartilage""]","[""collagen""]","[""MSC""]",3D_encapsulation,,,0,1,1,0,1,0,2026-09-26T18:34:12Z,28149840,10.3389/fvets.2016.00121,2016,Donor-Matched Comparison of Chondrogenic Potential of Equine Bone Marrow- and Synovial Fluid-Derived Mesenchymal Stem Cells: Implications for Cartilage Tissue Regeneration,Frontiers in veterinary science
AMBC_JvvwMgFka8BFgDI9qsFLDkQhsrk,unmodified,[],bulk_hydrogel,"[""bulk_hydrogel""]",in_vitro_cartilage,"[""in_vitro_cartilage""]","[""collagen""]","[""MSC""]",3D_encapsulation,,,0,1,1,0,1,0,2026-09-26T18:34:12Z,28004813,10.1038/srep39302,2016,Electrical stimulation drives chondrogenesis of mesenchymal stem cells in the absence of exogenous growth factors,Scientific reports
AMBC_6xypdtUVQkecwIiNF4m8e6B8Ruv,enzymatic,"[""enzymatic""]",bulk_hydrogel,"[""bulk_hydrogel""]",in_vitro_cartilage,"[""in_vitro_cartilage""]","[""collagen""]",[],3D_encapsulation,,TGF_b3,0,1,1,0,1,0,2026-09-26T18:34:12Z,26990273,10.1002/adhm.201600034,2016,A Closed Chondromimetic Environment within Magnetic-Responsive Liquified Capsules Encapsulating Stem Cells and Collagen II/TGF-β3 Microparticles,Advanced healthcare materials
AMBC_L5T2vsPI0o38KEfoHBPKlk07M7D,unmodified,[],fiber,"[""fiber"", ""monolayer""]",in_vitro_cartilage,"[""in_vitro_cartilage""]",[],"[""MSC""]",3D_encapsulation,,,0,1,1,0,1,0,2026-09-26T18:34:12Z,27399850,10.1002/jbm.a.35829,2016,A comparative evaluation of the effect of polymer chemistry and fiber orientation on mesenchymal stem cell differentiation,Journal of biomedical materials research. Part A
AMBC_Kox6yvr8cvcNhYIUvy72xZvPy9e,sulfated,"[""sulfated""]",bulk_hydrogel,"[""bulk_hydrogel""]",in_vitro_cartilage,"[""in_vitro_cartilage""]","[""collagen""]","[""MSC""]",3D_encapsulation,human,,0,1,1,0,1,0,2026-09-26T18:34:12Z,26990913,10.1002/jbm.a.35713,2016,Cell number and chondrogenesis in human mesenchymal stem cell aggregates is affected by the sulfation level of heparin used as a cell coating,Journal of biomedical materials research. Part A
AMBC_HM4TXDSMfkWdMIzqJ8V9FVqqQaw,unmodified,[],bulk_hydrogel,"[""bulk_hydrogel""]",in_vitro_cartilage,"[""in_vitro_cartilage""]","[""collagen""]","[""MSC""]",3D_encapsulation,,,0,1,1,0,1,0,2026-09-26T18:34:12Z,26602826,10.1016/j.actbio.2015.11.024,2016,A micro-architecturally biomimetic collagen template for mesenchymal condensation based cartilage regeneration,Acta biomaterialia
AMBC_IiGyJHGHaDnObbeSOFsLiNB5tCP,unmodified,[],bulk_hydrogel,"[""bulk_hydrogel""]",in_vitro_cartilage,"[""in_vitro_cartilage""]","[""collagen""]","[""articular_chondrocyte"", ""MSC""]",3D_encapsulation,human,,0,1,1,0,1,0,2026-09-26T18:34:12Z,27765063,10.1186/s13287-016-0419-8,2016,Responses to altered oxygen tension are distinct between human stem cells of high and low chondrogenic capacity,Stem cell research & therapy
AMBC_6jLl9CWtPn7Rvl2UMWA9M6WsPA3,unmodified,[],bulk_hydrogel,"[""bulk_hydrogel""]",in_vitro_cartilage,"[""in_vitro_cartilage""]",[],"[""MSC""]",3D_encapsulation,,,0,1,1,0,1,0,2026-09-26T18:34:12Z,26773464,10.1016/j.actbio.2016.01.007,2016,Influence of 3D printed porous architecture on mesenchymal stem cell enrichment and differentiation,Acta biomaterialia
AMBC_S1dbVA2Vq8o0GmhKHr3nMltRnO4,unmodified,[],monolayer,"[""monolayer""]",in_vitro_cartilage,"[""in_vitro_cartilage""]","[""alginate"", ""collagen""]","[""MSC""]",2D,,,0,1,1,0,1,0,2026-09-26T18:34:12Z,26966647,10.7717/peerj.1650,2016,Ultra-structural changes and expression of chondrogenic and hypertrophic genes during chondrogenic differentiation of mesenchymal stromal cells in alginate beads,PeerJ
AMBC_BWVEM36x6h4WWnZhl4dHG2KQlWW,enzymatic,"[""enzymatic""]",injectable,"[""injectable""]",in_vitro_cartilage,"[""in_vitro_cartilage""]","[""HA""]",[],3D_encapsulation,human,,0,1,1,0,1,0,2026-09-26T18:34:12Z,33465893,10.1021/acsbiomaterials.6b00378,2016,Factor XIII Cross-Linked Hyaluronan Hydrogels for Cartilage Tissue Engineering,ACS biomaterials science & engineering
AMBC_MWyVjBHQPj7Yyw4EXXoXcZEq97Q,unmodified,[],bulk_hydrogel,"[""bulk_hydrogel""]",in_vitro_cartilage,"[""in_vitro_cartilage""]","[""collagen"", ""agarose""]","[""MSC""]",3D_encapsulation,,,0,1,1,0,1,0,2026-09-26T18:34:12Z,26958321,10.1177/1947603515595263,2016,Effects of Dexamethasone Concentration and Timing of Exposure on Chondrogenesis of Equine Bone Marrow-Derived Mesenchymal Stem Cells,Cartilage
AMBC_5XTEqWhebtMLgDJ50L2LOfv2m34,unmodified,[],bulk_hydrogel,"[""bulk_hydrogel""]",in_vitro_cartilage,"[""in_vitro_cartilage""]","[""alginate"", ""collagen""]","[""articular_chondrocyte"", ""MSC""]",3D_encapsulation,human,,0,1,1,0,1,0,2026-09-26T18:34:12Z,26577256,10.1007/s10439-015-1510-5,2016,Effect of Dynamic Culture and Periodic Compression on Human Mesenchymal Stem Cell Proliferation and Chondrogenesis,Annals of biomedical engineering
AMBC_WAojhN2p5yhmUZXuw19KkHoVWHt,unmodified,[],bulk_hydrogel,"[""bulk_hydrogel""]",in_vitro_cartilage,"[""in_vitro_cartilage""]","[""alginate""]","[""MSC""]",3D_encapsulation,human,,0,1,1,0,1,0,2026-09-26T18:34:12Z,27583983,10.3791/54380,2016,Layered Alginate Constructs: A Platform for Co-culture of Heterogeneous Cell Populations,Journal of visualized experiments : JoVE
AMBC_SV5L60iG7VYIyO3iy4OSFUWifXs,sulfated,"[""sulfated""]",fiber,"[""fiber"", ""monolayer""]",in_vitro_cartilage,"[""in_vitro_cartilage""]","[""collagen""]","[""MSC""]",3D_encapsulation,human,,0,1,1,0,1,0,2026-09-26T18:34:12Z,27615276,10.1089/scd.2016.0158,2016,Sodium Tungstate for Promoting Mesenchymal Stem Cell Chondrogenesis,Stem cells and development
AMBC_Z9mFD3Qy99PmmYle8kpmvIny9H6,methacrylated,"[""methacrylated""]",bulk_hydrogel,"[""bulk_hydrogel""]",in_vitro_cartilage,"[""in_vitro_cartilage""]","[""HA"", ""collagen""]","[""MSC""]",3D_encapsulation,murine,TGF_b3,0,1,1,0,1,0,2026-09-26T18:34:12Z,27001140,10.1089/ten.TEA.2015.0546,2016,Chondroinduction from Naturally Derived Cartilage Matrix: A Comparison Between Devitalized and Decellularized Cartilage Encapsulated in Hydrogel Pastes,Tissue engineering. Part A
AMBC_R9RhE8imCFt4ZYdS5W39j7jUOCU,rgd_conjugated,"[""rgd_conjugated""]",bulk_hydrogel,"[""bulk_hydrogel""]",in_vitro_cartilage,"[""in_vitro_cartilage""]","[""HA"", ""collagen""]",[],3D_encapsulation,,,0,1,1,0,1,0,2026-09-26T18:34:12Z,26959641,10.1002/adhm.201501017,2016,The Synergistic Effects of Matrix Stiffness and Composition on the Response of Chondroprogenitor Cells in a 3D Precondensation Microenvironment,Advanced healthcare materials
AMBC_Mbw0QPwXohdqRXVVisnIrg1GDAl,unmodified,[],injectable,"[""injectable""]",in_vitro_cartilage,"[""in_vitro_cartilage""]","[""alginate"", ""collagen"", ""fibrin"", ""chitosan""]","[""MSC""]",3D_encapsulation,human,,0,1,1,0,1,0,2026-09-26T18:34:12Z,32264611,10.1039/c6tb00684a,2016,Nanostrontium ranelate incorporated injectable hydrogel enhanced matrix production supporting chondrogenesis in vitro,Journal of materials chemistry. B
AMBC_4KgZwYmnUTCO7SbhaahnblM35Gb,sulfated,"[""sulfated""]",bulk_hydrogel,"[""bulk_hydrogel""]",in_vitro_cartilage,"[""in_vitro_cartilage""]","[""alginate"", ""collagen""]",[],3D_encapsulation,human,,0,1,1,0,1,0,2026-09-26T18:34:12Z,27178935,10.1016/j.carbpol.2016.03.102,2016,Three dimensional alginate-fucoidan composite hydrogel augments the chondrogenic differentiation of mesenchymal stromal cells,Carbohydrate polymers
AMBC_QZbK4XVxAgkpizMtxlTMReMXdaP,unmodified,[],bulk_hydrogel,"[""bulk_hydrogel""]",in_vitro_cartilage,"[""in_vitro_cartilage""]","[""HA""]","[""MSC""]",3D_encapsulation,human,,0,1,1,0,1,0,2026-09-26T18:34:12Z,27106637,10.1007/s10439-016-1622-6,2016,Single Cell Imaging to Probe Mesenchymal Stem Cell N-Cadherin Mediated Signaling within Hydrogels,Annals of biomedical engineering
AMBC_9fScHgtLqAsv93Y7MEzEULy2J9c,unmodified,[],bulk_hydrogel,"[""bulk_hydrogel""]",in_vitro_cartilage,"[""in_vitro_cartilage""]","[""collagen""]",[],3D_encapsulation,,,0,1,1,0,1,0,2026-09-26T18:34:08Z,28053987,10.1155/2016/7089017,2016,Monitoring of Biological Changes in Electromechanical Reshaping of Cartilage Using Imaging Modalities,BioMed research international
AMBC_DtXEnTlV2cf8hwqgU0HBG0GnDOC,unmodified,[],bulk_hydrogel,"[""bulk_hydrogel""]",in_vitro_cartilage,"[""in_vitro_cartilage""]",[],[],3D_encapsulation,,,0,1,1,0,1,0,2026-09-26T18:34:08Z,27257960,10.1371/journal.pone.0155618,2016,A Tunable Silk Hydrogel Device for Studying Limb Regeneration in Adult Xenopus Laevis,PloS one
AMBC_zjTkXRv4egSvhYSFrwV14yjY1e,unmodified,[],3d_printed,"[""3d_printed""]",in_vitro_cartilage,"[""in_vitro_cartilage""]",[],[],3D_bioprint,,,0,1,1,0,1,0,2026-09-26T18:34:08Z,27026826,10.1186/s40824-016-0053-7,2016,Research trends in biomimetic medical materials for tissue engineering: commentary,Biomaterials research
AMBC_2S7J9byxB3NmehNgZYLi7U3tiBF,unmodified,[],injectable,"[""injectable""]",in_vitro_cartilage,"[""in_vitro_cartilage""]","[""chitosan""]",[],3D_encapsulation,,,0,1,1,0,1,0,2026-09-26T18:34:08Z,26843972,10.1016/j.jare.2015.02.002,2016,N-succinyl chitosan-dialdehyde starch hybrid hydrogels for biomedical applications,Journal of advanced research
AMBC_KGOM2aJBBNPfCOeGVYiEnCF2wm3,unmodified,[],bulk_hydrogel,"[""bulk_hydrogel""]",in_vitro_cartilage,"[""in_vitro_cartilage""]",[],[],3D_encapsulation,,,0,1,1,0,1,0,2026-09-26T18:34:08Z,27681725,10.3390/ijms17101631,2016,Fabrication and Mechanical Characterization of Hydrogel Infused Network Silk Scaffolds,International journal of molecular sciences
AMBC_QvyTgV6jQdIAuKo37nkP0Rxf6yp,methacrylated,"[""methacrylated""]",bulk_hydrogel,"[""bulk_hydrogel""]",in_vitro_cartilage,"[""in_vitro_cartilage""]","[""PEG""]","[""articular_chondrocyte""]",3D_encapsulation,bovine,,0,1,1,0,1,0,2026-09-26T18:34:08Z,27596740,10.1080/09205063.2016.1232527,2016,Poly(γ-glutamic acid) modulates the properties of poly(ethylene glycol) hydrogel for biomedical applications,Journal of biomaterials science. Polymer edition
AMBC_7LnxtFWTtIYJYoywgkhYtRNUoow,unmodified,[],bulk_hydrogel,"[""bulk_hydrogel""]",in_vitro_cartilage,"[""in_vitro_cartilage""]",[],[],3D_encapsulation,human,,0,1,1,0,1,0,2026-09-26T18:34:08Z,27232879,10.1002/lary.25884,2016,Development and characterization of decellularized human nasoseptal cartilage matrix for use in tissue engineering,The Laryngoscope
AMBC_Nxzp0JWeyq8om2IHltcAUeWLCgR,methacrylated,"[""methacrylated""]",bulk_hydrogel,"[""bulk_hydrogel""]",in_vitro_cartilage,"[""in_vitro_cartilage""]","[""GelMA"", ""gelatin""]",[],3D_encapsulation,,,0,1,1,0,1,0,2026-09-26T18:34:08Z,26867787,10.1016/j.tibtech.2016.01.002,2016,Gelatin-Methacryloyl Hydrogels: Towards Biofabrication-Based Tissue Repair,Trends in biotechnology
AMBC_K4GfmjKmV6oVQEoVtGVNMJhF4C1,unmodified,[],bulk_hydrogel,"[""bulk_hydrogel""]",in_vitro_cartilage,"[""in_vitro_cartilage""]","[""fibrin""]","[""MSC""]",3D_encapsulation,,,0,1,1,0,1,0,2026-09-26T18:34:08Z,30979276,10.3390/polym8050182,2016,Hydrogel is Superior to Fibrin Gel as Matrix of Stem Cells in Alleviating Antigen-Induced Arthritis,Polymers
AMBC_NIKSBNtslBQj0Mtxnmd5x6FVQcy,rgd_conjugated,"[""rgd_conjugated""]",bulk_hydrogel,"[""bulk_hydrogel""]",in_vitro_cartilage,"[""in_vitro_cartilage""]","[""alginate"", ""collagen""]","[""articular_chondrocyte"", ""ATDC5""]",3D_encapsulation,,,0,1,1,0,1,0,2026-09-26T18:34:08Z,27000189,10.1177/0885328216640397,2016,The enhancement of chondrogenesis of ATDC5 cells in RGD-immobilized microcavitary alginate hydrogels,Journal of biomaterials applications
AMBC_2kTWBKMypYqZlXbyvDK8siNkVo7,unmodified,[],bulk_hydrogel,"[""bulk_hydrogel""]",in_vitro_cartilage,"[""in_vitro_cartilage""]",[],[],3D_encapsulation,,,0,1,1,0,1,0,2026-09-26T18:34:08Z,27548744,10.1039/c6sm00583g,2016,Tuning tissue growth with scaffold degradation in enzyme-sensitive hydrogels: a mathematical model,Soft matter
AMBC_ZhXj0LFalMTiEsyppcdPH9yDxpz,unmodified,[],3d_printed,"[""3d_printed""]",in_vitro_cartilage,"[""in_vitro_cartilage""]","[""alginate""]","[""articular_chondrocyte""]",3D_bioprint,,,0,1,1,0,1,0,2026-09-26T18:34:08Z,26592915,10.1089/ten.TEC.2015.0307,2016,"Analyzing Biological Performance of 3D-Printed, Cell-Impregnated Hybrid Constructs for Cartilage Tissue Engineering","Tissue engineering. Part C, Methods"
AMBC_RRptJOG7JPFUjjzHCfhgWYlKw3Z,methacrylated,"[""methacrylated""]",bulk_hydrogel,"[""bulk_hydrogel""]",in_vitro_cartilage,"[""in_vitro_cartilage""]","[""GelMA"", ""gelatin""]","[""MSC""]",3D_encapsulation,porcine,,0,1,1,0,1,0,2026-09-26T18:34:08Z,27090590,10.1016/j.actbio.2016.04.019,2016,Approaching the compressive modulus of articular cartilage with a decellularized cartilage-based hydrogel,Acta biomaterialia
AMBC_5VS0N9uhjfFbXaN0hzg7nqQ7nO5,unmodified,[],bulk_hydrogel,"[""bulk_hydrogel""]",in_vitro_cartilage,"[""in_vitro_cartilage""]","[""chitosan""]","[""articular_chondrocyte""]",3D_encapsulation,rabbit,,0,1,1,0,1,0,2026-09-26T18:34:08Z,27636153,10.1016/j.biomaterials.2016.09.002,2016,Transplantation of allogenic chondrocytes with chitosan hydrogel-demineralized bone matrix hybrid scaffold to repair rabbit cartilage injury,Biomaterials
AMBC_RUmArM0LYFQVKEZ6DfzbZsQ0e8x,unmodified,[],bulk_hydrogel,"[""bulk_hydrogel""]",in_vitro_cartilage,"[""in_vitro_cartilage""]","[""collagen"", ""chitosan""]","[""MSC""]",3D_encapsulation,,,0,1,1,0,1,0,2026-09-26T18:34:08Z,27325374,10.1002/jbm.a.35810,2016,Poly(N-isopropylacrylamide) hydrogel/chitosan scaffold hybrid for three-dimensional stem cell culture and cartilage tissue engineering,Journal of biomedical materials research. Part A
AMBC_ByxUI2DFFBffgBZ3ca2Rfe6X4kG,unmodified,[],bulk_hydrogel,"[""bulk_hydrogel""]",in_vitro_cartilage,"[""in_vitro_cartilage""]","[""alginate""]",[],3D_encapsulation,,,0,1,1,0,1,0,2026-09-26T18:34:08Z,33465878,10.1021/acsbiomaterials.6b00258,2016,3D Printing of Porous Cell-Laden Hydrogel Constructs for Potential Applications in Cartilage Tissue Engineering,ACS biomaterials science & engineering
AMBC_5q5JTDSBwPNho9HtwqhOuNHkZL8,unmodified,[],bulk_hydrogel,"[""bulk_hydrogel""]",in_vitro_cartilage,"[""in_vitro_cartilage""]",[],[],3D_encapsulation,,,0,1,1,0,1,0,2026-09-26T18:34:03Z,26552058,10.1038/nmat4463,2016,Tough bonding of hydrogels to diverse non-porous surfaces,Nature materials
AMBC_Pr2Tm2GHFdeUhdyiLSEJ4Drth4s,unmodified,[],bulk_hydrogel,"[""bulk_hydrogel""]",in_vitro_cartilage,"[""in_vitro_cartilage""]","[""collagen""]","[""articular_chondrocyte"", ""MSC"", ""ATDC5""]",3D_encapsulation,,,0,1,1,0,1,0,2026-09-26T18:34:03Z,27439604,10.5483/bmbrep.2016.49.10.071,2016,Cordycepin inhibits chondrocyte hypertrophy of mesenchymal stem cells through PI3K/Bapx1 and Notch signaling pathway,BMB reports
AMBC_3boXOfdBrBZPFvb2Gb1h38R1Qqo,unmodified,[],bulk_hydrogel,"[""bulk_hydrogel""]",in_vitro_cartilage,"[""in_vitro_cartilage""]","[""collagen""]","[""articular_chondrocyte""]",3D_encapsulation,rabbit,,0,1,1,0,1,0,2026-09-26T18:34:03Z,27376802,10.1007/s11596-016-1590-y,2016,Inhibitory effects of SRT1720 on the apoptosis of rabbit chondrocytes by activating SIRT1 via p53/bax and NF-κB/PGC-1α pathways,Journal of Huazhong University of Science and Technology. Medical sciences = Hua zhong ke ji da xue xue bao. Yi xue Ying De wen ban = Huazhong keji daxue xuebao. Yixue Yingdewen ban
AMBC_JUjaAPbdztAar6Cozb2UYpzlewO,unmodified,[],bulk_hydrogel,"[""bulk_hydrogel""]",in_vitro_cartilage,"[""in_vitro_cartilage""]","[""collagen""]","[""articular_chondrocyte""]",3D_encapsulation,,,0,1,1,0,1,0,2026-09-26T18:34:03Z,30237933,10.2106/JBJS.ST.16.00018,2016,Autologous Chondrocyte Implantation,JBJS essential surgical techniques
AMBC_OwG1A9VZ6l5OSlwbD20eEMJiCnB,unmodified,[],bulk_hydrogel,"[""bulk_hydrogel""]",in_vitro_cartilage,"[""in_vitro_cartilage""]","[""collagen""]","[""articular_chondrocyte""]",3D_encapsulation,,,0,1,1,0,1,0,2026-09-26T18:34:03Z,26573126,10.3892/mmr.2015.4540,2016,Microfluidics‐based optimization of neuroleukin‐mediated regulation of articular chondrocyte proliferation,Molecular medicine reports
AMBC_EcINbdrcfauHvcKhZsrKY7sQfxa,unmodified,[],bulk_hydrogel,"[""bulk_hydrogel""]",in_vitro_cartilage,"[""in_vitro_cartilage""]",[],[],3D_encapsulation,,,0,1,1,0,1,0,2026-09-26T18:34:03Z,28773566,10.3390/ma9060443,2016,Hydrogels as a Replacement Material for Damaged Articular Hyaline Cartilage,"Materials (Basel, Switzerland)"
AMBC_4hkVdAF4SiWumrVXAGaTrZ4PKBU,unmodified,[],bulk_hydrogel,"[""bulk_hydrogel""]",in_vitro_cartilage,"[""in_vitro_cartilage""]","[""collagen""]","[""articular_chondrocyte""]",3D_encapsulation,,,0,1,1,0,1,0,2026-09-26T18:34:03Z,23868865,10.1002/term.1764,2016,Characterization of chondrocyte sheets prepared using a co-culture method with temperature-responsive culture inserts,Journal of tissue engineering and regenerative medicine
AMBC_3LvSJFdTj9rkW4tItM6GxPJeR7G,unmodified,[],bulk_hydrogel,"[""bulk_hydrogel""]",in_vitro_cartilage,"[""in_vitro_cartilage""]","[""collagen""]","[""articular_chondrocyte""]",3D_encapsulation,,,0,1,1,0,1,0,2026-09-26T18:34:03Z,27534990,10.1021/acsami.6b07097,2016,Softening Substrates Promote Chondrocytes Phenotype via RhoA/ROCK Pathway,ACS applied materials & interfaces
AMBC_Uesb8n1Sp4rgrVZuZOXwoXbegJl,unmodified,[],monolayer,"[""monolayer""]",in_vitro_cartilage,"[""in_vitro_cartilage""]",[],"[""articular_chondrocyte"", ""MSC""]",2D,human,,0,1,1,0,1,0,2026-09-26T18:34:03Z,26789536,10.1021/acs.biomac.5b01210,2016,Toughening of Thermoresponsive Arrested Networks of Elastin-Like Polypeptides To Engineer Cytocompatible Tissue Scaffolds,Biomacromolecules
AMBC_F34CtJ3rgmeRtWyHkF9f002VPHm,unmodified,[],bulk_hydrogel,"[""bulk_hydrogel""]",in_vitro_cartilage,"[""in_vitro_cartilage""]","[""collagen""]","[""articular_chondrocyte""]",3D_encapsulation,human,,0,1,1,0,1,0,2026-09-26T18:34:03Z,27340110,10.1038/srep28695,2016,Polyester type polyHIPE scaffolds with an interconnected porous structure for cartilage regeneration,Scientific reports
AMBC_2eBCdAz0CrD3llnlGA0zwZxXVx5,unmodified,[],bulk_hydrogel,"[""bulk_hydrogel""]",in_vitro_cartilage,"[""in_vitro_cartilage""]",[],"[""adipose_MSC""]",3D_encapsulation,human,,0,1,1,0,1,0,2026-09-26T18:34:03Z,30979122,10.3390/polym8020028,2016,Magnetically-Responsive Hydrogels for Modulation of Chondrogenic Commitment of Human Adipose-Derived Stem Cells,Polymers
AMBC_M77BxAvwF0N6l7NEhWRVTRmiy4T,unmodified,[],bulk_hydrogel,"[""bulk_hydrogel""]",in_vitro_cartilage,"[""in_vitro_cartilage""]",[],[],3D_encapsulation,,,0,1,1,0,1,0,2026-09-26T18:34:03Z,27305637,10.1002/adma.201601484,2016,Sliding Hydrogels with Mobile Molecular Ligands and Crosslinks as 3D Stem Cell Niche,"Advanced materials (Deerfield Beach, Fla.)"
AMBC_9TDL7ddLnWEQunbIYfRQ8A3HTe1,unmodified,[],bulk_hydrogel,"[""bulk_hydrogel""]",in_vitro_cartilage,"[""in_vitro_cartilage""]","[""HA"", ""alginate""]","[""articular_chondrocyte"", ""MSC""]",3D_encapsulation,human,,0,1,1,0,1,0,2026-09-26T18:34:03Z,27465875,10.1089/scd.2016.0022,2016,Mesenchymal Stem Cells Derived from Human Bone Marrow and Adipose Tissue Maintain Their Immunosuppressive Properties After Chondrogenic Differentiation: Role of HLA-G,Stem cells and development
AMBC_S4z6XrtAEL6QNfcQ17W4INpZtvD,unmodified,[],bulk_hydrogel,"[""bulk_hydrogel""]",in_vitro_cartilage,"[""in_vitro_cartilage""]","[""collagen""]","[""articular_chondrocyte"", ""MSC""]",3D_encapsulation,,,0,1,1,0,1,0,2026-09-26T18:34:03Z,26799859,10.1016/j.biomaterials.2016.01.020,2016,Evaluation of cell-laden polyelectrolyte hydrogels incorporating poly(L-Lysine) for applications in cartilage tissue engineering,Biomaterials
AMBC_MGfzVa7piJG1GasIyfvR3XUE0ox,unmodified,[],bulk_hydrogel,"[""bulk_hydrogel""]",in_vitro_cartilage,"[""in_vitro_cartilage""]","[""HA"", ""collagen""]","[""MSC""]",3D_encapsulation,human,,0,1,1,0,1,0,2026-09-26T18:34:03Z,27214650,10.1016/j.biomaterials.2016.05.011,2016,Temporally degradable collagen-mimetic hydrogels tuned to chondrogenesis of human mesenchymal stem cells,Biomaterials
AMBC_7F8dinICNl93RjaEeLIFdZUm2Ou,unmodified,[],bulk_hydrogel,"[""bulk_hydrogel""]",in_vitro_cartilage,"[""in_vitro_cartilage""]",[],"[""MSC""]",3D_encapsulation,,,0,1,1,0,1,0,2026-09-26T18:34:03Z,27054167,10.1016/j.dib.2016.02.077,2016,Data describing the swelling behavior and cytocompatibility of biodegradable polyelectrolyte hydrogels incorporating poly(L-lysine) for applications in cartilage tissue engineering,Data in brief
AMBC_AoULr5H8oTFQQdyNtR33OjX9Gd4,unmodified,[],bulk_hydrogel,"[""bulk_hydrogel""]",in_vitro_cartilage,"[""in_vitro_cartilage""]","[""silk_fibrin""]","[""articular_chondrocyte"", ""ATDC5""]",3D_encapsulation,murine,,0,1,1,0,1,0,2026-09-26T18:34:03Z,32263350,10.1039/c6tb01055e,2016,Engineering DN hydrogels from regenerated silk fibroin and poly(N-vinylcaprolactam),Journal of materials chemistry. B
AMBC_WswBcZPEz05bemMpHpENA8kdLnt,unmodified,[],bulk_hydrogel,"[""bulk_hydrogel""]",in_vitro_cartilage,"[""in_vitro_cartilage""]","[""HA"", ""PVA""]","[""articular_chondrocyte"", ""MSC""]",3D_encapsulation,human,,0,1,1,0,1,0,2026-09-26T18:34:03Z,26883774,10.1016/j.actbio.2016.02.016,2016,Wide-range stiffness gradient PVA/HA hydrogel to investigate stem cell differentiation behavior,Acta biomaterialia
AMBC_VaRPKO8ChaRd3EMizcQiC5CXXt6,unmodified,[],bulk_hydrogel,"[""bulk_hydrogel""]",in_vitro_cartilage,"[""in_vitro_cartilage""]","[""alginate"", ""collagen""]","[""articular_chondrocyte"", ""iPSC""]",3D_encapsulation,murine,,0,1,1,0,1,0,2026-09-26T18:34:03Z,26911880,10.1016/j.actbio.2016.02.026,2016,Murine pluripotent stem cells derived scaffold-free cartilage grafts from a micro-cavitary hydrogel platform,Acta biomaterialia
AMBC_FDmW35RKgrQ2lGuF8rYsJ9fziyP,rgd_conjugated,"[""rgd_conjugated"", ""sulfated""]",bulk_hydrogel,"[""bulk_hydrogel""]",in_vitro_cartilage,"[""in_vitro_cartilage""]","[""collagen""]","[""MSC""]",3D_encapsulation,human,TGF_b3,0,1,1,0,1,0,2026-09-26T18:34:03Z,27499854,10.1039/c6tb00006a,2016,Mechanical loading inhibits hypertrophy in chondrogenically differentiating hMSCs within a biomimetic hydrogel,Journal of materials chemistry. B
AMBC_6qJB6jSoClbrw2JkCBluRx48eZ,norbornene,"[""norbornene"", ""sulfated""]",bulk_hydrogel,"[""bulk_hydrogel""]",in_vitro_cartilage,"[""in_vitro_cartilage""]","[""PEG"", ""collagen""]","[""articular_chondrocyte""]",3D_encapsulation,bovine,,0,1,1,0,1,0,2026-09-26T18:34:03Z,27180026,10.1016/j.actbio.2016.05.015,2016,Nondestructive evaluation of a new hydrolytically degradable and photo-clickable PEG hydrogel for cartilage tissue engineering,Acta biomaterialia
AMBC_RwrKyGGku5D3bV8ZCzsKtMUtMYe,unmodified,[],monolayer,"[""monolayer""]",in_vitro_cartilage,"[""in_vitro_cartilage""]","[""HA"", ""collagen""]","[""articular_chondrocyte"", ""MSC""]",2D,,,0,1,1,0,1,0,2026-09-26T18:34:03Z,28536614,10.1186/s11658-016-0016-y,2016,In vitro chondrogenesis of Wharton's jelly mesenchymal stem cells in hyaluronic acid-based hydrogels,Cellular & molecular biology letters
AMBC_8kcBuiJ4yb5UlRexatdKD4jlayF,photo_I2959,"[""photo_I2959""]",bulk_hydrogel,"[""bulk_hydrogel""]",in_vitro_cartilage,"[""in_vitro_cartilage""]",[],"[""articular_chondrocyte""]",3D_encapsulation,human,,0,1,1,0,1,0,2026-09-26T18:34:03Z,27255078,10.1186/s12891-016-1100-1,2016,Articular cartilage generation applying PEG-LA-DM/PEGDM copolymer hydrogels,BMC musculoskeletal disorders
AMBC_Vcm2BMILfSJHWsZEnubJ9DrkVCf,sulfated,"[""sulfated""]",bulk_hydrogel,"[""bulk_hydrogel""]",in_vitro_cartilage,"[""in_vitro_cartilage""]","[""alginate""]","[""articular_chondrocyte""]",3D_encapsulation,,,0,1,1,0,1,0,2026-09-26T18:34:03Z,28919847,10.1002/adfm.201600092,2016,Sulfated hydrogel matrices direct mitogenicity and maintenance of chondrocyte phenotype through activation of FGF signaling,Advanced functional materials
AMBC_EjY3nMGhZyzCjl9nXQFK6lEVvud,methacrylated,"[""methacrylated"", ""sulfated""]",3d_printed,"[""3d_printed""]",in_vitro_cartilage,"[""in_vitro_cartilage""]","[""HA"", ""PEG""]","[""articular_chondrocyte""]",3D_bioprint,,,0,1,1,0,1,0,2026-09-26T18:34:03Z,27171342,10.1021/acs.biomac.6b00366,2016,A Synthetic Thermosensitive Hydrogel for Cartilage Bioprinting and Its Biofunctionalization with Polysaccharides,Biomacromolecules
AMBC_1LeuYZ9T2dmaYjkH5rbWTcoSABQ,unmodified,[],bulk_hydrogel,"[""bulk_hydrogel""]",in_vitro_cartilage,"[""in_vitro_cartilage""]","[""collagen""]","[""articular_chondrocyte"", ""MSC""]",3D_encapsulation,,,0,1,1,0,1,0,2026-09-26T18:34:03Z,27041648,10.1088/1748-6041/11/2/025013,2016,Cell type dependent morphological adaptation in polyelectrolyte hydrogels governs chondrogenic fate,"Biomedical materials (Bristol, England)"
AMBC_1oHAp1Tqhi7BucvbXGpClpxiJDW,click,"[""click""]",bulk_hydrogel,"[""bulk_hydrogel""]",in_vitro_cartilage,"[""in_vitro_cartilage""]","[""alginate"", ""collagen""]","[""articular_chondrocyte""]",3D_encapsulation,human,,0,1,1,0,1,0,2026-09-26T18:34:03Z,26753995,10.1002/mabi.201500377,2016,Mimicking of Chondrocyte Microenvironment Using In Situ Forming Dendritic Polyglycerol Sulfate-Based Synthetic Polyanionic Hydrogels,Macromolecular bioscience
AMBC_SsFXJaOD7Ph8upv8rsK2ZZAzPKt,unmodified,[],3d_printed,"[""3d_printed""]",in_vitro_cartilage,"[""in_vitro_cartilage""]","[""collagen""]","[""articular_chondrocyte""]",3D_bioprint,,,0,1,1,0,1,0,2026-09-26T18:34:03Z,27439428,10.1186/s12891-016-1130-8,2016,Engineering zonal cartilage through bioprinting collagen type II hydrogel constructs with biomimetic chondrocyte density gradient,BMC musculoskeletal disorders
AMBC_BKThM1xC5Z7uKmeJ46bM7egokxR,methacrylated,"[""methacrylated""]",bulk_hydrogel,"[""bulk_hydrogel""]",in_vitro_cartilage,"[""in_vitro_cartilage""]","[""GelMA"", ""gelatin""]","[""articular_chondrocyte""]",3D_encapsulation,bovine,,0,1,1,0,1,0,2026-09-26T18:34:03Z,30974547,10.3390/polym8080269,2016,3D Culture of Chondrocytes in Gelatin Hydrogels with Different Stiffness,Polymers
EPMC_27431861,methacrylated,"[""methacrylated""]",3d_printed,"[""3d_printed""]",bioprinting,"[""bioprinting""]","[""gelatin""]","[""articular_chondrocyte""]",3D_bioprint,,,0,1,1,0,1,0,2026-09-26T18:34:14Z,27431861,10.1088/1758-5090/8/3/035004,2016,Hydrogel-based reinforcement of 3D bioprinted constructs.,Biofabrication
AMBC_Bu9Pu338wxNH6Gbme2GyUfdcmJU,unmodified,[],3d_printed,"[""3d_printed""]",bioprinting,"[""bioprinting"", ""in_vitro_cartilage""]",[],[],3D_bioprint,,,0,1,1,0,1,0,2026-09-26T18:34:08Z,27346373,10.1038/srep28714,2016,"Three-dimensional bioprinting using self-assembling scalable scaffold-free ""tissue strands"" as a new bioink",Scientific reports
AMBC_UUMziQYGjK8fM1tUmJVs9tlr9MF,methacrylated,"[""methacrylated""]",3d_printed,"[""3d_printed""]",bioprinting,"[""bioprinting"", ""in_vitro_cartilage""]","[""GelMA"", ""alginate"", ""PEG"", ""collagen"", ""agarose""]","[""MSC""]",3D_bioprint,,TGF_b3,0,1,1,0,1,0,2026-09-26T18:34:08Z,27716628,10.1088/1758-5090/8/4/045002,2016,A comparison of different bioinks for 3D bioprinting of fibrocartilage and hyaline cartilage,Biofabrication
AMBC_U9cBwZSW3ZPxtzxv3Stha18rqVO,methacrylated,"[""methacrylated"", ""sulfated""]",3d_printed,"[""3d_printed""]",bioprinting,"[""bioprinting"", ""drug_delivery"", ""in_vitro_cartilage""]","[""GelMA"", ""HA"", ""alginate"", ""gelatin""]","[""MSC""]",3D_bioprint,human,,0,1,1,0,1,0,2026-09-26T18:34:08Z,27431574,10.1088/1758-5090/8/3/035002,2016,3D bioprinting of BM-MSCs-loaded ECM biomimetic hydrogels for in vitro neocartilage formation,Biofabrication
AMBC_UzaGhS7SBGyUQyk5ry1E7ZxzKL,unmodified,[],bulk_hydrogel,"[""bulk_hydrogel""]",auricular,"[""auricular"", ""in_vitro_cartilage""]","[""HA"", ""collagen"", ""fibrin""]","[""articular_chondrocyte"", ""adipose_MSC"", ""MSC""]",3D_encapsulation,,,0,1,1,0,1,0,2026-09-26T18:34:08Z,27089896,10.1089/ten.TEC.2016.0073,2016,Cartilage Tissue Engineering: Preventing Tissue Scaffold Contraction Using a 3D-Printed Polymeric Cage,"Tissue engineering. Part C, Methods"
AMBC_JMGqheu3d54TGlt0LOqqo4q5nJY,unmodified,[],bulk_hydrogel,"[""bulk_hydrogel""]",auricular,"[""auricular"", ""in_vitro_cartilage""]","[""collagen""]","[""articular_chondrocyte"", ""auricular_chondrocyte"", ""MSC""]",3D_encapsulation,bovine,,0,1,1,0,1,0,2026-09-26T18:34:03Z,27917821,10.1088/1758-5090/9/1/015004,2016,Optimizing cell sourcing for clinical translation of tissue engineered ears,Biofabrication
AMBC_Q0dX8HlRRiOfW4ZnjmjpYrnIAMi,tyramine,"[""tyramine"", ""sulfated""]",injectable,"[""injectable""]",auricular,"[""auricular"", ""in_vivo_repair"", ""in_vitro_cartilage""]",[],"[""articular_chondrocyte"", ""auricular_chondrocyte""]",3D_encapsulation,porcine,,0,1,1,0,1,0,2026-09-26T18:34:03Z,26817622,10.1038/srep20014,2016,An Injectable Enzymatically Crosslinked Carboxymethylated Pullulan/Chondroitin Sulfate Hydrogel for Cartilage Tissue Engineering,Scientific reports
AMBC_Y3usH0iCSX13s9wDUfihBOlTRIQ,unmodified,[],bulk_hydrogel,"[""bulk_hydrogel""]",osteochondral,"[""osteochondral"", ""in_vivo_repair"", ""in_vitro_cartilage""]","[""HA"", ""collagen""]","[""articular_chondrocyte"", ""MSC""]",3D_encapsulation,,TGF_b3,0,1,1,0,1,0,2026-09-26T18:34:12Z,25968127,10.1186/s13018-015-0209-5,2015,"A novel, cryopreserved, viable osteochondral allograft designed to augment marrow stimulation for articular cartilage repair",Journal of orthopaedic surgery and research
AMBC_7z0H5nbG1lpbjzF5EGcou4OBw0t,unmodified,[],monolayer,"[""monolayer""]",osteochondral,"[""osteochondral"", ""in_vivo_repair"", ""in_vitro_cartilage""]","[""collagen""]","[""MSC""]",2D,human,,0,1,1,0,1,0,2026-09-26T18:34:12Z,26252391,10.1371/journal.pone.0133937,2015,Peripheral Blood Mononuclear Cells Enhance Cartilage Repair in in vivo Osteochondral Defect Model,PloS one
AMBC_GVmGdToZr1fKtxwkMsjMjuwe6wK,unmodified,[],bulk_hydrogel,"[""bulk_hydrogel""]",osteochondral,"[""osteochondral""]","[""collagen""]","[""MSC""]",3D_encapsulation,human,,0,1,1,0,1,0,2026-09-26T18:34:12Z,25088966,10.1089/ten.TEA.2014.0138,2015,Development of novel three-dimensional printed scaffolds for osteochondral regeneration,Tissue engineering. Part A
AMBC_Ib7Iojmp5wDn6Nnj9QTVDWC11Hz,unmodified,[],bulk_hydrogel,"[""bulk_hydrogel""]",osteochondral,"[""osteochondral"", ""in_vitro_cartilage""]","[""collagen""]","[""MSC""]",3D_encapsulation,rabbit,TGF_b3,0,1,1,0,1,0,2026-09-26T18:34:12Z,25589372,10.1007/s10439-015-1246-2,2015,Evaluation of Cartilage Repair by Mesenchymal Stem Cells Seeded on a PEOT/PBT Scaffold in an Osteochondral Defect,Annals of biomedical engineering
AMBC_I5Byz83q3ZvNFxEXiXCAVh6norN,unmodified,[],microsphere,"[""microsphere""]",osteochondral,"[""osteochondral"", ""drug_delivery"", ""in_vitro_cartilage""]","[""collagen"", ""gelatin""]","[""MSC""]",3D_encapsulation,,,0,1,1,0,1,0,2026-09-26T18:34:08Z,26371790,10.1002/adhm.201500598,2015,Spatially organized differentiation of mesenchymal stem cells within biphasic microparticle-incorporated high cell density osteochondral tissues,Advanced healthcare materials
AMBC_WaTSs63qrxS0kp35z0CZxP8Chbu,unmodified,[],bilayer,"[""bilayer""]",osteochondral,"[""osteochondral""]",[],"[""MSC""]",3D_encapsulation,human,,0,1,1,0,1,0,2026-09-26T18:34:08Z,26234364,10.1039/c5nr03425f,2015,Integrating biologically inspired nanomaterials and table-top stereolithography for 3D printed biomimetic osteochondral scaffolds,Nanoscale
AMBC_90S2ibPB4qq0p7TgirNbF6oLH5t,unmodified,[],3d_printed,"[""3d_printed""]",osteochondral,"[""osteochondral"", ""in_vitro_cartilage""]",[],[],3D_bioprint,,,0,1,1,0,1,0,2026-09-26T18:34:08Z,26545741,10.1007/978-3-319-22345-2_1,2015,3D Printing and Biofabrication for Load Bearing Tissue Engineering,Advances in experimental medicine and biology
AMBC_1XuzLX1xd4Wk0r7mUDvcHwF6t0Z,unmodified,[],bulk_hydrogel,"[""bulk_hydrogel""]",osteochondral,"[""osteochondral"", ""in_vitro_cartilage""]","[""collagen""]","[""articular_chondrocyte"", ""MSC""]",3D_encapsulation,human,,0,1,1,0,1,0,2026-09-26T18:34:08Z,25828645,10.1016/j.ymeth.2015.03.016,2015,Engineering physiologically stiff and stratified human cartilage by fusing condensed mesenchymal stem cells,"Methods (San Diego, Calif.)"
AMBC_K4ITNiWQTGGM0ak1Ex2QU570cPx,unmodified,[],bulk_hydrogel,"[""bulk_hydrogel""]",osteochondral,"[""osteochondral"", ""in_vivo_repair"", ""in_vitro_cartilage""]",[],"[""MSC""]",3D_encapsulation,,,0,1,1,0,1,0,2026-09-26T18:34:08Z,26813511,10.1093/rb/rbv001,2015,Effect of porosities of bilayered porous scaffolds on spontaneous osteochondral repair in cartilage tissue engineering,Regenerative biomaterials
AMBC_1MqcknrWK3z3aJ9YP6qmvyf7KDT,unmodified,[],bulk_hydrogel,"[""bulk_hydrogel""]",osteochondral,"[""osteochondral"", ""in_vitro_cartilage""]","[""collagen""]","[""articular_chondrocyte"", ""MSC""]",3D_encapsulation,,,0,1,1,0,1,0,2026-09-26T18:34:08Z,25891750,10.1016/j.joca.2015.04.010,2015,Engineering of hyaline cartilage with a calcified zone using bone marrow stromal cells,Osteoarthritis and cartilage
AMBC_ZxUL4alcxg5bSpLoHShMDcfuXBc,unmodified,[],bulk_hydrogel,"[""bulk_hydrogel""]",osteochondral,"[""osteochondral"", ""in_vitro_cartilage""]","[""collagen""]","[""articular_chondrocyte""]",3D_encapsulation,human,,0,1,1,0,1,0,2026-09-26T18:34:08Z,25703771,10.1016/j.arth.2015.01.037,2015,Multipotent Adult Progenitor Cells from Bone Marrow Differentiate into Chondrocyte-Like Cells,The Journal of arthroplasty
AMBC_KNf4H8d1EfDOK6XJe09WDuexL9r,methacrylated,"[""methacrylated""]",bulk_hydrogel,"[""bulk_hydrogel""]",osteochondral,"[""osteochondral"", ""in_vivo_repair"", ""in_vitro_cartilage""]","[""GelMA"", ""collagen"", ""chitosan"", ""gelatin""]",[],3D_encapsulation,,,0,1,1,0,1,0,2026-09-26T18:34:08Z,25786398,10.1007/s10856-015-5489-0,2015,Photocrosslinked layered gelatin-chitosan hydrogel with graded compositions for osteochondral defect repair,Journal of materials science. Materials in medicine
AMBC_V6YmKC5KlZMz9N3xwrTu5Sh038S,rgd_conjugated,"[""rgd_conjugated"", ""sulfated""]",bulk_hydrogel,"[""bulk_hydrogel""]",osteochondral,"[""osteochondral"", ""in_vitro_cartilage""]","[""collagen""]","[""MSC""]",3D_encapsulation,human,,0,1,1,0,1,0,2026-09-26T18:34:08Z,25900444,10.1016/j.actbio.2015.04.015,2015,Mechanical loading regulates human MSC differentiation in a multi-layer hydrogel for osteochondral tissue engineering,Acta biomaterialia
AMBC_2m6FJYs1wLpmYHIxDqstur7NxFD,methacrylated,"[""methacrylated""]",bulk_hydrogel,"[""bulk_hydrogel""]",osteochondral,"[""osteochondral"", ""in_vivo_repair"", ""in_vitro_cartilage""]","[""GelMA"", ""gelatin""]","[""articular_chondrocyte"", ""MSC""]",3D_encapsulation,murine,,0,1,1,0,1,0,2026-09-26T18:34:08Z,25453948,10.1016/j.biomaterials.2014.10.020,2015,Endochondral bone formation in gelatin methacrylamide hydrogel with embedded cartilage-derived matrix particles,Biomaterials
AMBC_BxY9GYr8YSoRsi5cyQ9ZEVyz2Yw,unmodified,[],bulk_hydrogel,"[""bulk_hydrogel""]",osteochondral,"[""osteochondral"", ""in_vivo_repair"", ""in_vitro_cartilage""]",[],[],3D_encapsulation,rabbit,,0,1,1,0,1,0,2026-09-26T18:34:08Z,25044835,10.1002/jbm.a.35276,2015,Development of hybrid scaffolds using ceramic and hydrogel for articular cartilage tissue regeneration,Journal of biomedical materials research. Part A
AMBC_LdOxnxZQKAF4l7o1qFcGXS3L0bn,unmodified,[],bulk_hydrogel,"[""bulk_hydrogel""]",osteochondral,"[""osteochondral"", ""in_vitro_cartilage""]",[],"[""articular_chondrocyte""]",3D_encapsulation,rabbit,,0,1,1,0,1,0,2026-09-26T18:34:03Z,25450842,10.1016/j.joca.2014.10.012,2015,Utility of T2 mapping and dGEMRIC for evaluation of cartilage repair after allograft chondrocyte implantation in a rabbit model,Osteoarthritis and cartilage
AMBC_C674uvSB5LCdt6Tv4WUFEqIaVGI,unmodified,[],bulk_hydrogel,"[""bulk_hydrogel""]",osteochondral,"[""osteochondral"", ""in_vitro_cartilage""]","[""collagen""]","[""articular_chondrocyte""]",3D_encapsulation,human,,0,1,1,0,1,0,2026-09-26T18:34:03Z,25765089,10.1620/tjem.235.201,2015,Chondroprotective effects of taurine in primary cultures of human articular chondrocytes,The Tohoku journal of experimental medicine
AMBC_Xk7Lqi0HKc0pRvYEhMQbV0MsT8c,unmodified,[],bulk_hydrogel,"[""bulk_hydrogel""]",osteochondral,"[""osteochondral"", ""in_vitro_cartilage""]",[],"[""articular_chondrocyte""]",3D_encapsulation,,,0,1,1,0,1,0,2026-09-26T18:34:03Z,26320541,10.1016/j.actbio.2015.08.045,2015,Porous titanium bases for osteochondral tissue engineering,Acta biomaterialia
AMBC_1gqZ7a6ptXTBG5inHVZr3HHPwet,unmodified,[],bulk_hydrogel,"[""bulk_hydrogel""]",in_vitro_cartilage,"[""in_vitro_cartilage""]","[""collagen""]","[""articular_chondrocyte"", ""MSC""]",3D_encapsulation,human,,0,1,1,0,1,0,2026-09-26T18:34:12Z,26720610,10.1371/journal.pone.0146124,2015,Activin Receptor-Like Kinase Receptors ALK5 and ALK1 Are Both Required for TGFβ-Induced Chondrogenic Differentiation of Human Bone Marrow-Derived Mesenchymal Stem Cells,PloS one
AMBC_UIuI0V2Htu0i3pvQTA6f9fvI3Ul,unmodified,[],bulk_hydrogel,"[""bulk_hydrogel""]",in_vitro_cartilage,"[""in_vitro_cartilage""]","[""collagen"", ""fibrin""]","[""articular_chondrocyte"", ""MSC""]",3D_encapsulation,human,,0,1,1,0,1,0,2026-09-26T18:34:12Z,26292283,10.1371/journal.pone.0136229,2015,Human Articular Cartilage Progenitor Cells Are Responsive to Mechanical Stimulation and Adenoviral-Mediated Overexpression of Bone-Morphogenetic Protein 2,PloS one
AMBC_8FCkkip8HAygQj41f1ucyrtP331,unmodified,[],bulk_hydrogel,"[""bulk_hydrogel""]",in_vitro_cartilage,"[""in_vitro_cartilage""]","[""HA""]","[""MSC""]",3D_encapsulation,human,,0,1,1,0,1,0,2026-09-26T18:34:12Z,25799169,10.1371/journal.pone.0120593,2015,The effects of secretion factors from umbilical cord derived mesenchymal stem cells on osteogenic differentiation of mesenchymal stem cells,PloS one
AMBC_6YgDMZmA9hlfr7zazQkVtRq67S5,unmodified,[],bulk_hydrogel,"[""bulk_hydrogel""]",in_vitro_cartilage,"[""in_vitro_cartilage""]","[""collagen""]","[""articular_chondrocyte"", ""MSC""]",3D_encapsulation,,,0,1,1,0,1,0,2026-09-26T18:34:12Z,26194170,10.1002/ar.23198,2015,Isolation and Characterization of Multipotential Mesenchymal Stromal Cells from Congenital Pseudoarthrosis of the Tibia: Case Report,"Anatomical record (Hoboken, N.J. : 2007)"
AMBC_A8hM2M6rYyKvYITTSxcCv5hJsJm,unmodified,[],monolayer,"[""monolayer""]",in_vitro_cartilage,"[""in_vitro_cartilage""]",[],[],2D,,,0,1,1,0,1,0,2026-09-26T18:34:12Z,23625722,10.1002/term.1747,2015,Carnitine and acetylcarnitine modulate mesenchymal differentiation of adult stem cells,Journal of tissue engineering and regenerative medicine
AMBC_8IFdF8yYKh844BK8hkBvzk597KJ,sulfated,"[""sulfated""]",bulk_hydrogel,"[""bulk_hydrogel""]",in_vitro_cartilage,"[""in_vitro_cartilage""]","[""collagen""]",[],3D_encapsulation,human,,0,1,1,0,1,0,2026-09-26T18:34:12Z,25861949,10.1016/j.actbio.2015.04.001,2015,Delineation of in vitro chondrogenesis of human synovial stem cells following preconditioning using decellularized matrix,Acta biomaterialia
AMBC_8ng26TuD9hC9YZsOI2djDtJ3wM4,unmodified,[],bulk_hydrogel,"[""bulk_hydrogel""]",in_vitro_cartilage,"[""in_vitro_cartilage""]","[""collagen""]","[""MSC""]",3D_encapsulation,,TGF_b3,0,1,1,0,1,0,2026-09-26T18:34:12Z,26445833,10.1007/978-1-4939-2938-2_7,2015,Gene Transfer and Gene Silencing in Stem Cells to Promote Chondrogenesis,"Methods in molecular biology (Clifton, N.J.)"
AMBC_X7wo7NNwsNVftSDlMAT1W9DOnVo,unmodified,[],bulk_hydrogel,"[""bulk_hydrogel""]",in_vitro_cartilage,"[""in_vitro_cartilage""]","[""fibrin""]","[""MSC""]",3D_encapsulation,human,,0,1,1,0,1,0,2026-09-26T18:34:12Z,26554451,10.1186/s12967-015-0717-4,2015,Mechanical fibrinogen-depletion supports heparin-free mesenchymal stem cell propagation in human platelet lysate,Journal of translational medicine
AMBC_Hq773CybXrc5rojh0cwClnMZ8BV,unmodified,[],bulk_hydrogel,"[""bulk_hydrogel""]",in_vitro_cartilage,"[""in_vitro_cartilage""]",[],"[""articular_chondrocyte"", ""adipose_MSC"", ""MSC""]",3D_encapsulation,,,0,1,1,0,1,0,2026-09-26T18:34:12Z,26221899,,2015,Dynamic compression combined with exogenous SOX-9 promotes chondrogenesis of adipose-derived mesenchymal stem cells in PLGA scaffold,European review for medical and pharmacological sciences
AMBC_LiuwmLqP9U3K6uK4DyDnLJX2eWj,unmodified,[],fiber,"[""fiber"", ""microsphere""]",in_vitro_cartilage,"[""in_vitro_cartilage""]","[""collagen""]","[""MSC""]",3D_encapsulation,human,,0,1,1,0,1,0,2026-09-26T18:34:12Z,26222527,10.1371/journal.pone.0134729,2015,Cold Atmospheric Plasma Modified Electrospun Scaffolds with Embedded Microspheres for Improved Cartilage Regeneration,PloS one
AMBC_8CwNjcknaXOMXsZWdr4ECV9ktBM,unmodified,[],monolayer,"[""monolayer""]",in_vitro_cartilage,"[""in_vitro_cartilage""]",[],"[""articular_chondrocyte"", ""MSC""]",2D,,,0,1,1,0,1,0,2026-09-26T18:34:12Z,23554411,10.1002/term.1736,2015,Agonism of Wnt-β-catenin signalling promotes mesenchymal stem cell (MSC) expansion,Journal of tissue engineering and regenerative medicine
AMBC_AdSqqDDBq8qxFjCJ3xQRDoVKEP1,unmodified,[],bulk_hydrogel,"[""bulk_hydrogel""]",in_vitro_cartilage,"[""in_vitro_cartilage""]",[],"[""articular_chondrocyte"", ""MSC"", ""iPSC""]",3D_encapsulation,human,,0,1,1,0,1,0,2026-09-26T18:34:12Z,26282538,10.1186/s13287-015-0137-7,2015,Mesenchymal stem cells derived from human induced pluripotent stem cells retain adequate osteogenicity and chondrogenicity but less adipogenicity,Stem cell research & therapy
AMBC_GWo4aoQRBWczTIlb4KkH4f8ujO2,sulfated,"[""sulfated""]",bulk_hydrogel,"[""bulk_hydrogel""]",in_vitro_cartilage,"[""in_vitro_cartilage""]","[""collagen""]","[""MSC""]",3D_encapsulation,human,,0,1,1,0,1,0,2026-09-26T18:34:12Z,25217319,10.1007/s00167-014-3312-y,2015,Local anesthetic cytotoxicity on human mesenchymal stem cells during chondrogenic differentiation,"Knee surgery, sports traumatology, arthroscopy : official journal of the ESSKA"
AMBC_OwSMeKaMkOITOipZzy4nLc6Eo5r,unmodified,[],bulk_hydrogel,"[""bulk_hydrogel""]",in_vitro_cartilage,"[""in_vitro_cartilage""]",[],"[""articular_chondrocyte"", ""MSC""]",3D_encapsulation,human,,0,1,1,0,1,0,2026-09-26T18:34:12Z,25610590,10.1177/2041731414566529,2015,Growth factor and ultrasound-assisted bioreactor synergism for human mesenchymal stem cell chondrogenesis,Journal of tissue engineering
AMBC_RS5cierYx4JGUxb9iYr2Fnfaw30,unmodified,[],bulk_hydrogel,"[""bulk_hydrogel""]",in_vitro_cartilage,"[""in_vitro_cartilage""]","[""alginate"", ""collagen""]","[""MSC""]",3D_encapsulation,,,0,1,1,0,1,0,2026-09-26T18:34:12Z,26262616,10.3390/ijms160818507,2015,Differentiation Effects of Platelet-Rich Plasma Concentrations on Synovial Fluid Mesenchymal Stem Cells from Pigs Cultivated in Alginate Complex Hydrogel,International journal of molecular sciences
AMBC_IWRnhzbhtStElZDS512kmoO4YyY,unmodified,[],bulk_hydrogel,"[""bulk_hydrogel""]",in_vitro_cartilage,"[""in_vitro_cartilage""]","[""HA"", ""collagen""]",[],3D_encapsulation,,,0,1,1,0,1,0,2026-09-26T18:34:12Z,25900045,10.1186/s13287-015-0075-4,2015,Hypoxic culture of bone marrow-derived mesenchymal stromal stem cells differentially enhances in vitro chondrogenesis within cell-seeded collagen and hyaluronic acid porous scaffolds,Stem cell research & therapy
AMBC_1mKukk0kPVAuJHo8nk3W4lhX8Af,sulfated,"[""sulfated""]",fiber,"[""fiber""]",in_vitro_cartilage,"[""in_vitro_cartilage""]","[""collagen""]","[""MSC""]",3D_encapsulation,,,0,1,1,0,1,0,2026-09-26T18:34:12Z,25634427,10.1088/1748-6041/10/1/015018,2015,Fiber diameter and seeding density influence chondrogenic differentiation of mesenchymal stem cells seeded on electrospun poly(ε-caprolactone) scaffolds,"Biomedical materials (Bristol, England)"
AMBC_I5775FUEu8XztrKsi9y6OEO00nR,unmodified,[],bulk_hydrogel,"[""bulk_hydrogel""]",in_vitro_cartilage,"[""in_vitro_cartilage""]","[""collagen""]","[""MSC""]",3D_encapsulation,human,,0,1,1,0,1,0,2026-09-26T18:34:12Z,34026281,10.3390/mi6030330,2015,The Effect of Biomolecular Gradients on Mesenchymal Stem Cell Chondrogenesis under Shear Stress,Micromachines
AMBC_3Vd9MM5IZYLJS8GVRAaQt9EiRxP,unmodified,[],bulk_hydrogel,"[""bulk_hydrogel""]",in_vitro_cartilage,"[""in_vitro_cartilage""]","[""collagen""]","[""MSC""]",3D_encapsulation,human,,0,1,1,0,1,0,2026-09-26T18:34:12Z,25818427,10.1016/j.biomaterials.2015.02.037,2015,"Scaffold composition affects cytoskeleton organization, cell-matrix interaction and the cellular fate of human mesenchymal stem cells upon chondrogenic differentiation",Biomaterials
AMBC_GAgrzeyXZb5qXAJBzk5CeoHyPhL,unmodified,[],bulk_hydrogel,"[""bulk_hydrogel""]",in_vitro_cartilage,"[""in_vitro_cartilage""]","[""chitosan""]","[""articular_chondrocyte"", ""MSC""]",3D_encapsulation,human,,0,1,1,0,1,0,2026-09-26T18:34:12Z,25453975,10.1016/j.biomaterials.2014.10.010,2015,Cross-talk between TGF-beta/SMAD and integrin signaling pathways in regulating hypertrophy of mesenchymal stem cell chondrogenesis under deferral dynamic compression,Biomaterials
AMBC_KTp3tv2Ot5uULzscj28Y4m37etX,unmodified,[],bulk_hydrogel,"[""bulk_hydrogel""]",in_vitro_cartilage,"[""in_vitro_cartilage""]","[""collagen""]","[""MSC""]",3D_encapsulation,,,0,1,1,0,1,0,2026-09-26T18:34:12Z,25818426,10.1016/j.biomaterials.2015.02.033,2015,Influence of stepwise chondrogenesis-mimicking 3D extracellular matrix on chondrogenic differentiation of mesenchymal stem cells,Biomaterials
AMBC_JOOuTmKUeWQNEbTTgASGm0PUtk3,unmodified,[],bulk_hydrogel,"[""bulk_hydrogel""]",in_vitro_cartilage,"[""in_vitro_cartilage""]","[""alginate"", ""collagen""]","[""articular_chondrocyte"", ""MSC""]",3D_encapsulation,human,,0,1,1,0,1,0,2026-09-26T18:34:12Z,25693425,10.1089/ten.TEA.2014.0691,2015,The importance of connexin hemichannels during chondroprogenitor cell differentiation in hydrogel versus microtissue culture models,Tissue engineering. Part A
AMBC_80BeYoOzkU8bLmkZP3KcFz3xxV3,sulfated,"[""sulfated""]",monolayer,"[""monolayer""]",in_vitro_cartilage,"[""in_vitro_cartilage""]","[""alginate"", ""collagen""]","[""articular_chondrocyte"", ""MSC""]",2D,human,,0,1,1,0,1,0,2026-09-26T18:34:12Z,24832181,10.1007/s10561-014-9457-6,2015,Immortalised human mesenchymal stem cells undergo chondrogenic differentiation in alginate and PGA/PLLA scaffolds,Cell and tissue banking
AMBC_EFCwpcRIyh25RL7Upqsj1yHoKhR,sulfated,"[""sulfated""]",bulk_hydrogel,"[""bulk_hydrogel""]",in_vitro_cartilage,"[""in_vitro_cartilage""]","[""alginate"", ""collagen""]","[""articular_chondrocyte"", ""MSC""]",3D_encapsulation,human,,0,1,1,0,1,0,2026-09-26T18:34:12Z,25746258,10.1016/j.msec.2015.01.082,2015,Chondrogenesis of human bone marrow mesenchymal stromal cells in highly porous alginate-foams supplemented with chondroitin sulfate,"Materials science & engineering. C, Materials for biological applications"
AMBC_Qzzir4OoWfbFAj1DM1fZiSpV0vC,unmodified,[],bulk_hydrogel,"[""bulk_hydrogel""]",in_vitro_cartilage,"[""in_vitro_cartilage""]","[""alginate"", ""chitosan"", ""PVA""]","[""MSC""]",3D_encapsulation,,,0,1,1,0,1,0,2026-09-26T18:34:12Z,24146054,10.1007/s00167-013-2723-5,2015,PVA-chitosan composite hydrogel versus alginate beads as a potential mesenchymal stem cell carrier for the treatment of focal cartilage defects,"Knee surgery, sports traumatology, arthroscopy : official journal of the ESSKA"
AMBC_IHGlC0AygEIoM6VQj4yirbnrdQf,unmodified,[],bulk_hydrogel,"[""bulk_hydrogel""]",in_vitro_cartilage,"[""in_vitro_cartilage""]","[""PEG""]","[""MSC""]",3D_encapsulation,,,0,1,1,0,1,0,2026-09-26T18:34:12Z,25771753,10.1002/mabi.201400535,2015,Hybrid cross-linking characteristics of hydrogel control stem cell fate,Macromolecular bioscience
AMBC_E6yhaSdpobnVIHYBuUayOUirVaa,sulfated,"[""sulfated"", ""enzymatic""]",monolayer,"[""monolayer""]",in_vitro_cartilage,"[""in_vitro_cartilage""]","[""PEG"", ""collagen"", ""fibrin""]","[""MSC""]",2D,human,,0,1,1,0,1,0,2026-09-26T18:34:12Z,26411496,10.1038/srep12607,2015,Steric Interference of Adhesion Supports In-Vitro Chondrogenesis of Mesenchymal Stem Cells on Hydrogels for Cartilage Repair,Scientific reports
AMBC_IT9LyzQ9ZkbPMWH40BGFZWRusxF,unmodified,[],bulk_hydrogel,"[""bulk_hydrogel""]",in_vitro_cartilage,"[""in_vitro_cartilage""]","[""PEG""]","[""MSC""]",3D_encapsulation,,,0,1,1,0,1,0,2026-09-26T18:34:12Z,26046282,10.1016/j.msec.2015.05.043,2015,Hydrophilic polyurethane matrix promotes chondrogenesis of mesenchymal stem cells,"Materials science & engineering. C, Materials for biological applications"
AMBC_FQx4mxuoOl31oypoaZrgL1WJlwN,unmodified,[],bulk_hydrogel,"[""bulk_hydrogel""]",in_vitro_cartilage,"[""in_vitro_cartilage""]",[],[],3D_encapsulation,,,0,1,1,0,1,0,2026-09-26T18:34:08Z,26549401,10.1038/srep1622510.1038/srep16225,2015,A preclinical evaluation of an autologous living hyaline-like cartilaginous graft for articular cartilage repair: a pilot study,Scientific reports
AMBC_SfJJA7NMDYiOORVXZmfolwZUPy6,unmodified,[],monolayer,"[""monolayer""]",in_vitro_cartilage,"[""in_vitro_cartilage""]","[""collagen""]","[""articular_chondrocyte""]",2D,porcine,,0,1,1,0,1,0,2026-09-26T18:34:08Z,24380383,10.3727/096368913X676204,2015,Engineering a fibrocartilage spectrum through modulation of aggregate redifferentiation,Cell transplantation
AMBC_TBzueiyPuc11lUlKxyQCW2Gtrqf,unmodified,[],bulk_hydrogel,"[""bulk_hydrogel""]",in_vitro_cartilage,"[""in_vitro_cartilage""]",[],"[""adipose_MSC"", ""MSC""]",3D_encapsulation,rabbit,,0,1,1,0,1,0,2026-09-26T18:34:08Z,26123537,10.1002/jbm.a.35530,2015,Dynamic compression combined with SOX-9 overexpression in rabbit adipose-derived mesenchymal stem cells cultured in a three-dimensional gradual porous PLGA composite scaffold upregulates HIF-1α expression,Journal of biomedical materials research. Part A
AMBC_Go6Kpg1zihBpBsVuDMx60r4l0tK,unmodified,[],bulk_hydrogel,"[""bulk_hydrogel""]",in_vitro_cartilage,"[""in_vitro_cartilage""]","[""collagen""]",[],3D_encapsulation,,,0,1,1,0,1,0,2026-09-26T18:34:08Z,25754287,10.1111/jcmm.12485,2015,The vascularized periosteum flap as novel tissue engineering model for repair of cartilage defects,Journal of cellular and molecular medicine
AMBC_TKn3ys6mTRNnMewPMk7uciXPA8L,unmodified,[],bulk_hydrogel,"[""bulk_hydrogel""]",in_vitro_cartilage,"[""in_vitro_cartilage""]","[""collagen""]",[],3D_encapsulation,,,0,1,1,0,1,0,2026-09-26T18:34:08Z,25082740,10.1002/bit.25350,2015,Non-destructive label-free continuous monitoring of in vitro chondrogenesis via electrical conductivity and its anisotropy,Biotechnology and bioengineering
AMBC_4iO4xWbgSZkWOIkUlWPl9egeINN,unmodified,[],bulk_hydrogel,"[""bulk_hydrogel""]",in_vitro_cartilage,"[""in_vitro_cartilage""]",[],"[""articular_chondrocyte""]",3D_encapsulation,bovine,,0,1,1,0,1,0,2026-09-26T18:34:08Z,26398146,10.1016/j.colsurfb.2015.08.040,2015,Biocompatibility of polysebacic anhydride microparticles with chondrocytes in engineered cartilage,"Colloids and surfaces. B, Biointerfaces"
AMBC_4BKySoXm5E6rie7JZUvCIcN9gTP,unmodified,[],monolayer,"[""monolayer""]",in_vitro_cartilage,"[""in_vitro_cartilage""]","[""collagen""]","[""articular_chondrocyte""]",2D,human,,0,1,1,0,1,0,2026-09-26T18:34:08Z,23193064,10.1002/term.1650,2015,Processed xenogenic cartilage as innovative biomatrix for cartilage tissue engineering: effects on chondrocyte differentiation and function,Journal of tissue engineering and regenerative medicine
AMBC_V0E4X15wqLuWpsIHYzBe0wQJOl6,unmodified,[],bulk_hydrogel,"[""bulk_hydrogel""]",in_vitro_cartilage,"[""in_vitro_cartilage""]","[""alginate"", ""chitosan""]",[],3D_encapsulation,murine,,0,1,1,0,1,0,2026-09-26T18:34:08Z,24827141,10.1002/jbm.a.35232,2015,Delivery of alginate-chitosan hydrogel promotes endogenous repair and preserves cardiac function in rats with myocardial infarction,Journal of biomedical materials research. Part A
AMBC_DqFjl61MyOlNVMBdljTN4a9CagF,sulfated,"[""sulfated""]",microsphere,"[""microsphere""]",in_vitro_cartilage,"[""in_vitro_cartilage""]","[""gelatin""]","[""articular_chondrocyte"", ""adipose_MSC""]",3D_encapsulation,,,0,1,1,0,1,0,2026-09-26T18:34:08Z,25267436,10.1007/s12015-014-9561-9,2015,Cartilage Regeneration of Adipose-Derived Stem Cells in the TGF-β1-Immobilized PLGA-Gelatin Scaffold,Stem cell reviews and reports
AMBC_1TUmI9fzyHXq8e2lOwy7YflCTHN,unmodified,[],bulk_hydrogel,"[""bulk_hydrogel""]",in_vitro_cartilage,"[""in_vitro_cartilage""]",[],"[""articular_chondrocyte"", ""MSC"", ""iPSC""]",3D_encapsulation,,,0,1,1,0,1,0,2026-09-26T18:34:08Z,26445845,10.1007/978-1-4939-2938-2_19,2015,Proteomic Analysis of Engineered Cartilage,"Methods in molecular biology (Clifton, N.J.)"
AMBC_6pzQmVbqk4KM4YU5mRIQkz1yIaG,unmodified,[],bulk_hydrogel,"[""bulk_hydrogel""]",in_vitro_cartilage,"[""in_vitro_cartilage""]","[""alginate"", ""collagen"", ""chitosan""]",[],3D_encapsulation,human,TGF_b3,0,1,1,0,1,0,2026-09-26T18:34:08Z,26445839,10.1007/978-1-4939-2938-2_13,2015,Nanostructured Capsules for Cartilage Tissue Engineering,"Methods in molecular biology (Clifton, N.J.)"
AMBC_YkBRs4B276RzUSUVKkU2j8ignLs,methacrylated,"[""methacrylated""]",3d_printed,"[""3d_printed""]",in_vitro_cartilage,"[""in_vitro_cartilage""]","[""GelMA""]","[""MSC""]",3D_bioprint,human,,0,1,1,0,1,0,2026-09-26T18:34:08Z,26198849,10.1007/s10529-015-1921-2,2015,Improved properties of bone and cartilage tissue from 3D inkjet-bioprinted human mesenchymal stem cells by simultaneous deposition and photocrosslinking in PEG-GelMA,Biotechnology letters
AMBC_UgxGpPO94LFt0GKCClR34GgEfzw,sulfated,"[""sulfated""]",bulk_hydrogel,"[""bulk_hydrogel""]",in_vitro_cartilage,"[""in_vitro_cartilage""]","[""HA"", ""silk_fibrin"", ""gelatin""]","[""MSC""]",3D_encapsulation,human,,0,1,1,0,1,0,2026-09-26T18:34:08Z,25953544,10.1016/j.msec.2015.03.043,2015,Silk fibroin/gelatin-chondroitin sulfate-hyaluronic acid effectively enhances in vitro chondrogenesis of bone marrow mesenchymal stem cells,"Materials science & engineering. C, Materials for biological applications"
AMBC_Zd0QkIhtDo98aqyRiKBU1i0khJW,methacrylated,"[""methacrylated"", ""sulfated""]",bulk_hydrogel,"[""bulk_hydrogel""]",in_vitro_cartilage,"[""in_vitro_cartilage""]",[],"[""articular_chondrocyte""]",3D_encapsulation,rabbit,,0,1,1,0,1,0,2026-09-26T18:34:08Z,25961959,10.1038/srep09879,2015,Biodegradable CSMA/PECA/Graphene Porous Hybrid Scaffold for Cartilage Tissue Engineering,Scientific reports
AMBC_Oxl5K5KUTqUnMloxMkNsncSZUPG,genipin,"[""genipin""]",bulk_hydrogel,"[""bulk_hydrogel""]",in_vitro_cartilage,"[""in_vitro_cartilage""]","[""alginate"", ""collagen"", ""chitosan"", ""gelatin""]","[""MSC""]",3D_encapsulation,human,,0,1,1,0,1,0,2026-09-26T18:34:08Z,26690453,10.3390/md13127068,2015,Genipin-Crosslinked Chitosan Gels and Scaffolds for Tissue Engineering and Regeneration of Cartilage and Bone,Marine drugs
AMBC_CRmrjMZdKCTicqAOsBCVy9dsadJ,methacrylated,"[""methacrylated""]",3d_printed,"[""3d_printed""]",in_vitro_cartilage,"[""in_vitro_cartilage""]","[""GelMA"", ""gelatin""]",[],3D_bioprint,,,0,1,1,0,1,0,2026-09-26T18:34:08Z,26414409,10.1016/j.biomaterials.2015.08.045,2015,"Synthesis, properties, and biomedical applications of gelatin methacryloyl (GelMA) hydrogels",Biomaterials
AMBC_aWG7l2ffby1EDsyiM4Rf3dkqNpP,unmodified,[],bulk_hydrogel,"[""bulk_hydrogel""]",in_vitro_cartilage,"[""in_vitro_cartilage""]",[],[],3D_encapsulation,,,0,1,1,0,1,0,2026-09-26T18:34:08Z,26077987,10.1007/s10439-015-1356-x,2015,Ultrasound Elastography for Estimation of Regional Strain of Multilayered Hydrogels and Tissue-Engineered Cartilage,Annals of biomedical engineering
AMBC_ArKrXWM26BLvT8yvrUi3MG67lEQ,sulfated,"[""sulfated""]",bulk_hydrogel,"[""bulk_hydrogel""]",in_vitro_cartilage,"[""in_vitro_cartilage""]","[""HA"", ""collagen""]","[""MSC""]",3D_encapsulation,human,,0,1,1,0,1,0,2026-09-26T18:34:08Z,25907054,10.1016/j.biomaterials.2015.02.079,2015,Collagen-mimetic peptide-modifiable hydrogels for articular cartilage regeneration,Biomaterials
AMBC_6suGNCvAQbU7WWqHtAeJ5vQCvrm,unmodified,[],bulk_hydrogel,"[""bulk_hydrogel""]",in_vitro_cartilage,"[""in_vitro_cartilage""]",[],[],3D_encapsulation,human,,0,1,1,0,1,0,2026-09-26T18:34:08Z,26445827,10.1007/978-1-4939-2938-2_1,2015,Cartilage Tissue Engineering: What Have We Learned in Practice?,"Methods in molecular biology (Clifton, N.J.)"
AMBC_PeDbGWVREBECaFgZJDQzqsk7RRw,unmodified,[],injectable,"[""injectable""]",in_vitro_cartilage,"[""in_vitro_cartilage""]","[""collagen"", ""chitosan""]","[""adipose_MSC""]",3D_encapsulation,murine,,0,1,1,0,1,0,2026-09-26T18:34:08Z,26222593,10.1039/c4bm00431k,2015,Covalently conjugated transforming growth factor-β1 in modular chitosan hydrogels for the effective treatment of articular cartilage defects,Biomaterials science
AMBC_RkHKqpVuSgBqZBD0cwFVcShnEeJ,unmodified,[],3d_printed,"[""3d_printed""]",in_vitro_cartilage,"[""in_vitro_cartilage""]",[],[],3D_bioprint,,,0,1,1,0,1,0,2026-09-26T18:34:08Z,26445837,10.1007/978-1-4939-2938-2_11,2015,Bioprinted Scaffolds for Cartilage Tissue Engineering,"Methods in molecular biology (Clifton, N.J.)"
AMBC_LHVvooqgI9jREHG53e5S0aKUBWU,unmodified,[],bulk_hydrogel,"[""bulk_hydrogel""]",in_vitro_cartilage,"[""in_vitro_cartilage""]",[],[],3D_encapsulation,,,0,1,1,0,1,0,2026-09-26T18:34:08Z,26466997,10.1021/acsami.5b06896,2015,"Multifunctional Hydrogel with Good Structure Integrity, Self-Healing, and Tissue-Adhesive Property Formed by Combining Diels-Alder Click Reaction and Acylhydrazone Bond",ACS applied materials & interfaces
AMBC_VRE9V2VLaYw2wM5Tmh4HQZfrc2u,unmodified,[],bulk_hydrogel,"[""bulk_hydrogel""]",in_vitro_cartilage,"[""in_vitro_cartilage""]","[""HA"", ""PEG"", ""collagen""]","[""MSC""]",3D_encapsulation,,,0,1,1,0,1,0,2026-09-26T18:34:08Z,26360342,10.1021/acsami.5b06939,2015,"Magnetic Nanocomposite Hydrogel for Potential Cartilage Tissue Engineering: Synthesis, Characterization, and Cytocompatibility with Bone Marrow Derived Mesenchymal Stem Cells",ACS applied materials & interfaces
AMBC_aL82hurogMlotEi464UkIIBucs7,unmodified,[],injectable,"[""injectable""]",in_vitro_cartilage,"[""in_vitro_cartilage""]",[],"[""adipose_MSC""]",3D_encapsulation,human,,0,1,1,0,1,0,2026-09-26T18:34:08Z,23303734,10.1002/term.1683,2015,Chondrogenic potential of injectable κ-carrageenan hydrogel with encapsulated adipose stem cells for cartilage tissue-engineering applications,Journal of tissue engineering and regenerative medicine
AMBC_ISkexWiE9M0eDCKIHwMprCOqz81,unmodified,[],bulk_hydrogel,"[""bulk_hydrogel""]",in_vitro_cartilage,"[""in_vitro_cartilage""]","[""chitosan"", ""gelatin""]","[""articular_chondrocyte"", ""adipose_MSC""]",3D_encapsulation,,,0,1,1,0,1,0,2026-09-26T18:34:08Z,26117769,10.1016/j.msec.2015.05.062,2015,Three-dimensional dynamic fabrication of engineered cartilage based on chitosan/gelatin hybrid hydrogel scaffold in a spinner flask with a special designed steel frame,"Materials science & engineering. C, Materials for biological applications"
AMBC_YLzNul7UxcHNTsdJsV3C2ASqwsM,unmodified,[],bulk_hydrogel,"[""bulk_hydrogel""]",in_vitro_cartilage,"[""in_vitro_cartilage""]","[""collagen""]",[],3D_encapsulation,human,,0,1,1,0,1,0,2026-09-26T18:34:08Z,24737713,10.1002/jbm.a.35197,2015,The cell-engineered construct of cartilage on the basis of biopolymer hydrogel matrix and human adipose tissue-derived mesenchymal stromal cells (in vitro study),Journal of biomedical materials research. Part A
AMBC_QsqFadQell6EOJbs6zIA7SvVhxC,unmodified,[],bulk_hydrogel,"[""bulk_hydrogel""]",in_vitro_cartilage,"[""in_vitro_cartilage""]","[""PEG"", ""chitosan""]","[""articular_chondrocyte""]",3D_encapsulation,rabbit,,0,1,1,0,1,0,2026-09-26T18:34:08Z,26537209,10.1631/jzus.B1500036,2015,Repair of articular cartilage defects in rabbits through tissue-engineered cartilage constructed with chitosan hydrogel and chondrocytes,Journal of Zhejiang University. Science. B
AMBC_FlmbQFXkMYsoDIqapExDEZCZNa5,methacrylated,"[""methacrylated"", ""rgd_conjugated"", ""sulfated""]",bulk_hydrogel,"[""bulk_hydrogel""]",in_vitro_cartilage,"[""in_vitro_cartilage""]","[""HA"", ""PEG"", ""collagen""]","[""articular_chondrocyte""]",3D_encapsulation,,,0,1,1,0,1,0,2026-09-26T18:34:08Z,25266634,10.1089/ten.TEA.2014.0233,2015,Extracellular-matrix-based and Arg-Gly-Asp-modified photopolymerizing hydrogels for cartilage tissue engineering,Tissue engineering. Part A
AMBC_PsGYWgjHKLfTCCXRgcDlDZSpuyl,unmodified,[],bulk_hydrogel,"[""bulk_hydrogel""]",in_vitro_cartilage,"[""in_vitro_cartilage""]","[""collagen""]","[""articular_chondrocyte"", ""ATDC5""]",3D_encapsulation,murine,,0,1,1,0,1,0,2026-09-26T18:34:03Z,26374329,10.1186/s13018-015-0284-7,2015,Transmission of ER stress response by ATF6 promotes endochondral bone growth,Journal of orthopaedic surgery and research
AMBC_QKBK3meI07kQNTRwY847f406zWN,unmodified,[],bulk_hydrogel,"[""bulk_hydrogel""]",in_vitro_cartilage,"[""in_vitro_cartilage""]","[""collagen""]","[""articular_chondrocyte""]",3D_encapsulation,murine,,0,1,1,0,1,0,2026-09-26T18:34:03Z,26372225,10.1371/journal.pgen.1005505,2015,XBP1-Independent UPR Pathways Suppress C/EBP-β Mediated Chondrocyte Differentiation in ER-Stress Related Skeletal Disease,PLoS genetics
AMBC_VF5gRUEJzuFoNm8hX0dtXIfNcnF,unmodified,[],bulk_hydrogel,"[""bulk_hydrogel""]",in_vitro_cartilage,"[""in_vitro_cartilage""]","[""collagen""]","[""articular_chondrocyte""]",3D_encapsulation,murine,,0,1,1,0,1,0,2026-09-26T18:34:03Z,25558817,10.1016/j.bbadis.2014.12.020,2015,Fibroblast growth factor and canonical WNT/β-catenin signaling cooperate in suppression of chondrocyte differentiation in experimental models of FGFR signaling in cartilage,Biochimica et biophysica acta
AMBC_NmhEXN5iqeOQ90lvhPf6Hb8Dmf7,unmodified,[],bulk_hydrogel,"[""bulk_hydrogel""]",in_vitro_cartilage,"[""in_vitro_cartilage""]","[""collagen""]","[""articular_chondrocyte""]",3D_encapsulation,bovine,,0,1,1,0,1,0,2026-09-26T18:34:03Z,25708223,10.1002/jcb.25099,2015,Role of sox9 in growth factor regulation of articular chondrocytes,Journal of cellular biochemistry
AMBC_BZKevTNlzRxpM7vHenkIljVxwm2,unmodified,[],bulk_hydrogel,"[""bulk_hydrogel""]",in_vitro_cartilage,"[""in_vitro_cartilage""]","[""collagen""]","[""articular_chondrocyte""]",3D_encapsulation,human,,0,1,1,0,1,0,2026-09-26T18:34:03Z,25887369,10.1016/j.joca.2015.04.006,2015,Immortalization and characterization of mouse temporomandibular joint disc cell clones with capacity for multi-lineage differentiation,Osteoarthritis and cartilage
AMBC_5yL2v6zICkFhZ4NBIJnU76pyqCQ,unmodified,[],bulk_hydrogel,"[""bulk_hydrogel""]",in_vitro_cartilage,"[""in_vitro_cartilage""]","[""collagen""]","[""articular_chondrocyte""]",3D_encapsulation,,,0,1,1,0,1,0,2026-09-26T18:34:03Z,25773454,10.1007/s00441-015-2156-1,2015,Uncultured bone marrow mononuclear cells delay the dedifferentiation of unexpanded chondrocytes in pellet culture,Cell and tissue research
AMBC_JuhaHOg56WYnQJmaUCQoLiYrQCW,unmodified,[],monolayer,"[""monolayer""]",in_vitro_cartilage,"[""in_vitro_cartilage""]","[""collagen""]","[""articular_chondrocyte""]",2D,,,0,1,1,0,1,0,2026-09-26T18:34:03Z,26473622,10.1159/000430253,2015,Integrin β1 Gene Therapy Enhances in Vitro Creation of Tissue-Engineered Cartilage Under Periodic Mechanical Stress,"Cellular physiology and biochemistry : international journal of experimental cellular physiology, biochemistry, and pharmacology"
AMBC_CdYADu99NTAuEUsrwzSlIihftSz,unmodified,[],bulk_hydrogel,"[""bulk_hydrogel""]",in_vitro_cartilage,"[""in_vitro_cartilage""]","[""collagen""]","[""articular_chondrocyte""]",3D_encapsulation,murine,,0,1,1,0,1,0,2026-09-26T18:34:03Z,25410015,10.1111/asj.12309,2015,Disruption of endogenous perlecan function improves differentiation of rat articular chondrocytes in vitro,Animal science journal = Nihon chikusan Gakkaiho
AMBC_TfZRlX4EWMJ3luXdTTFfgwGnl62,unmodified,[],bulk_hydrogel,"[""bulk_hydrogel""]",in_vitro_cartilage,"[""in_vitro_cartilage""]","[""collagen""]","[""articular_chondrocyte""]",3D_encapsulation,murine,,0,1,1,0,1,0,2026-09-26T18:34:03Z,25809957,10.1002/dvg.22849,2015,Derivation of chondrocyte and osteoblast reporter mouse embryonic stem cell lines,"Genesis (New York, N.Y. : 2000)"
AMBC_3Siyx9g1yoS0nD8d9it4MSWvsIe,unmodified,[],monolayer,"[""monolayer""]",in_vitro_cartilage,"[""in_vitro_cartilage""]","[""collagen""]","[""articular_chondrocyte""]",2D,human,,0,1,1,0,1,0,2026-09-26T18:34:03Z,26010859,10.1371/journal.pone.0128082,2015,Culture temperature affects human chondrocyte messenger RNA expression in monolayer and pellet culture systems,PloS one
AMBC_UX1vTUY6IkNexW57qxFV9UepShT,unmodified,[],bulk_hydrogel,"[""bulk_hydrogel""]",in_vitro_cartilage,"[""in_vitro_cartilage""]","[""collagen""]","[""articular_chondrocyte""]",3D_encapsulation,,,0,1,1,0,1,0,2026-09-26T18:34:03Z,25882933,,2015,"Influence of BMP-7 on chondrocyte secretion and expression of Col-II,AGG and Sox9 mRNA in porous tantalum-chondrocyte composites in vitro",Beijing da xue xue bao. Yi xue ban = Journal of Peking University. Health sciences
AMBC_9EFf19mXNYuNUTH0RONW9t3Kt8F,unmodified,[],monolayer,"[""monolayer""]",in_vitro_cartilage,"[""in_vitro_cartilage""]","[""collagen""]","[""articular_chondrocyte""]",2D,,,0,1,1,0,1,0,2026-09-26T18:34:03Z,23165985,10.1002/term.1610,2015,Studies of the humoral factors produced by layered chondrocyte sheets,Journal of tissue engineering and regenerative medicine
AMBC_SDOCPcxrhNcJ1s4NChsl7gfc3cN,unmodified,[],bulk_hydrogel,"[""bulk_hydrogel""]",in_vitro_cartilage,"[""in_vitro_cartilage""]","[""collagen""]","[""articular_chondrocyte"", ""MSC""]",3D_encapsulation,human,,0,1,1,0,1,0,2026-09-26T18:34:03Z,26107298,10.1088/1748-6041/10/3/035014,2015,Effect of chondrocyte-derived early extracellular matrix on chondrogenesis of placenta-derived mesenchymal stem cells,"Biomedical materials (Bristol, England)"
AMBC_8JQMRL9UtzA8kCZEcsmo91vRQNE,unmodified,[],bulk_hydrogel,"[""bulk_hydrogel""]",in_vitro_cartilage,"[""in_vitro_cartilage""]","[""alginate""]",[],3D_encapsulation,,,0,1,1,0,1,0,2026-09-26T18:34:03Z,26033288,10.1002/adma.201501099,2015,"3D Printing of Highly Stretchable and Tough Hydrogels into Complex, Cellularized Structures","Advanced materials (Deerfield Beach, Fla.)"
AMBC_U9TAsR8oZRcnMQJutAwRv9u14Xp,unmodified,[],injectable,"[""injectable""]",in_vitro_cartilage,"[""in_vitro_cartilage""]",[],[],3D_encapsulation,,,0,1,1,0,1,0,2026-09-26T18:34:03Z,25946414,10.1002/adhm.201500093,2015,"Rapid Self-Integrating, Injectable Hydrogel for Tissue Complex Regeneration",Advanced healthcare materials
AMBC_JiG66AEZaOUfhl9OmhDWPbyzrpk,unmodified,[],porous_scaffold,"[""porous_scaffold""]",in_vitro_cartilage,"[""in_vitro_cartilage""]",[],"[""articular_chondrocyte""]",3D_encapsulation,human,,0,1,1,0,1,0,2026-09-26T18:34:03Z,25671317,10.1080/09205063.2015.1015864,2015,In vitro chondrocyte behavior on porous biodegradable poly(e-caprolactone)/polyglycolic acid scaffolds for articular chondrocyte adhesion and proliferation,Journal of biomaterials science. Polymer edition
AMBC_Ep1dxZ0R0wP7l1u3awUUDQuW9Pm,unmodified,[],monolayer,"[""monolayer""]",in_vitro_cartilage,"[""in_vitro_cartilage""]","[""HA"", ""alginate"", ""collagen""]","[""MSC""]",2D,,,0,1,1,0,1,0,2026-09-26T18:34:03Z,26718750,10.1186/s13287-015-0263-2,2015,Chondrogenic induction of mesenchymal stromal/stem cells from Wharton's jelly embedded in alginate hydrogel and without added growth factor: an alternative stem cell source for cartilage tissue engineering,Stem cell research & therapy
AMBC_aCnJqZYqNLV1AOlfOb3RKj819O8,unmodified,[],fiber,"[""fiber""]",in_vitro_cartilage,"[""in_vitro_cartilage""]","[""collagen"", ""agarose"", ""silk_fibrin""]","[""articular_chondrocyte""]",3D_encapsulation,,,0,1,1,0,1,0,2026-09-26T18:34:03Z,25281788,10.1016/j.actbio.2014.09.032,2015,Silk microfiber-reinforced silk hydrogel composites for functional cartilage tissue repair,Acta biomaterialia
AMBC_a3U06yGiR8GIARGgBR00LqTMAtq,unmodified,[],microsphere,"[""microsphere""]",in_vitro_cartilage,"[""in_vitro_cartilage""]","[""alginate"", ""gelatin""]","[""articular_chondrocyte""]",3D_encapsulation,,,0,1,1,0,1,0,2026-09-26T18:34:03Z,26445836,10.1007/978-1-4939-2938-2_10,2015,Use of Interim Scaffolding and Neotissue Development to Produce a Scaffold-Free Living Hyaline Cartilage Graft,"Methods in molecular biology (Clifton, N.J.)"
AMBC_1QyhfM2WmQVl3NKJemX8tbEOoax,norbornene,"[""norbornene"", ""thiolated""]",bulk_hydrogel,"[""bulk_hydrogel""]",in_vitro_cartilage,"[""in_vitro_cartilage""]","[""gelatin""]","[""articular_chondrocyte""]",3D_encapsulation,,,0,1,1,0,1,0,2026-09-26T18:34:03Z,26900597,10.1007/s40883-015-0002-3,2015,A Biosynthetic Scaffold that Facilitates Chondrocyte-Mediated Degradation and Promotes Articular Cartilage Extracellular Matrix Deposition,Regenerative engineering and translational medicine
AMBC_2dynuQEncwIdbnZ4AmNhdzMEHbS,unmodified,[],monolayer,"[""monolayer""]",in_vitro_cartilage,"[""in_vitro_cartilage""]","[""collagen""]","[""articular_chondrocyte""]",2D,,,0,1,1,0,1,0,2026-09-26T18:34:03Z,26086694,10.1016/j.actbio.2015.06.008,2015,A novel culture system for modulating single cell geometry in 3D,Acta biomaterialia
AMBC_aIZvrOh6MMH6JXm2PrWb951kHo4,unmodified,[],injectable,"[""injectable""]",in_vitro_cartilage,"[""in_vitro_cartilage""]","[""collagen"", ""chitosan""]","[""articular_chondrocyte"", ""MSC""]",3D_encapsulation,human,,0,1,1,0,1,0,2026-09-26T18:34:03Z,25745515,10.1186/1754-1611-9-1,2015,TGF-β1 conjugated chitosan collagen hydrogels induce chondrogenic differentiation of human synovium-derived stem cells,Journal of biological engineering
AMBC_ftwnIJI8CGwbznkcc40exclgpP,norbornene,"[""norbornene"", ""thiolated""]",bulk_hydrogel,"[""bulk_hydrogel""]",in_vitro_cartilage,"[""in_vitro_cartilage""]","[""PEG"", ""collagen""]","[""articular_chondrocyte""]",3D_encapsulation,bovine,,0,1,1,0,1,0,2026-09-26T18:34:03Z,25296398,10.1002/adhm.201400277,2015,An enzyme-sensitive PEG hydrogel based on aggrecan catabolism for cartilage tissue engineering,Advanced healthcare materials
AMBC_QibJxABijKP6UUVH0eECB5pIPGR,norbornene,"[""norbornene"", ""thiolated"", ""mmp_degradable""]",bulk_hydrogel,"[""bulk_hydrogel""]",in_vitro_cartilage,"[""in_vitro_cartilage""]","[""PEG"", ""collagen""]","[""articular_chondrocyte"", ""MSC""]",3D_encapsulation,,,0,1,1,0,1,0,2026-09-26T18:34:03Z,25607633,10.1002/adhm.201400695,2015,Development of a cellularly degradable PEG hydrogel to promote articular cartilage extracellular matrix deposition,Advanced healthcare materials
AMBC_S5XkabKFkk3GBdZ0kAZghwbsMgb,methacrylated,"[""methacrylated""]",bulk_hydrogel,"[""bulk_hydrogel""]",in_vitro_cartilage,"[""in_vitro_cartilage""]","[""GelMA"", ""gelatin"", ""gellan""]","[""articular_chondrocyte""]",3D_encapsulation,,,0,1,1,0,1,0,2026-09-26T18:34:03Z,26318806,10.1016/j.actbio.2015.08.038,2015,Protective effects of reactive functional groups on chondrocytes in photocrosslinkable hydrogel systems,Acta biomaterialia
AMBC_TJqXOsBh6Q4WFPP6Ch2MsCg5Ww2,sulfated,"[""sulfated""]",bulk_hydrogel,"[""bulk_hydrogel""]",in_vitro_cartilage,"[""in_vitro_cartilage""]","[""collagen""]","[""articular_chondrocyte""]",3D_encapsulation,bovine,,0,1,1,0,1,0,2026-09-26T18:34:03Z,25205522,10.1002/jbm.a.35329,2015,Physiological osmolarities do not enhance long-term tissue synthesis in chondrocyte-laden degradable poly(ethylene glycol) hydrogels,Journal of biomedical materials research. Part A
AMBC_BWMwgD8UvOyeIMESHkWAKsr4e3i,unmodified,[],bulk_hydrogel,"[""bulk_hydrogel""]",in_vitro_cartilage,"[""in_vitro_cartilage""]","[""alginate""]","[""articular_chondrocyte""]",3D_encapsulation,,,0,1,1,0,1,0,2026-09-26T18:34:03Z,25111363,10.1002/jbm.a.35309,2015,Redifferentiation of dedifferentiated chondrocytes in a novel three-dimensional microcavitary hydrogel,Journal of biomedical materials research. Part A
AMBC_GKqMv2lqT6TNfrsBmpm81Kpr221,unmodified,[],3d_printed,"[""3d_printed""]",bioprinting,"[""bioprinting""]","[""HA""]","[""articular_chondrocyte""]",3D_bioprint,,,0,1,1,0,1,0,2026-09-26T18:34:03Z,32263038,10.1039/c5tb01645b,2015,Biofabrication of reinforced 3D-scaffolds using two-component hydrogels,Journal of materials chemistry. B
AMBC_XBzwrplAQkouzfUSgYLVhXt6wTy,unmodified,[],bulk_hydrogel,"[""bulk_hydrogel""]",auricular,"[""auricular"", ""nucleus_pulposus"", ""in_vitro_cartilage""]","[""collagen""]","[""MSC""]",3D_encapsulation,,,0,1,1,0,1,0,2026-09-26T18:34:12Z,26477164,,2015,"ISOLATION, CULTURE AND IDENTIFICATION OF CARTILAGE DERIVED STEM CELLS FROM THREE SUBTYPES OF CARTILAGES",Zhongguo xiu fu chong jian wai ke za zhi = Zhongguo xiufu chongjian waike zazhi = Chinese journal of reparative and reconstructive surgery
AMBC_D8xhLDKlMX03TOwiEHXF7y4Ibp9,unmodified,[],bulk_hydrogel,"[""bulk_hydrogel""]",auricular,"[""auricular"", ""in_vivo_repair"", ""in_vitro_cartilage""]","[""HA"", ""collagen""]",[],3D_encapsulation,human,,0,1,1,0,1,0,2026-09-26T18:34:08Z,25281749,10.1177/0194599814552065,2015,"Computer aided-designed, 3-dimensionally printed porous tissue bioscaffolds for craniofacial soft tissue reconstruction",Otolaryngology--head and neck surgery : official journal of American Academy of Otolaryngology-Head and Neck Surgery
AMBC_IqbK0F5O3Q64xLtAoKSuE34kIK5,unmodified,[],bulk_hydrogel,"[""bulk_hydrogel""]",auricular,"[""auricular"", ""in_vitro_cartilage""]","[""collagen"", ""chitosan"", ""PVA""]","[""articular_chondrocyte""]",3D_encapsulation,rabbit,,0,1,1,0,1,0,2026-09-26T18:34:03Z,26119536,10.14670/HH-11-642,2015,Chondrocyte differentiation for auricular cartilage reconstruction using a chitosan based hydrogel,Histology and histopathology
AMBC_RBXLDHYNZt6BpaRhbTIyFkZKHqJ,unmodified,[],bulk_hydrogel,"[""bulk_hydrogel""]",osteochondral,"[""osteochondral"", ""in_vivo_repair"", ""in_vitro_cartilage""]",[],"[""MSC""]",3D_encapsulation,rabbit,,0,1,1,0,1,0,2026-09-26T18:34:12Z,25312099,10.1186/s13018-014-0098-z,2014,Simultaneous regeneration of full-thickness cartilage and subchondral bone defects in vivo using a three-dimensional scaffold-free autologous construct derived from high-density bone marrow-derived mesenchymal stem cells,Journal of orthopaedic surgery and research
AMBC_GRRtFATny1Nf9Da2tgiAYEDhDPf,unmodified,[],monolayer,"[""monolayer""]",osteochondral,"[""osteochondral"", ""in_vitro_cartilage""]","[""collagen"", ""chitosan""]",[],3D_encapsulation,human,TGF_b3,0,1,1,0,1,0,2026-09-26T18:34:12Z,24918443,10.1371/journal.pone.0099410,2014,Chondrogenesis of infrapatellar fat pad derived adipose stem cells in 3D printed chitosan scaffold,PloS one
AMBC_HiU2vMytcFtWmS4iSKGOu9caVrG,unmodified,[],fiber,"[""fiber""]",osteochondral,"[""osteochondral"", ""in_vivo_repair"", ""in_vitro_cartilage""]",[],"[""articular_chondrocyte"", ""MSC""]",3D_encapsulation,bovine,,0,1,1,0,1,0,2026-09-26T18:34:12Z,24927682,10.1016/j.biomaterials.2014.05.055,2014,Articular chondrocytes and mesenchymal stem cells seeded on biodegradable scaffolds for the repair of cartilage in a rat osteochondral defect model,Biomaterials
AMBC_WyHDCykaZLUHMikE0lHe96NeFkc,unmodified,[],bulk_hydrogel,"[""bulk_hydrogel""]",osteochondral,"[""osteochondral""]",[],"[""MSC""]",3D_encapsulation,,,0,1,1,0,1,0,2026-09-26T18:34:12Z,24566272,10.1016/j.nano.2014.02.003,2014,Activation of multiple signaling pathways during the differentiation of mesenchymal stem cells cultured in a silicon nanowire microenvironment,"Nanomedicine : nanotechnology, biology, and medicine"
AMBC_3NyEaIBEORyiJohTwree6Jl3b7B,unmodified,[],bulk_hydrogel,"[""bulk_hydrogel""]",osteochondral,"[""osteochondral"", ""in_vivo_repair"", ""in_vitro_cartilage""]","[""collagen""]","[""MSC""]",3D_encapsulation,murine,,0,1,1,0,1,0,2026-09-26T18:34:12Z,25262146,10.1186/1471-2474-15-320,2014,Effects of culture on PAMPS/PDMAAm double-network gel on chondrogenic differentiation of mouse C3H10T1/2 cells: in vitro experimental study,BMC musculoskeletal disorders
AMBC_KYqCOYids9uiN9gE0y21eHYgv7C,unmodified,[],bulk_hydrogel,"[""bulk_hydrogel""]",osteochondral,"[""osteochondral"", ""in_vivo_repair"", ""in_vitro_cartilage""]","[""HA"", ""alginate"", ""fibrin""]","[""MSC""]",3D_encapsulation,human,,0,1,1,0,1,0,2026-09-26T18:34:12Z,24488855,10.22203/ecm.v027a09,2014,Chondrogenic differentiation of human bone marrow-derived mesenchymal stem cells in a simulated osteochondral environment is hydrogel dependent,European cells & materials
AMBC_NkvHL14MThgQUjYtYqoaX0FUbLB,unmodified,[],bulk_hydrogel,"[""bulk_hydrogel""]",osteochondral,"[""osteochondral"", ""in_vitro_cartilage""]",[],"[""articular_chondrocyte""]",3D_encapsulation,,,0,1,1,0,1,0,2026-09-26T18:34:08Z,24220016,10.1177/0363546513508744,2014,Stem cell therapies for knee cartilage repair: the current status of preclinical and clinical studies,The American journal of sports medicine
AMBC_Cyr7eukiXmeltTCy94ZDOSkI9UT,unmodified,[],bulk_hydrogel,"[""bulk_hydrogel""]",osteochondral,"[""osteochondral"", ""in_vivo_repair"", ""in_vitro_cartilage""]",[],[],3D_encapsulation,,,0,1,1,0,1,0,2026-09-26T18:34:08Z,25061604,10.1155/2014/219203,2014,Repairing the osteochondral defect in goat with the tissue-engineered osteochondral graft preconstructed in a double-chamber stirring bioreactor,BioMed research international
AMBC_Srb7YYxhVrr29XX0O9CcmqmjQms,unmodified,[],bulk_hydrogel,"[""bulk_hydrogel""]",osteochondral,"[""osteochondral"", ""drug_delivery"", ""in_vitro_cartilage""]","[""HA""]",[],3D_encapsulation,murine,,0,1,1,0,1,0,2026-09-26T18:34:08Z,24854956,10.1016/j.actbio.2014.05.011,2014,Osteochondral tissue regeneration through polymeric delivery of DNA encoding for the SOX trio and RUNX2,Acta biomaterialia
AMBC_2tAl529q1Co96DJshPpMFURZUZc,unmodified,[],bulk_hydrogel,"[""bulk_hydrogel""]",osteochondral,"[""osteochondral"", ""in_vitro_cartilage""]","[""PEG""]",[],3D_encapsulation,rabbit,,0,1,1,0,1,0,2026-09-26T18:34:08Z,25177697,10.1155/2014/746138,2014,Cartilage repair and subchondral bone migration using 3D printing osteochondral composites: a one-year-period study in rabbit trochlea,BioMed research international
AMBC_JABR1aITuJrdufIDxNP4Ba8hQcc,unmodified,[],monolayer,"[""monolayer""]",osteochondral,"[""osteochondral"", ""in_vitro_cartilage""]",[],[],3D_encapsulation,human,,0,1,1,0,1,0,2026-09-26T18:34:08Z,25570852,10.1109/EMBC.2014.6944484,2014,True MRI assessment of stem cell chondrogenesis in a tissue engineered matrix,Annual International Conference of the IEEE Engineering in Medicine and Biology Society. IEEE Engineering in Medicine and Biology Society. Annual International Conference
AMBC_SedCNsNIaJ5FLYSo8AFMnvLIPCA,unmodified,[],bulk_hydrogel,"[""bulk_hydrogel""]",osteochondral,"[""osteochondral"", ""in_vivo_repair"", ""in_vitro_cartilage""]",[],"[""articular_chondrocyte"", ""MSC""]",3D_encapsulation,,,0,1,1,0,1,0,2026-09-26T18:34:08Z,24524788,10.2174/1574888x09666140213202700,2014,Biomaterial and mesenchymal stem cell for articular cartilage reconstruction,Current stem cell research & therapy
AMBC_ORa4YccSIWu0eFdcPOnlsHpRKZv,unmodified,[],bulk_hydrogel,"[""bulk_hydrogel""]",osteochondral,"[""osteochondral"", ""in_vivo_repair"", ""in_vitro_cartilage""]","[""PVA""]",[],3D_encapsulation,rabbit,,0,1,1,0,1,0,2026-09-26T18:34:08Z,25050611,10.1088/1748-6041/9/4/045012,2014,Osteochondral defect repair using a polyvinyl alcohol-polyacrylic acid (PVA-PAAc) hydrogel,"Biomedical materials (Bristol, England)"
AMBC_17mPYWMRh1A6Oiy05JOkvazf6i8,unmodified,[],bulk_hydrogel,"[""bulk_hydrogel""]",osteochondral,"[""osteochondral"", ""in_vitro_cartilage""]","[""collagen"", ""chitosan""]","[""articular_chondrocyte""]",3D_encapsulation,,,0,1,1,0,1,0,2026-09-26T18:34:08Z,25160583,10.1186/s12917-014-0197-4,2014,Evaluation of chitosan-GP hydrogel biocompatibility in osteochondral defects: an experimental approach,BMC veterinary research
AMBC_IWNncbKcmtOEb8Mt1TAle4i1uan,unmodified,[],bulk_hydrogel,"[""bulk_hydrogel""]",osteochondral,"[""osteochondral"", ""in_vitro_cartilage""]","[""HA"", ""alginate"", ""collagen""]",[],3D_encapsulation,,,0,1,1,0,1,0,2026-09-26T18:34:08Z,25358331,10.1088/1748-6041/9/6/065004,2014,Evaluation of novel in situ synthesized nano-hydroxyapatite/collagen/alginate hydrogels for osteochondral tissue engineering,"Biomedical materials (Bristol, England)"
AMBC_5Wkq7ZD7gwbFy8aLfbgI1xzrRk2,unmodified,[],bulk_hydrogel,"[""bulk_hydrogel""]",osteochondral,"[""osteochondral"", ""in_vitro_cartilage""]",[],"[""articular_chondrocyte""]",3D_encapsulation,,,0,1,1,0,1,0,2026-09-26T18:34:03Z,25210707,10.1155/2014/272481,2014,Evolution of autologous chondrocyte repair and comparison to other cartilage repair techniques,BioMed research international
AMBC_XfTsdeb9fZr9pUvdU3ZJ2OYMw8s,unmodified,[],bulk_hydrogel,"[""bulk_hydrogel""]",osteochondral,"[""osteochondral"", ""in_vitro_cartilage""]","[""gelatin""]",[],3D_encapsulation,rabbit,,0,1,1,0,1,0,2026-09-26T18:34:03Z,25047629,10.1016/j.biomaterials.2014.07.006,2014,"Dual growth factor delivery from bilayered, biodegradable hydrogel composites for spatially-guided osteochondral tissue repair",Biomaterials
AMBC_9Hg4paepNWJexQdPsqXkdVw0CXe,unmodified,[],bulk_hydrogel,"[""bulk_hydrogel""]",osteochondral,"[""osteochondral"", ""in_vitro_cartilage""]",[],"[""MSC""]",3D_encapsulation,rabbit,,0,1,1,0,1,0,2026-09-26T18:34:03Z,25008204,10.1016/j.joca.2014.06.035,2014,Osteochondral defect repair using bilayered hydrogels encapsulating both chondrogenically and osteogenically pre-differentiated mesenchymal stem cells in a rabbit model,Osteoarthritis and cartilage
AMBC_R99JmdYwcOyIDNtsFbbMUTaH3Vl,unmodified,[],injectable,"[""injectable"", ""monolayer""]",osteochondral,"[""osteochondral"", ""in_vitro_cartilage""]","[""collagen""]","[""MSC""]",2D,,TGF_b3,0,1,1,0,1,0,2026-09-26T18:34:03Z,24300948,10.1016/j.actbio.2013.11.020,2014,Generation of osteochondral tissue constructs with chondrogenically and osteogenically predifferentiated mesenchymal stem cells encapsulated in bilayered hydrogels,Acta biomaterialia
AMBC_KXuOQnpmoLNfZMC2u7IiITlZIql,unmodified,[],3d_printed,"[""3d_printed""]",osteochondral,"[""osteochondral"", ""in_vitro_cartilage""]","[""HA"", ""collagen""]","[""articular_chondrocyte""]",3D_bioprint,,,0,1,1,0,1,0,2026-09-26T18:34:03Z,24758832,10.1088/1758-5082/6/3/035004,2014,A comparative study on collagen type I and hyaluronic acid dependent cell behavior for osteochondral tissue bioprinting,Biofabrication
AMBC_WlmsLNTd56ADJ7j9ueaw0fahcSA,sulfated,"[""sulfated""]",injectable,"[""injectable""]",osteochondral,"[""osteochondral"", ""in_vivo_repair"", ""in_vitro_cartilage""]","[""collagen"", ""gelatin""]","[""articular_chondrocyte""]",3D_encapsulation,rabbit,,0,1,1,0,1,0,2026-09-26T18:34:03Z,24333028,10.1016/j.biomaterials.2013.11.070,2014,Modulation of chondrocyte functions and stiffness-dependent cartilage repair using an injectable enzymatically crosslinked hydrogel with tunable mechanical properties,Biomaterials
AMBC_4MFyjfJ0F6paEw8qByfxwMOwWoU,sulfated,"[""sulfated""]",monolayer,"[""monolayer""]",in_vitro_cartilage,"[""in_vitro_cartilage""]","[""collagen""]","[""articular_chondrocyte"", ""MSC""]",2D,human,,0,1,1,0,1,0,2026-09-26T18:34:12Z,24652327,10.1590/1414-431X20133539,2014,Delivery of the Sox9 gene promotes chondrogenic differentiation of human umbilical cord blood-derived mesenchymal stem cells in an in vitro model,Brazilian journal of medical and biological research = Revista brasileira de pesquisas medicas e biologica
AMBC_5siJya7ENi9rPKjTM4ucDiaMHwT,unmodified,[],monolayer,"[""monolayer""]",in_vitro_cartilage,"[""in_vitro_cartilage""]",[],"[""articular_chondrocyte"", ""MSC""]",2D,human,,0,1,1,0,1,0,2026-09-26T18:34:12Z,24027176,10.1002/jbm.a.34941,2014,Differentiation of human bone marrow mesenchymal stem cells on decellularized extracellular matrix materials,Journal of biomedical materials research. Part A
AMBC_KbD4sxnYqkxvagPUlfrgHqYEkTo,sulfated,"[""sulfated""]",monolayer,"[""monolayer""]",in_vitro_cartilage,"[""in_vitro_cartilage""]","[""collagen""]","[""MSC""]",2D,,,0,1,1,0,1,0,2026-09-26T18:34:12Z,24867063,10.1371/journal.pone.0098570,2014,Cartilage tissue engineering using dermis isolated adult stem cells: the use of hypoxia during expansion versus chondrogenic differentiation,PloS one
AMBC_70bMEk8ubK7MITZiyaJGOffkXiW,unmodified,[],bulk_hydrogel,"[""bulk_hydrogel""]",in_vitro_cartilage,"[""in_vitro_cartilage""]","[""collagen""]","[""MSC""]",3D_encapsulation,rabbit,,0,1,1,0,1,0,2026-09-26T18:34:12Z,25216336,10.3390/ijms150916025,2014,Mangiferin reduces the inhibition of chondrogenic differentiation by IL-1β in mesenchymal stem cells from subchondral bone and targets multiple aspects of the Smad and SOX9 pathways,International journal of molecular sciences
AMBC_GAySKOzVnwrJ5kd9kc4q8T2xSJs,unmodified,[],bulk_hydrogel,"[""bulk_hydrogel""]",in_vitro_cartilage,"[""in_vitro_cartilage""]","[""collagen""]","[""MSC""]",3D_encapsulation,human,,0,1,1,0,1,0,2026-09-26T18:34:12Z,24878844,10.1371/journal.pone.0098451,2014,Dose-response of superparamagnetic iron oxide labeling on mesenchymal stem cells chondrogenic differentiation: a multi-scale in vitro study,PloS one
AMBC_BuGKFHP7VIKLlipD3mcyLYh0lQ3,unmodified,[],bulk_hydrogel,"[""bulk_hydrogel""]",in_vitro_cartilage,"[""in_vitro_cartilage""]","[""collagen""]","[""articular_chondrocyte"", ""MSC""]",3D_encapsulation,human,,0,1,1,0,1,0,2026-09-26T18:34:12Z,24290176,10.1016/j.jbiomech.2013.11.006,2014,Flow-perfusion interferes with chondrogenic and hypertrophic matrix production by mesenchymal stem cells,Journal of biomechanics
AMBC_ZAyv1vcWjiiXqtBUKMkzUewtmuB,unmodified,[],bulk_hydrogel,"[""bulk_hydrogel""]",in_vitro_cartilage,"[""in_vitro_cartilage""]","[""collagen""]","[""MSC""]",3D_encapsulation,human,,0,1,1,0,1,0,2026-09-26T18:34:12Z,24836507,10.1089/scd.2014.0101,2014,Intermittent PTHrP(1-34) exposure augments chondrogenesis and reduces hypertrophy of mesenchymal stromal cells,Stem cells and development
AMBC_YGJjBaeNYJFaq2j1kDSVT09iyB8,unmodified,[],bulk_hydrogel,"[""bulk_hydrogel""]",in_vitro_cartilage,"[""in_vitro_cartilage""]","[""collagen""]","[""articular_chondrocyte"", ""MSC""]",3D_encapsulation,,,0,1,1,0,1,0,2026-09-26T18:34:12Z,24474615,10.1007/s11010-014-1963-0,2014,Overexpression of Wnt11 promotes chondrogenic differentiation of bone marrow-derived mesenchymal stem cells in synergism with TGF-β,Molecular and cellular biochemistry
AMBC_9ZOz0GD8nhP2pmMqo3pacVQ24M1,unmodified,[],bulk_hydrogel,"[""bulk_hydrogel""]",in_vitro_cartilage,"[""in_vitro_cartilage""]","[""alginate"", ""collagen""]",[],3D_encapsulation,,TGF_b3,0,1,1,0,1,0,2026-09-26T18:34:12Z,24843389,10.2174/1874325001408010078,2014,Effect of platelet-rich plasma on chondrogenic differentiation in three-dimensional culture,The open orthopaedics journal
AMBC_5FNFDOvHBN5d4klvNrlsxhM2KU2,unmodified,[],bulk_hydrogel,"[""bulk_hydrogel""]",in_vitro_cartilage,"[""in_vitro_cartilage""]","[""collagen""]","[""articular_chondrocyte"", ""MSC""]",3D_encapsulation,,,0,1,1,0,1,0,2026-09-26T18:34:12Z,25079095,10.1186/s13018-014-0068-5,2014,Effect of parathyroid hormone on early chondrogenic differentiation from mesenchymal stem cells,Journal of orthopaedic surgery and research
AMBC_V3eVLPsgOqN21Ur4KrLRAvv6rZn,unmodified,[],bulk_hydrogel,"[""bulk_hydrogel""]",in_vitro_cartilage,"[""in_vitro_cartilage""]","[""alginate""]","[""articular_chondrocyte"", ""MSC""]",3D_encapsulation,human,,0,1,1,0,1,0,2026-09-26T18:34:12Z,24816923,10.1371/journal.pone.0096615,2014,Analysis of the effects of five factors relevant to in vitro chondrogenesis of human mesenchymal stem cells using factorial design and high throughput mRNA-profiling,PloS one
AMBC_5YI1DyOJMoS88awsikpcqP6hfvU,unmodified,[],injectable,"[""injectable"", ""monolayer""]",in_vitro_cartilage,"[""in_vitro_cartilage""]",[],"[""MSC""]",2D,human,,0,1,1,0,1,0,2026-09-26T18:34:12Z,24967860,10.1590/S0120-41572014000100010,2014,Proliferation and osteogenic differentiation of mesenchymal stem cells in hydrogels of human blood plasma,Biomedica : revista del Instituto Nacional de Salud
AMBC_2dDsiQgVjLEVakNh0iwPD6SL2Rf,unmodified,[],bulk_hydrogel,"[""bulk_hydrogel""]",in_vitro_cartilage,"[""in_vitro_cartilage""]","[""collagen""]","[""MSC""]",3D_encapsulation,human,,0,1,1,0,1,0,2026-09-26T18:34:12Z,24574180,10.1002/adhm.201300646,2014,"Structural and biochemical modification of a collagen scaffold to selectively enhance MSC tenogenic, chondrogenic, and osteogenic differentiation",Advanced healthcare materials
AMBC_VW0IcVOETDFwdYGUIDlKzlXOVYd,unmodified,[],bulk_hydrogel,"[""bulk_hydrogel""]",in_vitro_cartilage,"[""in_vitro_cartilage""]","[""collagen""]","[""MSC""]",3D_encapsulation,,,0,1,1,0,1,0,2026-09-26T18:34:12Z,24418676,10.1016/j.joca.2013.12.021,2014,Membrane culture and reduced oxygen tension enhances cartilage matrix formation from equine cord blood mesenchymal stromal cells in vitro,Osteoarthritis and cartilage
AMBC_HPy3E7u6vfWcim9LMyswIC3xKeN,unmodified,[],bulk_hydrogel,"[""bulk_hydrogel""]",in_vitro_cartilage,"[""in_vitro_cartilage""]","[""alginate"", ""collagen""]","[""articular_chondrocyte"", ""MSC""]",3D_encapsulation,bovine,,0,1,1,0,1,0,2026-09-26T18:34:12Z,24279336,10.1089/ten.TEC.2013.0224,2014,Engineering superficial zone chondrocytes from mesenchymal stem cells,"Tissue engineering. Part C, Methods"
AMBC_2bfxAh71uaFpVZY8pGNzSzdf1ZD,unmodified,[],bulk_hydrogel,"[""bulk_hydrogel""]",in_vitro_cartilage,"[""in_vitro_cartilage""]","[""fibrin""]","[""MSC""]",3D_encapsulation,human,,0,1,1,0,1,0,2026-09-26T18:34:12Z,24199606,10.1089/ten.TEA.2013.0145,2014,Deciphering mechanical regulation of chondrogenesis in fibrin-polyurethane composite scaffolds enriched with human mesenchymal stem cells: a dual computational and experimental approach,Tissue engineering. Part A
AMBC_EoQ5B2L4mWsi40IRRcREkUgaNAi,unmodified,[],fiber,"[""fiber""]",in_vitro_cartilage,"[""in_vitro_cartilage""]",[],"[""articular_chondrocyte"", ""MSC""]",3D_encapsulation,,TGF_b3,0,1,1,0,1,0,2026-09-26T18:34:12Z,24125773,10.1016/j.biomaterials.2013.09.086,2014,TGF-β3-induced chondrogenesis in co-cultures of chondrocytes and mesenchymal stem cells on biodegradable scaffolds,Biomaterials
AMBC_WMDLLufo2P4Y6cYokHwProAlgTf,methacrylated,"[""methacrylated"", ""sulfated""]",bulk_hydrogel,"[""bulk_hydrogel""]",in_vitro_cartilage,"[""in_vitro_cartilage""]","[""collagen""]","[""MSC""]",3D_encapsulation,human,,0,1,1,0,1,0,2026-09-26T18:34:12Z,25413333,10.1159/000365966,2014,Chondroitin sulfate microparticles modulate transforming growth factor-β1-induced chondrogenesis of human mesenchymal stem cell spheroids,"Cells, tissues, organs"
AMBC_3MulJUZIQBM8ponL8QO5gNLanbm,unmodified,[],bulk_hydrogel,"[""bulk_hydrogel""]",in_vitro_cartilage,"[""in_vitro_cartilage""]","[""collagen""]","[""articular_chondrocyte"", ""MSC""]",3D_encapsulation,human,,0,1,1,0,1,0,2026-09-26T18:34:12Z,25207597,10.3390/ijms150915821,2014,The influence of IL-10 and TNFα on chondrogenesis of human mesenchymal stromal cells in three-dimensional cultures,International journal of molecular sciences
AMBC_BCkeu66ebvL9hFLEzuGvDj0WzSu,unmodified,[],bulk_hydrogel,"[""bulk_hydrogel""]",in_vitro_cartilage,"[""in_vitro_cartilage""]","[""collagen""]","[""MSC""]",3D_encapsulation,murine,,0,1,1,0,1,0,2026-09-26T18:34:12Z,24644379,,2014,Small Molecule-BIO Accelerates and Enhances Marrow-Derived Mesenchymal Stem Cell in Vitro Chondrogenesis,Iranian journal of medical sciences
AMBC_ElpCLN0MfBwALn4NoOapkZWsmgV,unmodified,[],bulk_hydrogel,"[""bulk_hydrogel""]",in_vitro_cartilage,"[""in_vitro_cartilage""]",[],"[""articular_chondrocyte"", ""MSC""]",3D_encapsulation,,TGF_b3,0,1,1,0,1,0,2026-09-26T18:34:12Z,24887551,10.1016/j.joca.2014.05.019,2014,"Functional cartilage repair capacity of de-differentiated, chondrocyte- and mesenchymal stem cell-laden hydrogels in vitro",Osteoarthritis and cartilage
AMBC_J43Qb8TewPMKPYaYQttl7cTbRag,sulfated,"[""sulfated""]",bulk_hydrogel,"[""bulk_hydrogel""]",in_vitro_cartilage,"[""in_vitro_cartilage""]",[],"[""MSC""]",3D_encapsulation,human,,0,1,1,0,1,0,2026-09-26T18:34:12Z,24768908,10.1016/j.nano.2014.04.002,2014,Substrate topography determines the fate of chondrogenesis from human mesenchymal stem cells resulting in specific cartilage phenotype formation,"Nanomedicine : nanotechnology, biology, and medicine"
AMBC_JN5q2qO6hDVnRTtyErclrWBcmOf,unmodified,[],microsphere,"[""microsphere""]",in_vitro_cartilage,"[""in_vitro_cartilage""]","[""collagen""]","[""MSC""]",3D_encapsulation,rabbit,,0,1,1,0,1,0,2026-09-26T18:34:12Z,24418436,10.1016/j.actbio.2014.01.002,2014,Mesenchymal stem cell-collagen microspheres for articular cartilage repair: cell density and differentiation status,Acta biomaterialia
AMBC_C6fMbJiVRc6JI1RPBCptqP418Ec,sulfated,"[""sulfated""]",bulk_hydrogel,"[""bulk_hydrogel""]",in_vitro_cartilage,"[""in_vitro_cartilage""]","[""collagen"", ""chitosan""]","[""MSC""]",3D_encapsulation,murine,,0,1,1,0,1,0,2026-09-26T18:34:12Z,23879621,10.1089/ten.TEA.2013.0151,2014,Comparison of uncultured marrow mononuclear cells and culture-expanded mesenchymal stem cells in 3D collagen-chitosan microbeads for orthopedic tissue engineering,Tissue engineering. Part A
AMBC_XsZFRIAZaSJQTZXBWyt8jw9fpYw,unmodified,[],bulk_hydrogel,"[""bulk_hydrogel""]",in_vitro_cartilage,"[""in_vitro_cartilage""]","[""PEG""]","[""articular_chondrocyte"", ""MSC""]",3D_encapsulation,human,,0,1,1,0,1,0,2026-09-26T18:34:12Z,25201394,10.3233/BME-140991,2014,Infiltration of mesenchymal stem cells into PEGDA hydrogel,Bio-medical materials and engineering
AMBC_X14SHUswDnkapcVyiVRA0VVd16i,sulfated,"[""sulfated""]",bulk_hydrogel,"[""bulk_hydrogel""]",in_vitro_cartilage,"[""in_vitro_cartilage""]","[""HA"", ""collagen""]","[""adipose_MSC""]",3D_encapsulation,,,0,1,1,0,1,0,2026-09-26T18:34:12Z,24707837,10.1089/ten.tea.2013.0531,2014,Chondrogenic differentiation of adipose-derived stromal cells in combinatorial hydrogels containing cartilage matrix proteins with decoupled mechanical stiffness,Tissue engineering. Part A
AMBC_W1XDxj5K6oeb8LsIXTZ75qC5vV2,methacrylated,"[""methacrylated"", ""mmp_degradable""]",bulk_hydrogel,"[""bulk_hydrogel""]",in_vitro_cartilage,"[""in_vitro_cartilage""]","[""HA""]","[""MSC""]",3D_encapsulation,human,,0,1,1,0,1,0,2026-09-26T18:34:12Z,24911871,10.1371/journal.pone.0099587,2014,Cell-mediated degradation regulates human mesenchymal stem cell chondrogenesis and hypertrophy in MMP-sensitive hyaluronic acid hydrogels,PloS one
AMBC_JDNWfRYIY9WjRAFB14mij3ZkMPU,unmodified,[],bulk_hydrogel,"[""bulk_hydrogel""]",in_vitro_cartilage,"[""in_vitro_cartilage""]","[""HA""]","[""MSC""]",3D_encapsulation,human,,0,1,1,0,1,0,2026-09-26T18:34:12Z,24342044,10.1016/j.actbio.2013.12.015,2014,Differential effect of hypoxia on human mesenchymal stem cell chondrogenesis and hypertrophy in hyaluronic acid hydrogels,Acta biomaterialia
AMBC_Vh6v9RmXMJha7FMOV0Fcu3QZivN,unmodified,[],microsphere,"[""microsphere""]",in_vitro_cartilage,"[""in_vitro_cartilage""]","[""collagen""]","[""MSC""]",3D_encapsulation,,TGF_b3,0,1,1,0,1,0,2026-09-26T18:34:12Z,24818859,10.1088/1748-6041/9/3/035011,2014,The influence of scaffold microstructure on chondrogenic differentiation of mesenchymal stem cells,"Biomedical materials (Bristol, England)"
AMBC_CD0I5JaRPQxTe8QzD2RGoE93tVu,unmodified,[],bulk_hydrogel,"[""bulk_hydrogel""]",in_vitro_cartilage,"[""in_vitro_cartilage""]","[""collagen""]","[""MSC""]",3D_encapsulation,human,,0,1,1,0,1,0,2026-09-26T18:34:12Z,24388815,10.1016/j.biomaterials.2013.12.008,2014,Engineering cell matrix interactions in assembled polyelectrolyte fiber hydrogels for mesenchymal stem cell chondrogenesis,Biomaterials
AMBC_AlTORWt0xB2NECia0ZwdHGLDZZO,unmodified,[],bulk_hydrogel,"[""bulk_hydrogel""]",in_vitro_cartilage,"[""in_vitro_cartilage""]","[""collagen""]","[""articular_chondrocyte""]",3D_encapsulation,human,,0,1,1,0,1,0,2026-09-26T18:34:08Z,25554747,10.4172/2324-8785.1000172,2014,Volume Expansion of Tissue Engineered Human Nasal Septal Cartilage,Journal of otology & rhinology
AMBC_UQ4YSxDdltHYhrhHrvgFooPCOHy,unmodified,[],bulk_hydrogel,"[""bulk_hydrogel""]",in_vitro_cartilage,"[""in_vitro_cartilage""]",[],[],3D_encapsulation,,,0,1,1,0,1,0,2026-09-26T18:34:08Z,24417915,10.1016/j.biotechadv.2013.12.012,2014,Decellularized tissue and cell-derived extracellular matrices as scaffolds for orthopaedic tissue engineering,Biotechnology advances
AMBC_Vo9Fa5qBhFPnZ8tKwwZcEsf5x3W,unmodified,[],bulk_hydrogel,"[""bulk_hydrogel""]",in_vitro_cartilage,"[""in_vitro_cartilage""]",[],[],3D_encapsulation,human,,0,1,1,0,1,0,2026-09-26T18:34:08Z,24008020,10.1016/j.nano.2013.08.006,2014,Chondrogenic differentiation of adipose tissue-derived stem cells within nanocaged POSS-PCU scaffolds: a new tool for nanomedicine,"Nanomedicine : nanotechnology, biology, and medicine"
AMBC_KR4ALBV4bhIx3OaE0IEUHA7i9VB,sulfated,"[""sulfated""]",bulk_hydrogel,"[""bulk_hydrogel""]",in_vitro_cartilage,"[""in_vitro_cartilage""]","[""collagen""]","[""MSC""]",3D_encapsulation,human,,0,1,1,0,1,0,2026-09-26T18:34:08Z,24184178,10.1016/j.actbio.2013.10.022,2014,Jellyfish collagen scaffolds for cartilage tissue engineering,Acta biomaterialia
AMBC_U5R8rQLfCBWEJ0GkHt0Z1kcU1Dh,unmodified,[],bulk_hydrogel,"[""bulk_hydrogel""]",in_vitro_cartilage,"[""in_vitro_cartilage""]","[""collagen""]",[],3D_encapsulation,,,0,1,1,0,1,0,2026-09-26T18:34:08Z,24760578,10.22203/ecm.v027a22,2014,Time and dose-dependent effects of chondroitinase ABC on growth of engineered cartilage,European cells & materials
AMBC_My2AZuA5oKd0U6CWaj5usjTEIV9,unmodified,[],bulk_hydrogel,"[""bulk_hydrogel""]",in_vitro_cartilage,"[""in_vitro_cartilage""]","[""collagen""]","[""articular_chondrocyte""]",3D_encapsulation,,,0,1,1,0,1,0,2026-09-26T18:34:08Z,24790427,10.2147/IJN.S55865,2014,Novel nano-rough polymers for cartilage tissue engineering,International journal of nanomedicine
AMBC_FrhCg3G1fXEAB1FHLAijiPLn0sR,unmodified,[],bulk_hydrogel,"[""bulk_hydrogel""]",in_vitro_cartilage,"[""in_vitro_cartilage""]","[""collagen""]","[""articular_chondrocyte""]",3D_encapsulation,,,0,1,1,0,1,0,2026-09-26T18:34:08Z,24771447,10.1007/s10517-014-2394-3,2014,Effect of 3D chondrocyte culturing conditions on the formation of extracellular matrix in cartilage tissue-engineering constructs,Bulletin of experimental biology and medicine
AMBC_I3qUu3RUY02v0Utaem0XmLvVpht,unmodified,[],bulk_hydrogel,"[""bulk_hydrogel""]",in_vitro_cartilage,"[""in_vitro_cartilage""]",[],"[""articular_chondrocyte""]",3D_encapsulation,human,,0,1,1,0,1,0,2026-09-26T18:34:08Z,25272195,10.1039/c4lc00956h,2014,Application of an acoustofluidic perfusion bioreactor for cartilage tissue engineering,Lab on a chip
AMBC_LBWTzFPlSwIhJmOhISe3UkPaXhA,unmodified,[],3d_printed,"[""3d_printed""]",in_vitro_cartilage,"[""in_vitro_cartilage""]","[""PEG"", ""collagen""]","[""articular_chondrocyte""]",3D_bioprint,human,,0,1,1,0,1,0,2026-09-26T18:34:08Z,24961492,10.3791/51294,2014,Human cartilage tissue fabrication using three-dimensional inkjet printing technology,Journal of visualized experiments : JoVE
AMBC_6j5mGjtMWIZDQp0CBNghMw4qWkb,unmodified,[],bulk_hydrogel,"[""bulk_hydrogel""]",in_vitro_cartilage,"[""in_vitro_cartilage""]","[""collagen"", ""gelatin""]","[""articular_chondrocyte""]",3D_encapsulation,,,0,1,1,0,1,0,2026-09-26T18:34:08Z,24857507,10.1016/j.msec.2014.04.029,2014,Surface modification of polycaprolactone scaffolds fabricated via selective laser sintering for cartilage tissue engineering,"Materials science & engineering. C, Materials for biological applications"
AMBC_WTWEN70hUEw6wS8PRBuqSthHQ6U,unmodified,[],bulk_hydrogel,"[""bulk_hydrogel""]",in_vitro_cartilage,"[""in_vitro_cartilage""]","[""alginate"", ""collagen"", ""gelatin""]",[],3D_encapsulation,human,,0,1,1,0,1,0,2026-09-26T18:34:08Z,24518974,,2014,Chondrogenic Differentiation of Human Umbilical Cord Blood-Derived Unrestricted Somatic Stem Cells on A 3D Beta-Tricalcium Phosphate-Alginate-Gelatin Scaffold,Cell journal
AMBC_5TeHuClj5dcmBx3l8bBRjzJ3PzU,unmodified,[],bulk_hydrogel,"[""bulk_hydrogel""]",in_vitro_cartilage,"[""in_vitro_cartilage""]",[],[],3D_encapsulation,human,,0,1,1,0,1,0,2026-09-26T18:34:08Z,27877731,10.1088/1468-6996/15/6/065001,2014,A comparison study of different physical treatments on cartilage matrix derived porous scaffolds for tissue engineering applications,Science and technology of advanced materials
AMBC_UNzpMFRvGDDCXKGn9wbrJUpJ4A4,sulfated,"[""sulfated""]",fiber,"[""fiber"", ""bilayer""]",in_vitro_cartilage,"[""in_vitro_cartilage""]",[],"[""adipose_MSC""]",3D_encapsulation,human,,0,1,1,0,1,0,2026-09-26T18:34:08Z,24375991,10.1002/jbm.a.35068,2014,Electrospun cartilage-derived matrix scaffolds for cartilage tissue engineering,Journal of biomedical materials research. Part A
AMBC_7BY5EVuC6FB2V12r9yIvJA7q1Ub,unmodified,[],injectable,"[""injectable""]",in_vitro_cartilage,"[""in_vitro_cartilage""]","[""HA""]",[],3D_encapsulation,,,0,1,1,0,1,0,2026-09-26T18:34:08Z,24259264,10.1002/jbm.b.33073,2014,Augmentation of engineered cartilage to bone integration using hydroxyapatite,"Journal of biomedical materials research. Part B, Applied biomaterials"
AMBC_KCQdpS74G2JigX1K32L7LX0WVj7,unmodified,[],bulk_hydrogel,"[""bulk_hydrogel""]",in_vitro_cartilage,"[""in_vitro_cartilage""]","[""alginate"", ""PEG"", ""collagen"", ""fibrin"", ""chitosan"", ""agarose"", ""gelatin""]","[""articular_chondrocyte"", ""MSC""]",3D_encapsulation,,TGF_b3,0,1,1,0,1,0,2026-09-26T18:34:08Z,24452855,10.14670/HH-29.669,2014,Mesenchymal stem cell-based tissue engineering strategies for repair of articular cartilage,Histology and histopathology
AMBC_ZS4Sqsu50WMPg0Ej5ni9Ia6waeu,unmodified,[],bulk_hydrogel,"[""bulk_hydrogel""]",in_vitro_cartilage,"[""in_vitro_cartilage""]","[""agarose""]","[""articular_chondrocyte""]",3D_encapsulation,,,0,1,1,0,1,0,2026-09-26T18:34:08Z,25097913,10.1002/bit.25213,2014,Engineering articular cartilage-like grafts by self-assembly of infrapatellar fat pad-derived stem cells,Biotechnology and bioengineering
AMBC_WfWs0E1AlRh2avmkg6Yeb6V2qcH,unmodified,[],bulk_hydrogel,"[""bulk_hydrogel""]",in_vitro_cartilage,"[""in_vitro_cartilage""]","[""PEG""]",[],3D_encapsulation,,,0,1,1,0,1,0,2026-09-26T18:34:08Z,32261688,10.1039/c4tb00107a,2014,Polypeptide-engineered physical hydrogels designed from the coiled-coil region of cartilage oligomeric matrix protein for three-dimensional cell culture,Journal of materials chemistry. B
AMBC_Rjtf591QwH6lLSXjyHfPEMIgOQS,unmodified,[],bulk_hydrogel,"[""bulk_hydrogel""]",in_vitro_cartilage,"[""in_vitro_cartilage""]","[""HA"", ""alginate"", ""PEG"", ""collagen"", ""gelatin""]","[""articular_chondrocyte""]",3D_encapsulation,human,,0,1,1,0,1,0,2026-09-26T18:34:08Z,24000167,10.1002/jbm.a.34924,2014,Chondrocyte redifferentiation and construct mechanical property development in single-component photocrosslinkable hydrogels,Journal of biomedical materials research. Part A
AMBC_aTxodwJEpl9KJNFX3oxR0BOsvQr,unmodified,[],monolayer,"[""monolayer""]",in_vitro_cartilage,"[""in_vitro_cartilage""]","[""collagen""]","[""articular_chondrocyte""]",3D_encapsulation,,,0,1,1,0,1,0,2026-09-26T18:34:08Z,24429581,10.1088/1758-5082/6/1/015004,2014,Selective laser sintered poly-ε-caprolactone scaffold hybridized with collagen hydrogel for cartilage tissue engineering,Biofabrication
AMBC_5r8EjTM2MHuJCJFw6KcnfERBylG,oxidized,"[""oxidized"", ""sulfated""]",bulk_hydrogel,"[""bulk_hydrogel""]",in_vitro_cartilage,"[""in_vitro_cartilage""]","[""HA"", ""alginate""]","[""articular_chondrocyte""]",3D_encapsulation,,,0,1,1,0,1,0,2026-09-26T18:34:08Z,24677739,10.1002/jbm.a.35126,2014,Cartilage regeneration using biodegradable oxidized alginate/hyaluronate hydrogels,Journal of biomedical materials research. Part A
AMBC_2d5rXKEium1CvmdhOHQLuOEjZNB,sulfated,"[""sulfated""]",injectable,"[""injectable""]",in_vitro_cartilage,"[""in_vitro_cartilage""]","[""collagen"", ""chitosan""]","[""articular_chondrocyte"", ""MSC""]",3D_encapsulation,,,0,1,1,0,1,0,2026-09-26T18:34:08Z,25361212,10.1021/am505723k,2014,Cartilaginous extracellular matrix-modified chitosan hydrogels for cartilage tissue engineering,ACS applied materials & interfaces
AMBC_5NazYTCsNfsx8PMv4Uu7tWyLkHE,methacrylated,"[""methacrylated"", ""sulfated""]",bulk_hydrogel,"[""bulk_hydrogel""]",in_vitro_cartilage,"[""in_vitro_cartilage""]","[""HA"", ""gelatin""]","[""articular_chondrocyte""]",3D_encapsulation,human,,0,1,1,0,1,0,2026-09-26T18:34:08Z,24140603,10.1016/j.actbio.2013.10.005,2014,"A biomimetic extracellular matrix for cartilage tissue engineering centered on photocurable gelatin, hyaluronic acid and chondroitin sulfate",Acta biomaterialia
AMBC_1YnVxVlbMIFVPOOgGhTzZjD8pko,methacrylated,"[""methacrylated""]",injectable,"[""injectable""]",in_vitro_cartilage,"[""in_vitro_cartilage""]","[""GelMA"", ""agarose"", ""gelatin""]","[""MSC""]",3D_encapsulation,human,TGF_b3,0,1,1,0,1,0,2026-09-26T18:34:08Z,24575844,10.1089/ten.TEA.2013.0642,2014,Cartilage tissue engineering application of injectable gelatin hydrogel with in situ visible-light-activated gelation capability in both air and aqueous solution,Tissue engineering. Part A
AMBC_Xg4POEheorALQoO7V6ILn3HTfgm,unmodified,[],bulk_hydrogel,"[""bulk_hydrogel""]",in_vitro_cartilage,"[""in_vitro_cartilage""]","[""collagen""]","[""articular_chondrocyte""]",3D_encapsulation,,,0,1,1,0,1,0,2026-09-26T18:34:03Z,24863879,10.1016/j.cellsig.2014.05.008,2014,Regulation of chondrocyte differentiation by IRE1α depends on its enzymatic activity,Cellular signalling
AMBC_7TuNZU2Pmxz9wcYGlIgboL4tcgE,unmodified,[],bulk_hydrogel,"[""bulk_hydrogel""]",in_vitro_cartilage,"[""in_vitro_cartilage""]","[""collagen""]","[""articular_chondrocyte""]",3D_encapsulation,rabbit,,0,1,1,0,1,0,2026-09-26T18:34:03Z,24271503,10.1007/s00223-013-9816-5,2014,Rat chondrocyte-associated antigen identified as sialylated transmembrane protein Tmp21 belonging to the p24 protein family,Calcified tissue international
AMBC_DMucJ7aPIl3RIyi1WMRY5jTtdXk,unmodified,[],bulk_hydrogel,"[""bulk_hydrogel""]",in_vitro_cartilage,"[""in_vitro_cartilage""]","[""collagen""]","[""articular_chondrocyte""]",3D_encapsulation,,,0,1,1,0,1,0,2026-09-26T18:34:03Z,26535366,10.1177/2325967114550781,2014,Clinical Outcome 3 Years After Autologous Chondrocyte Implantation Does Not Correlate With the Expression of a Predefined Gene Marker Set in Chondrocytes Prior to Implantation but Is Associated With Critical Signaling Pathways,Orthopaedic journal of sports medicine
AMBC_PNTF1qkKTawWQ9EH9ZNTS0a97Mp,unmodified,[],bulk_hydrogel,"[""bulk_hydrogel""]",in_vitro_cartilage,"[""in_vitro_cartilage""]","[""collagen""]","[""articular_chondrocyte""]",3D_encapsulation,murine,,0,1,1,0,1,0,2026-09-26T18:34:03Z,24495803,10.1016/j.bbrc.2014.01.157,2014,Integrin α1β1 participates in chondrocyte transduction of osmotic stress,Biochemical and biophysical research communications
AMBC_1vfQVtTZdNOkul9tOQw7bT3EsuH,unmodified,[],bulk_hydrogel,"[""bulk_hydrogel""]",in_vitro_cartilage,"[""in_vitro_cartilage""]","[""alginate"", ""collagen""]","[""articular_chondrocyte"", ""MSC""]",3D_encapsulation,human,,0,1,1,0,1,0,2026-09-26T18:34:03Z,24566262,10.3390/md12021131,2014,"The marine sponge-derived inorganic polymers, biosilica and polyphosphate, as morphogenetically active matrices/scaffolds for the differentiation of human multipotent stromal cells: potential application in 3D printing and distraction osteogenesis",Marine drugs
AMBC_1XJwQA02vnpF7XIdxS4HLFs6sL7,unmodified,[],bulk_hydrogel,"[""bulk_hydrogel""]",in_vitro_cartilage,"[""in_vitro_cartilage""]","[""collagen""]","[""articular_chondrocyte""]",3D_encapsulation,,,0,1,1,0,1,0,2026-09-26T18:34:03Z,24839606,10.1155/2014/762570,2014,The study of the frequency effect of dynamic compressive loading on primary articular chondrocyte functions using a microcell culture system,BioMed research international
AMBC_Jt2X9ZeNMgNfudQFwG5e8XAlDR8,unmodified,[],bulk_hydrogel,"[""bulk_hydrogel""]",in_vitro_cartilage,"[""in_vitro_cartilage""]","[""agarose""]","[""articular_chondrocyte""]",3D_encapsulation,,,0,1,1,0,1,0,2026-09-26T18:34:03Z,24440608,10.1016/j.abb.2014.01.011,2014,Candidate mediators of chondrocyte mechanotransduction via targeted and untargeted metabolomic measurements,Archives of biochemistry and biophysics
AMBC_1oBDbnlMhKx9pQenMjAc6M9rKeK,unmodified,[],bulk_hydrogel,"[""bulk_hydrogel""]",in_vitro_cartilage,"[""in_vitro_cartilage""]","[""collagen""]","[""articular_chondrocyte""]",3D_encapsulation,,,0,1,1,0,1,0,2026-09-26T18:34:03Z,25175370,10.3892/ijmm.2014.1918,2014,Induction of heme oxygenase‐1 expression protects articular chondrocytes against cilostazol‐induced cellular senescence,International journal of molecular medicine
AMBC_3gKLW9j9iurLAkTDXrgGIR1jQGD,unmodified,[],bulk_hydrogel,"[""bulk_hydrogel""]",in_vitro_cartilage,"[""in_vitro_cartilage""]","[""collagen""]","[""articular_chondrocyte"", ""ATDC5""]",3D_encapsulation,human,,0,1,1,0,1,0,2026-09-26T18:34:03Z,25091481,10.1016/j.bbrc.2014.07.125,2014,LRP4 induces extracellular matrix productions and facilitates chondrocyte differentiation,Biochemical and biophysical research communications
AMBC_XHXXepMBTxj7oHPCxXxUEATZhSP,unmodified,[],bulk_hydrogel,"[""bulk_hydrogel""]",in_vitro_cartilage,"[""in_vitro_cartilage""]","[""collagen"", ""agarose""]","[""articular_chondrocyte""]",3D_encapsulation,,,0,1,1,0,1,0,2026-09-26T18:34:03Z,25310088,10.1088/0031-9155/59/21/6537,2014,Dependence of light attenuation and backscattering on collagen concentration and chondrocyte density in agarose scaffolds,Physics in medicine and biology
AMBC_4aMrIhHtJMJufh75RWWisyeEKpL,unmodified,[],monolayer,"[""monolayer""]",in_vitro_cartilage,"[""in_vitro_cartilage""]","[""alginate"", ""collagen""]","[""articular_chondrocyte""]",2D,human,,0,1,1,0,1,0,2026-09-26T18:34:03Z,25565047,10.2500/ar.2014.5.0097,2014,Effect of oxygen tension on tissue-engineered human nasal septal chondrocytes,"Allergy & rhinology (Providence, R.I.)"
AMBC_Tjk9PJcrgmdXexv0lAwZCHLCagb,unmodified,[],bulk_hydrogel,"[""bulk_hydrogel""]",in_vitro_cartilage,"[""in_vitro_cartilage""]","[""collagen""]","[""articular_chondrocyte""]",3D_encapsulation,rabbit,,0,1,1,0,1,0,2026-09-26T18:34:03Z,25003544,10.1590/1414-431x20143935,2014,"Effect of JJYMD-C, a novel synthetic derivative of gallic acid, on proliferation and phenotype maintenance in rabbit articular chondrocytes in vitro",Brazilian journal of medical and biological research = Revista brasileira de pesquisas medicas e biologica
AMBC_4Ft0xSmtK1uHuuNEfXdik81Enon,unmodified,[],bulk_hydrogel,"[""bulk_hydrogel""]",in_vitro_cartilage,"[""in_vitro_cartilage""]","[""agarose""]","[""articular_chondrocyte""]",3D_encapsulation,,,0,1,1,0,1,0,2026-09-26T18:34:03Z,24438476,10.1089/ten.TEA.2013.0436,2014,Deformation thresholds for chondrocyte death and the protective effect of the pericellular matrix,Tissue engineering. Part A
AMBC_Jcd04ji2TYLfAjFS5auxJjtcMZk,unmodified,[],bulk_hydrogel,"[""bulk_hydrogel""]",in_vitro_cartilage,"[""in_vitro_cartilage""]","[""collagen""]","[""articular_chondrocyte"", ""MSC""]",3D_encapsulation,,,0,1,1,0,1,0,2026-09-26T18:34:03Z,24365703,10.1016/j.actbio.2013.12.026,2014,Direct and indirect co-culture of chondrocytes and mesenchymal stem cells for the generation of polymer/extracellular matrix hybrid constructs,Acta biomaterialia
AMBC_AGbJpUPFNsp1jLsK2nanRmmis7C,unmodified,[],bulk_hydrogel,"[""bulk_hydrogel""]",in_vitro_cartilage,"[""in_vitro_cartilage""]","[""collagen"", ""agarose""]","[""articular_chondrocyte""]",3D_encapsulation,,,0,1,1,0,1,0,2026-09-26T18:34:03Z,22761174,10.1002/term.1561,2014,Comprehensive characterization of chondrocyte cultures in plasma and whole blood biomatrices for cartilage tissue engineering,Journal of tissue engineering and regenerative medicine
AMBC_JFAlO1vGnLpKxjUWSkY3RCxxZVQ,unmodified,[],bulk_hydrogel,"[""bulk_hydrogel""]",in_vitro_cartilage,"[""in_vitro_cartilage""]","[""alginate"", ""collagen""]","[""MSC""]",3D_encapsulation,,,0,1,1,0,1,0,2026-09-26T18:34:03Z,24626259,10.1371/journal.pone.0091662,2014,Biochemical and structural characterization of neocartilage formed by mesenchymal stem cells in alginate hydrogels,PloS one
AMBC_aIR3jClqMQXEN9C2avKycCXJTiY,unmodified,[],bulk_hydrogel,"[""bulk_hydrogel""]",in_vitro_cartilage,"[""in_vitro_cartilage""]","[""HA"", ""agarose""]","[""articular_chondrocyte"", ""MSC""]",3D_encapsulation,,,0,1,1,0,1,0,2026-09-26T18:34:03Z,24239005,10.1016/j.jbiomech.2013.10.030,2014,Functional properties of bone marrow-derived MSC-based engineered cartilage are unstable with very long-term in vitro culture,Journal of biomechanics
AMBC_M4rONWinX8cZ9E8DCcrAzGDvHpF,unmodified,[],bulk_hydrogel,"[""bulk_hydrogel""]",in_vitro_cartilage,"[""in_vitro_cartilage""]",[],"[""articular_chondrocyte""]",3D_encapsulation,,,0,1,1,0,1,0,2026-09-26T18:34:03Z,23636471,10.1007/s10237-013-0493-0,2014,Mathematical model of the role of degradation on matrix development in hydrogel scaffold,Biomechanics and modeling in mechanobiology
AMBC_Rp8RkXCP98qXaz3qQt2vtY29dN8,unmodified,[],bulk_hydrogel,"[""bulk_hydrogel""]",in_vitro_cartilage,"[""in_vitro_cartilage""]","[""PVA""]","[""articular_chondrocyte""]",3D_encapsulation,,,0,1,1,0,1,0,2026-09-26T18:34:03Z,25147814,10.1155/2014/762189,2014,Tailored PVA/ECM scaffolds for cartilage regeneration,BioMed research international
AMBC_YoHyZ9MSOou4L9LIQCr8IGAMqeq,sulfated,"[""sulfated""]",bulk_hydrogel,"[""bulk_hydrogel""]",in_vitro_cartilage,"[""in_vitro_cartilage""]","[""HA""]","[""articular_chondrocyte""]",3D_encapsulation,,,0,1,1,0,1,0,2026-09-26T18:34:03Z,24597474,10.1021/bm401524h,2014,Interaction of hyaluronan binding peptides with glycosaminoglycans in poly(ethylene glycol) hydrogels,Biomacromolecules
AMBC_APHjnkcbFYgmHR1GjHUbVgEbQGA,unmodified,[],bulk_hydrogel,"[""bulk_hydrogel""]",in_vitro_cartilage,"[""in_vitro_cartilage""]","[""silk_fibrin""]","[""articular_chondrocyte""]",3D_encapsulation,,,0,1,1,0,1,0,2026-09-26T18:34:03Z,32262143,10.1039/c4tb00698d,2014,Facile and rapid ruthenium mediated photo-crosslinking of Bombyx mori silk fibroin,Journal of materials chemistry. B
AMBC_RYMFtsWySXhzw1AfryEFQsUtKmk,unmodified,[],bulk_hydrogel,"[""bulk_hydrogel""]",in_vitro_cartilage,"[""in_vitro_cartilage""]",[],"[""articular_chondrocyte""]",3D_encapsulation,bovine,,0,1,1,0,1,0,2026-09-26T18:34:03Z,24762195,10.1089/ten.TEA.2013.0592,2014,Beneficial effects of cerium oxide nanoparticles in development of chondrocyte-seeded hydrogel constructs and cellular response to interleukin insults,Tissue engineering. Part A
AMBC_Xe5fSQGiQkKoCX4Nd4aqtunsSnK,unmodified,[],monolayer,"[""monolayer""]",in_vitro_cartilage,"[""in_vitro_cartilage""]","[""HA"", ""collagen""]","[""articular_chondrocyte""]",3D_encapsulation,human,,0,1,1,0,1,0,2026-09-26T18:34:03Z,24115629,10.1002/jbm.a.34957,2014,Hybrid hyaluronic acid hydrogel/poly(ɛ-caprolactone) scaffold provides mechanically favorable platform for cartilage tissue engineering studies,Journal of biomedical materials research. Part A
AMBC_9PbOxsKrRNMDniCW9Qyh1fUlVrt,unmodified,[],bulk_hydrogel,"[""bulk_hydrogel""]",in_vitro_cartilage,"[""in_vitro_cartilage""]",[],"[""articular_chondrocyte""]",3D_encapsulation,murine,,0,1,1,0,1,0,2026-09-26T18:34:03Z,25424912,10.2478/s11658-014-0220-6,2014,The role of Alk-1 and Alk-5 in the mechanosensing of chondrocytes,Cellular & molecular biology letters
AMBC_2YDpKVZwtMDRFHcirM08a0ZF3ia,unmodified,[],monolayer,"[""monolayer""]",in_vitro_cartilage,"[""in_vitro_cartilage""]","[""agarose""]","[""articular_chondrocyte""]",2D,human,,0,1,1,0,1,0,2026-09-26T18:34:03Z,24745344,10.1016/j.patbio.2014.03.001,2014,Reconstruction of nasal cartilage defects using a tissue engineering technique based on combination of high-density polyethylene and hydrogel,Pathologie-biologie
AMBC_IaaeZDKJTuGYiE2xCp54KREx4cp,methacrylated,"[""methacrylated"", ""edc_nhs""]",bulk_hydrogel,"[""bulk_hydrogel""]",in_vitro_cartilage,"[""in_vitro_cartilage""]","[""alginate"", ""chitosan"", ""gelatin""]","[""articular_chondrocyte""]",3D_encapsulation,,,0,1,1,0,1,0,2026-09-26T18:34:03Z,24211948,10.3233/BME-130851,2014,Fabrication of photo-crosslinked chitosan- gelatin scaffold in sodium alginate hydrogel for chondrocyte culture,Bio-medical materials and engineering
AMBC_QbdJrSKZD03ssiYo5vDg3fnVttz,norbornene,"[""norbornene"", ""thiolated""]",bulk_hydrogel,"[""bulk_hydrogel""]",in_vitro_cartilage,"[""in_vitro_cartilage""]","[""PEG"", ""collagen""]","[""articular_chondrocyte""]",3D_encapsulation,,,0,1,1,0,1,0,2026-09-26T18:34:03Z,24616326,10.1002/jbm.a.35115,2014,Covalently tethered TGF-β1 with encapsulated chondrocytes in a PEG hydrogel system enhances extracellular matrix production,Journal of biomedical materials research. Part A
AMBC_BRxHmuNBttKH9kqPwyiwU9C3qqo,sulfated,"[""sulfated""]",bulk_hydrogel,"[""bulk_hydrogel""]",in_vitro_cartilage,"[""in_vitro_cartilage""]",[],"[""articular_chondrocyte""]",3D_encapsulation,bovine,,0,1,1,0,1,0,2026-09-26T18:34:03Z,25128592,10.1016/j.matbio.2014.08.002,2014,Ionic osmolytes and intracellular calcium regulate tissue production in chondrocytes cultured in a 3D charged hydrogel,Matrix biology : journal of the International Society for Matrix Biology
AMBC_a5QxCXD7qpy5UHJtjFYsPIXtqxC,unmodified,[],bulk_hydrogel,"[""bulk_hydrogel""]",in_vitro_cartilage,"[""in_vitro_cartilage""]","[""collagen""]","[""articular_chondrocyte""]",3D_encapsulation,rabbit,,0,1,1,0,1,0,2026-09-26T18:34:03Z,24000202,10.1002/jbm.b.33011,2014,Collagen hydrogel as an immunomodulatory scaffold in cartilage tissue engineering,"Journal of biomedical materials research. Part B, Applied biomaterials"
AMBC_PEinkiA9q4mbe3Rxrbv8uHgdTqy,sulfated,"[""sulfated""]",monolayer,"[""monolayer""]",in_vitro_cartilage,"[""in_vitro_cartilage""]","[""collagen""]","[""articular_chondrocyte"", ""MSC""]",2D,human,,0,1,1,0,1,0,2026-09-26T18:34:03Z,24231133,10.1016/j.colsurfb.2013.10.001,2014,Regulation of human mesenchymal stem cells differentiation into chondrocytes in extracellular matrix-based hydrogel scaffolds,"Colloids and surfaces. B, Biointerfaces"
AMBC_F8NKTU8yRqep6xFuz0Y12gnlKJ,unmodified,[],microsphere,"[""microsphere""]",in_vitro_cartilage,"[""in_vitro_cartilage""]","[""alginate"", ""collagen"", ""gelatin""]","[""articular_chondrocyte""]",3D_encapsulation,porcine,,0,1,1,0,1,0,2026-09-26T18:34:03Z,24268246,10.1016/j.msec.2013.09.003,2014,Effect of microcavitary alginate hydrogel with different pore sizes on chondrocyte culture for cartilage tissue engineering,"Materials science & engineering. C, Materials for biological applications"
AMBC_3eEaQ5IQn1xxxfkdhRjWq34crmK,unmodified,[],injectable,"[""injectable""]",in_vitro_cartilage,"[""in_vitro_cartilage""]","[""HA"", ""collagen""]","[""articular_chondrocyte""]",3D_encapsulation,,,0,1,1,0,1,0,2026-09-26T18:34:03Z,25786729,10.1007/s13346-013-0188-1,2014,"An injectable, in situ forming type II collagen/hyaluronic acid hydrogel vehicle for chondrocyte delivery in cartilage tissue engineering",Drug delivery and translational research
AMBC_RCLPLEqDMFDyxEsTMV2Wntar4xE,methacrylated,"[""methacrylated""]",3d_printed,"[""3d_printed""]",bioprinting,"[""bioprinting"", ""in_vitro_cartilage""]","[""gellan""]",[],3D_bioprint,,,0,1,1,0,1,0,2026-09-26T18:34:08Z,32261716,10.1039/c3tb21280g,2014,Development and characterisation of a new bioink for additive tissue manufacturing,Journal of materials chemistry. B
AMBC_26JeXDQZHaXghNFCZFs7SCllxM9,unmodified,[],bulk_hydrogel,"[""bulk_hydrogel""]",auricular,"[""auricular"", ""in_vitro_cartilage""]",[],"[""articular_chondrocyte"", ""adipose_MSC""]",3D_encapsulation,,,0,1,1,0,1,0,2026-09-26T18:34:08Z,24464765,10.1088/1758-5082/6/2/024103,2014,3D printing of composite tissue with complex shape applied to ear regeneration,Biofabrication
AMBC_IrgTa5HhN7A0lCIRC1l1OHG5KKx,unmodified,[],monolayer,"[""monolayer""]",auricular,"[""auricular"", ""in_vivo_repair"", ""in_vitro_cartilage""]",[],"[""articular_chondrocyte"", ""auricular_chondrocyte""]",3D_encapsulation,rabbit,,0,1,1,0,1,0,2026-09-26T18:34:08Z,24737242,10.3892/mmr.2014.2145,2014,Cartilage tissue engineering using PHBV and PHBV/Bioglass scaffolds,Molecular medicine reports
AMBC_L3NuAs3kyUXSzSmovMf1Zxy4a0L,unmodified,[],monolayer,"[""monolayer""]",auricular,"[""auricular"", ""in_vitro_cartilage""]","[""collagen""]","[""articular_chondrocyte"", ""auricular_chondrocyte""]",2D,bovine,,0,1,1,0,1,0,2026-09-26T18:34:03Z,24451136,10.3390/ijms15011525,2014,Role of insulin-transferrin-selenium in auricular chondrocyte proliferation and engineered cartilage formation in vitro,International journal of molecular sciences
AMBC_WcXofMjkupqt2CP1VPOHk9iG9x1,unmodified,[],bulk_hydrogel,"[""bulk_hydrogel""]",osteochondral,"[""osteochondral"", ""in_vitro_cartilage""]","[""collagen""]",[],3D_encapsulation,rabbit,,0,1,1,0,1,0,2026-09-26T18:34:08Z,23702935,10.1590/s0102-86502013000500004,2013,Study on nano-structured hydroxyapatite/zirconia stabilized yttria on healing of articular cartilage defect in rabbit,Acta cirurgica brasileira
AMBC_5qARe9YV9OG3M1ZZROtyKVSZ3Rf,unmodified,[],porous_scaffold,"[""porous_scaffold""]",osteochondral,"[""osteochondral"", ""in_vivo_repair"", ""in_vitro_cartilage""]",[],[],3D_encapsulation,porcine,,0,1,1,0,1,0,2026-09-26T18:34:08Z,22826014,10.1007/s11999-012-2487-0,2013,Oligo[poly(ethylene glycol)fumarate] hydrogel enhances osteochondral repair in porcine femoral condyle defects,Clinical orthopaedics and related research
AMBC_4dj295IEATauhjGYdHVCN0DMZbf,unmodified,[],porous_scaffold,"[""porous_scaffold""]",osteochondral,"[""osteochondral"", ""in_vivo_repair"", ""in_vitro_cartilage""]",[],"[""MSC""]",3D_encapsulation,human,,0,1,1,0,1,0,2026-09-26T18:34:08Z,23517496,10.1089/ten.TEA.2012.0621,2013,Repair of osteochondral defects with rehydrated freeze-dried oligo[poly(ethylene glycol) fumarate] hydrogels seeded with bone marrow mesenchymal stem cells in a porcine model,Tissue engineering. Part A
AMBC_VnHF0ynrP6gvLmmuaLm7ZCpGOXP,unmodified,[],bulk_hydrogel,"[""bulk_hydrogel""]",osteochondral,"[""osteochondral"", ""in_vitro_cartilage""]",[],"[""articular_chondrocyte"", ""MSC""]",3D_encapsulation,,,0,1,1,0,1,0,2026-09-26T18:34:07Z,23637149,10.5435/JAAOS-21-05-303,2013,Cartilage regeneration,The Journal of the American Academy of Orthopaedic Surgeons
AMBC_DQ0lfvI3Xh4pmiriTlvOA70MONS,methacrylated,"[""methacrylated""]",bulk_hydrogel,"[""bulk_hydrogel""]",osteochondral,"[""osteochondral"", ""in_vitro_cartilage""]","[""HA""]","[""articular_chondrocyte"", ""MSC""]",3D_encapsulation,human,,0,1,1,0,1,0,2026-09-26T18:34:07Z,23225568,10.1002/adhm.201200345,2013,Integrated bi-layered scaffold for osteochondral tissue engineering,Advanced healthcare materials
AMBC_XUYO69ezv7Wy5EKOExlhk5cTOfb,unmodified,[],bulk_hydrogel,"[""bulk_hydrogel""]",osteochondral,"[""osteochondral"", ""in_vitro_cartilage""]","[""PVA""]",[],3D_encapsulation,bovine,,0,1,1,0,1,0,2026-09-26T18:34:07Z,23910356,10.1016/j.msec.2013.06.035,2013,Low friction hydrogel for articular cartilage repair: evaluation of mechanical and tribological properties in comparison with natural cartilage tissue,"Materials science & engineering. C, Materials for biological applications"
AMBC_32EcmHPSn5UvyvRDyF73R8xPD1h,unmodified,[],bulk_hydrogel,"[""bulk_hydrogel""]",osteochondral,"[""osteochondral"", ""in_vitro_cartilage""]","[""gelatin""]","[""articular_chondrocyte""]",3D_encapsulation,rabbit,TGF_b3,0,1,1,0,1,0,2026-09-26T18:34:02Z,23541928,10.1016/j.jconrel.2013.03.013,2013,Osteochondral tissue regeneration using a bilayered composite hydrogel with modulating dual growth factor release kinetics in a rabbit model,Journal of controlled release : official journal of the Controlled Release Society
AMBC_XA4FwZMw7eeBWx6tsvuttTKL4Gt,unmodified,[],bulk_hydrogel,"[""bulk_hydrogel""]",in_vitro_cartilage,"[""in_vitro_cartilage""]","[""collagen""]",[],3D_encapsulation,,,0,1,1,0,1,0,2026-09-26T18:34:12Z,24058535,10.1371/journal.pone.0074255,2013,Runx1 is critical for PTH-induced onset of mesenchymal progenitor cell chondrogenic differentiation,PloS one
AMBC_VuC51V7Vj5isv55WA1t5Qls4sgO,unmodified,[],bulk_hydrogel,"[""bulk_hydrogel""]",in_vitro_cartilage,"[""in_vitro_cartilage""]","[""collagen""]","[""MSC""]",3D_encapsulation,human,TGF_b3,0,1,1,0,1,0,2026-09-26T18:34:11Z,23579467,10.1038/ijos.2013.19,2013,Chondrogenesis of periodontal ligament stem cells by transforming growth factor-β3 and bone morphogenetic protein-6 in a normal healthy impacted third molar,International journal of oral science
AMBC_TKWg168vg5PGc2g30ePxXyeKUt0,unmodified,[],bulk_hydrogel,"[""bulk_hydrogel""]",in_vitro_cartilage,"[""in_vitro_cartilage""]","[""alginate""]","[""articular_chondrocyte"", ""MSC""]",3D_encapsulation,human,,0,1,1,0,1,0,2026-09-26T18:34:11Z,24205199,10.1371/journal.pone.0078325,2013,Evaluation of metabolomic changes as a biomarker of chondrogenic differentiation in 3D-cultured human mesenchymal stem cells using proton (1H) nuclear magnetic resonance spectroscopy,PloS one
AMBC_LjZk0p1Ag68YSy6AK9O9ZRXaa4n,unmodified,[],bulk_hydrogel,"[""bulk_hydrogel""]",in_vitro_cartilage,"[""in_vitro_cartilage""]","[""collagen""]","[""articular_chondrocyte""]",3D_encapsulation,,,0,1,1,0,1,0,2026-09-26T18:34:11Z,23852953,10.1002/cbin.10153,2013,Enhanced chondrogenesis through specific growth factors in a buffalo embryonic stem cell model,Cell biology international
AMBC_1oPGFYi692g2jVqEY6pdUjzat4L,unmodified,[],monolayer,"[""monolayer""]",in_vitro_cartilage,"[""in_vitro_cartilage""]","[""collagen""]","[""MSC""]",2D,bovine,,0,1,1,0,1,0,2026-09-26T18:34:11Z,23826829,10.1186/1746-6148-9-133,2013,Isolation and multilineage differentiation of bone marrow mesenchymal stem cells from abattoir-derived bovine fetuses,BMC veterinary research
AMBC_IiGXCFXhF78HUuPTl52Z6QrvAdm,unmodified,[],bulk_hydrogel,"[""bulk_hydrogel""]",in_vitro_cartilage,"[""in_vitro_cartilage""]","[""collagen""]","[""articular_chondrocyte"", ""MSC"", ""iPSC""]",3D_encapsulation,human,,0,1,1,0,1,0,2026-09-26T18:34:11Z,22961870,10.1002/jcb.24388,2013,Efficient differentiation of human iPSC-derived mesenchymal stem cells to chondroprogenitor cells,Journal of cellular biochemistry
AMBC_KLJC73z9oXgbOsVYPg4Yzdw8qBR,sulfated,"[""sulfated""]",bulk_hydrogel,"[""bulk_hydrogel""]",in_vitro_cartilage,"[""in_vitro_cartilage""]","[""collagen""]","[""MSC""]",3D_encapsulation,human,,0,1,1,0,1,0,2026-09-26T18:34:11Z,23572135,10.1159/000350072,2013,Isolation of mesenchymal stromal cells (MSCs) from human adenoid tissue,"Cellular physiology and biochemistry : international journal of experimental cellular physiology, biochemistry, and pharmacology"
AMBC_EJoYJt4zWvvABGhdlzodlGygjPb,sulfated,"[""sulfated""]",bulk_hydrogel,"[""bulk_hydrogel""]",in_vitro_cartilage,"[""in_vitro_cartilage""]","[""collagen""]","[""adipose_MSC"", ""MSC""]",3D_encapsulation,,,0,1,1,0,1,0,2026-09-26T18:34:11Z,23899094,10.1186/ar4260,2013,Analyses of chondrogenic induction of adipose mesenchymal stem cells by combined co-stimulation mediated by adenoviral gene transfer,Arthritis research & therapy
AMBC_HtEyLugvVpajkAXvUvKHQkj7MBr,unmodified,[],bulk_hydrogel,"[""bulk_hydrogel""]",in_vitro_cartilage,"[""in_vitro_cartilage""]","[""collagen""]","[""articular_chondrocyte"", ""MSC""]",3D_encapsulation,human,,0,1,1,0,1,0,2026-09-26T18:34:11Z,23592549,10.1088/1758-5082/5/2/025009,2013,TiO2 coating promotes human mesenchymal stem cell proliferation without the loss of their capacity for chondrogenic differentiation,Biofabrication
AMBC_a9zfZA9fRtOiU2nsCZv47DCsCzG,unmodified,[],bulk_hydrogel,"[""bulk_hydrogel""]",in_vitro_cartilage,"[""in_vitro_cartilage""]","[""collagen""]","[""MSC""]",3D_encapsulation,rabbit,,0,1,1,0,1,0,2026-09-26T18:34:11Z,23493060,10.3390/ijms14035966,2013,The effects of inhibiting hedgehog signaling pathways by using specific antagonist cyclopamine on the chondrogenic differentiation of mesenchymal stem cells,International journal of molecular sciences
AMBC_77MPEbYCI3TqMuhu0CiB9S3qBP7,unmodified,[],bulk_hydrogel,"[""bulk_hydrogel""]",in_vitro_cartilage,"[""in_vitro_cartilage""]","[""collagen""]","[""MSC""]",3D_encapsulation,murine,,0,1,1,0,1,0,2026-09-26T18:34:11Z,25653775,,2013,Effects of BIO on proliferation and chondrogenic differentiation of mouse marrow-derived mesenchymal stem cells,Veterinary research forum : an international quarterly journal
AMBC_HCeM4o9YoJnppX7wKkVIGXi3XKC,unmodified,[],monolayer,"[""monolayer""]",in_vitro_cartilage,"[""in_vitro_cartilage""]","[""HA"", ""chitosan""]","[""MSC""]",2D,,,0,1,1,0,1,0,2026-09-26T18:34:11Z,23562051,10.1016/j.biomaterials.2013.03.031,2013,Substrate-dependent Wnt signaling in MSC differentiation within biomaterial-derived 3D spheroids,Biomaterials
AMBC_2CbAqfIfb6UhCcS97FIMZu5CiEw,unmodified,[],bulk_hydrogel,"[""bulk_hydrogel""]",in_vitro_cartilage,"[""in_vitro_cartilage""]","[""collagen""]","[""MSC""]",3D_encapsulation,human,,0,1,1,0,1,0,2026-09-26T18:34:11Z,23642532,10.1016/j.biomaterials.2013.04.027,2013,The effects of crosslinking of scaffolds engineered from cartilage ECM on the chondrogenic differentiation of MSCs,Biomaterials
AMBC_UIWSTSrxp1QAJopEldkiTGE7A1J,unmodified,[],monolayer,"[""monolayer""]",in_vitro_cartilage,"[""in_vitro_cartilage""]","[""chitosan""]","[""MSC""]",2D,,,0,1,1,0,1,0,2026-09-26T18:34:11Z,23589181,10.3892/mmr.2013.1423,2013,Effect of cell culture using chitosan membranes on stemness marker genes in mesenchymal stem cells,Molecular medicine reports
AMBC_MoMmiqdmUlMNg1hok9SS2XcPEtu,unmodified,[],bulk_hydrogel,"[""bulk_hydrogel""]",in_vitro_cartilage,"[""in_vitro_cartilage""]",[],"[""MSC""]",3D_encapsulation,human,,0,1,1,0,1,0,2026-09-26T18:34:11Z,24014069,10.1002/btpr.1808,2013,Investigating the effect of peptide agonists on the chondrogenic differentiation of human mesenchymal stem cells using design of experiments,Biotechnology progress
AMBC_Hra69UA7L8UCCl95iLFkVvh6HsR,unmodified,[],bulk_hydrogel,"[""bulk_hydrogel""]",in_vitro_cartilage,"[""in_vitro_cartilage""]","[""collagen""]","[""articular_chondrocyte"", ""MSC""]",3D_encapsulation,human,,0,1,1,0,1,0,2026-09-26T18:34:11Z,23371427,10.1007/s00264-013-1800-1,2013,Effect of parathyroid hormone-related protein in an in vitro hypertrophy model for mesenchymal stem cell chondrogenesis,International orthopaedics
AMBC_P3mTglx4Ii20BPThWSBwGQZokIF,unmodified,[],bulk_hydrogel,"[""bulk_hydrogel""]",in_vitro_cartilage,"[""in_vitro_cartilage""]","[""collagen""]","[""articular_chondrocyte"", ""adipose_MSC"", ""MSC""]",3D_encapsulation,human,,0,1,1,0,1,0,2026-09-26T18:34:11Z,24134848,10.1016/j.bbrc.2013.10.012,2013,Chondrogenic potential of stem cells derived from adipose tissue: a powerful pharmacological tool,Biochemical and biophysical research communications
AMBC_aA1MkkvMBy25L6wOG76XtS4ZQwp,sulfated,"[""sulfated""]",bulk_hydrogel,"[""bulk_hydrogel""]",in_vitro_cartilage,"[""in_vitro_cartilage""]","[""HA"", ""collagen"", ""fibrin""]","[""adipose_MSC""]",3D_encapsulation,human,,0,1,1,0,1,0,2026-09-26T18:34:11Z,23449937,10.1152/japplphysiol.01132.2012,2013,Hyaluronan initiates chondrogenesis mainly via CD44 in human adipose-derived stem cells,"Journal of applied physiology (Bethesda, Md. : 1985)"
AMBC_LshYrelXig54SBLrnOIofILX70M,unmodified,[],bulk_hydrogel,"[""bulk_hydrogel""]",in_vitro_cartilage,"[""in_vitro_cartilage""]","[""alginate""]","[""MSC""]",3D_encapsulation,human,,0,1,1,0,1,0,2026-09-26T18:34:11Z,23414147,10.1186/1471-2164-14-105,2013,Genome-wide map of quantified epigenetic changes during in vitro chondrogenic differentiation of primary human mesenchymal stem cells,BMC genomics
AMBC_KecWOOAko8AdHWUD52HeK4kMwLL,unmodified,[],bulk_hydrogel,"[""bulk_hydrogel""]",in_vitro_cartilage,"[""in_vitro_cartilage""]",[],"[""MSC""]",3D_encapsulation,human,,0,1,1,0,1,0,2026-09-26T18:34:11Z,23477396,10.2217/rme.13.3,2013,Mesenchymal stem cell chondrogenesis: composite growth factor-bioreactor synergism for human stem cell chondrogenesis,Regenerative medicine
AMBC_BWsuWdttIsLLfaNhjzPzv8c6Mhi,unmodified,[],bulk_hydrogel,"[""bulk_hydrogel""]",in_vitro_cartilage,"[""in_vitro_cartilage""]","[""collagen""]","[""MSC""]",3D_encapsulation,human,,0,1,1,0,1,0,2026-09-26T18:34:11Z,23157410,10.1089/ten.TEA.2012.0177,2013,Micrometer scale guidance of mesenchymal stem cells to form structurally oriented cartilage extracellular matrix,Tissue engineering. Part A
AMBC_CF67MqUWswOb8qum0zR3IW8gt3Q,sulfated,"[""sulfated""]",bulk_hydrogel,"[""bulk_hydrogel""]",in_vitro_cartilage,"[""in_vitro_cartilage""]","[""PEG"", ""collagen""]","[""MSC""]",3D_encapsulation,human,,0,1,1,0,1,0,2026-09-26T18:34:11Z,23570717,10.1016/j.biomaterials.2013.03.037,2013,The effect of desulfation of chondroitin sulfate on interactions with positively charged growth factors and upregulation of cartilaginous markers in encapsulated MSCs,Biomaterials
AMBC_Ggb6jeMDWi5ndDghZWGvjbnmUGf,enzymatic,"[""enzymatic""]",bulk_hydrogel,"[""bulk_hydrogel""]",in_vitro_cartilage,"[""in_vitro_cartilage""]","[""collagen""]","[""MSC""]",3D_encapsulation,human,TGF_b3,0,1,1,0,1,0,2026-09-26T18:34:11Z,23892982,10.1007/s10529-013-1301-8,2013,Induction of chondrogenic differentiation in mesenchymal stem cells by TGF-beta cross-linked to collagen-PLLA [poly(L-lactic acid)] scaffold by transglutaminase 2,Biotechnology letters
AMBC_7wTQDAvMAFpnNuEY1MlS1MoOe8a,unmodified,[],fiber,"[""fiber""]",in_vitro_cartilage,"[""in_vitro_cartilage""]",[],"[""MSC""]",3D_encapsulation,human,,0,1,1,0,1,0,2026-09-26T18:34:11Z,23959974,10.1088/0957-4484/24/36/365102,2013,Enhanced human bone marrow mesenchymal stem cell functions in novel 3D cartilage scaffolds with hydrogen treated multi-walled carbon nanotubes,Nanotechnology
AMBC_CanbKbgdXRdxTPjceXIczGwtAal,unmodified,[],bulk_hydrogel,"[""bulk_hydrogel""]",in_vitro_cartilage,"[""in_vitro_cartilage""]","[""collagen""]","[""MSC""]",3D_encapsulation,,,0,1,1,0,1,0,2026-09-26T18:34:11Z,23325551,10.1007/s00795-012-0005-9,2013,Comparative sequential morphological analyses during in vitro chondrogenesis and osteogenesis of mesenchymal stem cells embedded in collagen gels,Medical molecular morphology
AMBC_IPzprOuUoRx3pCzItv5lF4t8Yxx,unmodified,[],monolayer,"[""monolayer""]",in_vitro_cartilage,"[""in_vitro_cartilage""]","[""alginate"", ""collagen""]","[""articular_chondrocyte"", ""MSC""]",2D,human,,0,1,1,0,1,0,2026-09-26T18:34:11Z,23301843,10.1089/scd.2012.0605,2013,Mesenchymal stem cells downregulate articular chondrocyte differentiation in noncontact coculture systems: implications in cartilage tissue regeneration,Stem cells and development
AMBC_MiVd3KqG3C5A5YNh7bMAQQIfpJ9,rgd_conjugated,"[""rgd_conjugated""]",fiber,"[""fiber""]",in_vitro_cartilage,"[""in_vitro_cartilage""]","[""HA"", ""collagen""]","[""MSC""]",3D_encapsulation,human,,0,1,1,0,1,0,2026-09-26T18:34:11Z,23623322,10.1016/j.biomaterials.2013.04.004,2013,Fibrous hyaluronic acid hydrogels that direct MSC chondrogenesis through mechanical and adhesive cues,Biomaterials
AMBC_Qv7fgg4ArnSsg2rocB68fTaWhjs,sulfated,"[""sulfated""]",bulk_hydrogel,"[""bulk_hydrogel""]",in_vitro_cartilage,"[""in_vitro_cartilage""]","[""HA"", ""alginate"", ""collagen"", ""fibrin""]","[""MSC""]",3D_encapsulation,rabbit,TGF_b3,0,1,1,0,1,0,2026-09-26T18:34:11Z,23495957,10.1111/aor.12041,2013,Mechanical stimulation by ultrasound enhances chondrogenic differentiation of mesenchymal stem cells in a fibrin-hyaluronic acid hydrogel,Artificial organs
AMBC_N3UH5DhNhFsJsnwCCbryDG7qba2,unmodified,[],bulk_hydrogel,"[""bulk_hydrogel""]",in_vitro_cartilage,"[""in_vitro_cartilage""]","[""collagen""]","[""articular_chondrocyte"", ""MSC""]",3D_encapsulation,,,0,1,1,0,1,0,2026-09-26T18:34:08Z,23489925,10.1016/j.biomaterials.2013.02.064,2013,The effect of hypoxia on the chondrogenic differentiation of co-cultured articular chondrocytes and mesenchymal stem cells in scaffolds,Biomaterials
AMBC_AzZlC2ZPH4jWqdlgDjMYyLiZLOm,unmodified,[],bulk_hydrogel,"[""bulk_hydrogel""]",in_vitro_cartilage,"[""in_vitro_cartilage""]",[],"[""articular_chondrocyte"", ""MSC""]",3D_encapsulation,human,,0,1,1,0,1,0,2026-09-26T18:34:08Z,24312400,10.1371/journal.pone.0082035,2013,The changing integrin expression and a role for integrin β8 in the chondrogenic differentiation of mesenchymal stem cells,PloS one
AMBC_Cz0JbP4D1eF07OTik0QU00wNN20,unmodified,[],monolayer,"[""monolayer""]",in_vitro_cartilage,"[""in_vitro_cartilage""]","[""alginate""]",[],3D_bioprint,,,0,1,1,0,1,0,2026-09-26T18:34:08Z,23458889,10.1088/1758-5082/5/2/025004,2013,Characterization of printable cellular micro-fluidic channels for tissue engineering,Biofabrication
AMBC_TCw7PYSKBCd8EXZm0W7fiZ70VAb,unmodified,[],bulk_hydrogel,"[""bulk_hydrogel""]",in_vitro_cartilage,"[""in_vitro_cartilage""]","[""alginate"", ""collagen"", ""chitosan""]","[""articular_chondrocyte""]",3D_encapsulation,human,,0,1,1,0,1,0,2026-09-26T18:34:08Z,23378198,10.1002/nbm.2916,2013,Application of sodium triple-quantum coherence NMR spectroscopy for the study of growth dynamics in cartilage tissue engineering,NMR in biomedicine
AMBC_IjSOdRvfNrkcq6LfCRDL78txI8y,unmodified,[],bulk_hydrogel,"[""bulk_hydrogel""]",in_vitro_cartilage,"[""in_vitro_cartilage""]","[""collagen""]","[""articular_chondrocyte""]",3D_encapsulation,,,0,1,1,0,1,0,2026-09-26T18:34:08Z,23203946,10.1002/jor.22275,2013,Transient hypoxia improves matrix properties in tissue engineered cartilage,Journal of orthopaedic research : official publication of the Orthopaedic Research Society
AMBC_YQPP9aiW7NzCHFYfHjwV6oH9BUM,unmodified,[],bulk_hydrogel,"[""bulk_hydrogel""]",in_vitro_cartilage,"[""in_vitro_cartilage""]","[""collagen""]","[""articular_chondrocyte"", ""MSC""]",3D_encapsulation,human,,0,1,1,0,1,0,2026-09-26T18:34:08Z,24503710,10.1159/000357669,2013,Different ratios of bone marrow mesenchymal stem cells and chondrocytes used in tissue-engineered cartilage and its application for human ear-shaped substitutes in vitro,"Cells, tissues, organs"
AMBC_XAe05OzrjVJLcClBTiJ0MSXIfau,unmodified,[],bulk_hydrogel,"[""bulk_hydrogel""]",in_vitro_cartilage,"[""in_vitro_cartilage""]","[""collagen"", ""gelatin""]","[""articular_chondrocyte""]",3D_encapsulation,human,,0,1,1,0,1,0,2026-09-26T18:34:08Z,23377957,10.1002/jbm.a.34538,2013,Phenotypic redifferentiation and cell cluster formation of cultured human articular chondrocytes in a three-dimensional oriented gelatin scaffold in the presence of PGE2--first results of a pilot study,Journal of biomedical materials research. Part A
AMBC_1R9A1C2lIXrEtT37rLAtc2bgZRk,unmodified,[],bulk_hydrogel,"[""bulk_hydrogel""]",in_vitro_cartilage,"[""in_vitro_cartilage""]",[],"[""articular_chondrocyte""]",3D_encapsulation,rabbit,,0,1,1,0,1,0,2026-09-26T18:34:08Z,24380082,10.1155/2013/412745,2013,The study on biocompatibility of porous nHA/PLGA composite scaffolds for tissue engineering with rabbit chondrocytes in vitro,BioMed research international
AMBC_TqEJnkBzSI8tvFING8MgAZWGdbB,unmodified,[],bilayer,"[""bilayer""]",in_vitro_cartilage,"[""in_vitro_cartilage""]","[""PEG""]",[],3D_encapsulation,,,0,1,1,0,1,0,2026-09-26T18:34:08Z,23053300,10.1007/s10439-012-0666-5,2013,Fabrication and mechanical evaluation of anatomically-inspired quasilaminate hydrogel structures with layer-specific formulations,Annals of biomedical engineering
AMBC_IUfzdD5lCIQ6evjjwQNKH1Nxx06,methacrylated,"[""methacrylated""]",bulk_hydrogel,"[""bulk_hydrogel""]",in_vitro_cartilage,"[""in_vitro_cartilage""]","[""GelMA"", ""HA"", ""collagen"", ""gelatin""]",[],3D_encapsulation,,,0,1,1,0,1,0,2026-09-26T18:34:08Z,23419055,10.1021/bm3019856,2013,Synthesis and characterization of hybrid hyaluronic acid-gelatin hydrogels,Biomacromolecules
AMBC_ORfBUfH4M0D8N754AL7IntgmeNO,unmodified,[],ipn,"[""ipn""]",in_vitro_cartilage,"[""in_vitro_cartilage""]","[""alginate""]",[],3D_encapsulation,,,0,1,1,0,1,0,2026-09-26T18:34:08Z,24578679,10.1002/adfm.201300483,2013,Composite three-dimensional woven scaffolds with interpenetrating network hydrogels to create functional synthetic articular cartilage,Advanced functional materials
AMBC_3O3mGLHOE8DDLceHoXmvbTgJDsW,sulfated,"[""sulfated""]",bulk_hydrogel,"[""bulk_hydrogel""]",in_vitro_cartilage,"[""in_vitro_cartilage""]","[""HA"", ""collagen""]","[""adipose_MSC""]",3D_encapsulation,human,,0,1,1,0,1,0,2026-09-26T18:34:08Z,24308001,10.1155/2013/598056,2013,Biocompatibility assessment of novel collagen-sericin scaffolds improved with hyaluronic Acid and chondroitin sulfate for cartilage regeneration,BioMed research international
AMBC_IcIq2CfGM3yhb5BGlSyLmgxocg4,unmodified,[],bulk_hydrogel,"[""bulk_hydrogel""]",in_vitro_cartilage,"[""in_vitro_cartilage""]",[],[],3D_encapsulation,,,0,1,1,0,1,0,2026-09-26T18:34:08Z,23858775,,2013,Research on tissue engineered cartilage for repairing of articular cartilage damage and defects,Sheng wu yi xue gong cheng xue za zhi = Journal of biomedical engineering = Shengwu yixue gongchengxue zazhi
AMBC_7m6ZgePoyr8HjQPu77IKJ2H8PEb,unmodified,[],bulk_hydrogel,"[""bulk_hydrogel""]",in_vitro_cartilage,"[""in_vitro_cartilage""]","[""collagen""]","[""articular_chondrocyte"", ""iPSC""]",3D_encapsulation,murine,,0,1,1,0,1,0,2026-09-26T18:34:07Z,24389404,10.2220/biomedres.34.281,2013,Bone and cartilage repair by transplantation of induced pluripotent stem cells in murine joint defect model,"Biomedical research (Tokyo, Japan)"
AMBC_JhoHzaVJ4GsxBrp3sTk10N6UxWU,unmodified,[],bulk_hydrogel,"[""bulk_hydrogel""]",in_vitro_cartilage,"[""in_vitro_cartilage""]",[],[],3D_encapsulation,,,0,1,1,0,1,0,2026-09-26T18:34:07Z,24072660,10.1007/s11538-013-9897-3,2013,A phase-field model for articular cartilage regeneration in degradable scaffolds,Bulletin of mathematical biology
AMBC_ZwYYd1dqjW9WgZR3zMKAJYkge9d,unmodified,[],fiber,"[""fiber""]",in_vitro_cartilage,"[""in_vitro_cartilage""]",[],[],3D_encapsulation,,,0,1,1,0,1,0,2026-09-26T18:34:07Z,23592035,10.1007/7651_2013_9,2013,Chondrogenic differentiation of menstrual blood-derived stem cells on nanofibrous scaffolds,"Methods in molecular biology (Clifton, N.J.)"
AMBC_FNPLwCLryMT2S5xjFqqLrHpq2py,unmodified,[],bulk_hydrogel,"[""bulk_hydrogel""]",in_vitro_cartilage,"[""in_vitro_cartilage""]",[],[],3D_encapsulation,,,0,1,1,0,1,0,2026-09-26T18:34:07Z,23627827,10.2217/rme.13.28,2013,"Bioengineering of articular cartilage: past, present and future",Regenerative medicine
AMBC_IrRfcfwBAd7vCbW5v41R5vwfyXX,unmodified,[],bulk_hydrogel,"[""bulk_hydrogel""]",in_vitro_cartilage,"[""in_vitro_cartilage""]","[""collagen""]","[""MSC""]",3D_encapsulation,,,0,1,1,0,1,0,2026-09-26T18:34:07Z,23613745,10.1371/journal.pone.0060764,2013,Modulating gradients in regulatory signals within mesenchymal stem cell seeded hydrogels: a novel strategy to engineer zonal articular cartilage,PloS one
AMBC_O5ya6tj6Galdqw8TfNjhknQXJ6F,unmodified,[],bulk_hydrogel,"[""bulk_hydrogel""]",in_vitro_cartilage,"[""in_vitro_cartilage""]",[],"[""articular_chondrocyte""]",3D_encapsulation,,,0,1,1,0,1,0,2026-09-26T18:34:07Z,23193109,10.1002/adhm.201200333,2013,Gradient-regulated hydrogel for interface tissue engineering: steering simultaneous osteo/chondrogenesis of stem cells on a chip,Advanced healthcare materials
AMBC_GVxG1vrf8leALBfYimRCYqWwL9s,unmodified,[],bulk_hydrogel,"[""bulk_hydrogel""]",in_vitro_cartilage,"[""in_vitro_cartilage""]",[],"[""articular_chondrocyte"", ""adipose_MSC"", ""ATDC5""]",3D_encapsulation,human,,0,1,1,0,1,0,2026-09-26T18:34:07Z,23586793,10.1002/bab.1007,2013,Chondrogenic phenotype of different cells encapsulated in κ-carrageenan hydrogels for cartilage regeneration strategies,Biotechnology and applied biochemistry
AMBC_Ol8NemZYFsbEZ7PeFW32PWoUgea,unmodified,[],fiber,"[""fiber""]",in_vitro_cartilage,"[""in_vitro_cartilage""]","[""collagen"", ""chitosan""]","[""articular_chondrocyte""]",3D_encapsulation,,,0,1,1,0,1,0,2026-09-26T18:34:07Z,24094188,10.1016/j.msec.2013.07.043,2013,Enhanced mechanical properties of thermosensitive chitosan hydrogel by silk fibers for cartilage tissue engineering,"Materials science & engineering. C, Materials for biological applications"
AMBC_Yu60W07tXd2ePRvpGzmbNnNx2xe,unmodified,[],bulk_hydrogel,"[""bulk_hydrogel""]",in_vitro_cartilage,"[""in_vitro_cartilage""]","[""collagen""]","[""articular_chondrocyte""]",3D_encapsulation,,,0,1,1,0,1,0,2026-09-26T18:34:07Z,24039062,10.1002/jbm.a.34632,2013,Evaluation of a mPEG-polyester-based hydrogel as cell carrier for chondrocytes,Journal of biomedical materials research. Part A
AMBC_Z4lwX3eppzj3lhUHHvJpLBzY5N4,unmodified,[],bulk_hydrogel,"[""bulk_hydrogel""]",in_vitro_cartilage,"[""in_vitro_cartilage""]","[""collagen"", ""PVA""]","[""articular_chondrocyte""]",3D_encapsulation,rabbit,,0,1,1,0,1,0,2026-09-26T18:34:07Z,23807316,10.1007/s10856-013-4995-1,2013,Biological evaluation of polyvinyl alcohol hydrogel crosslinked by polyurethane chain for cartilage tissue engineering in rabbit model,Journal of materials science. Materials in medicine
AMBC_Tieo26iMwDvQuU6cMBDtLYCKucQ,sulfated,"[""sulfated"", ""click""]",ipn,"[""ipn""]",in_vitro_cartilage,"[""in_vitro_cartilage""]","[""HA"", ""gelatin""]",[],3D_encapsulation,,,0,1,1,0,1,0,2026-09-26T18:34:07Z,23769536,10.1016/j.carbpol.2013.04.046,2013,An interpenetrating HA/G/CS biomimic hydrogel via Diels-Alder click chemistry for cartilage tissue engineering,Carbohydrate polymers
AMBC_2Le7j3QXkSNo9h29IvYfg9bTjkf,methacrylated,"[""methacrylated""]",bulk_hydrogel,"[""bulk_hydrogel""]",in_vitro_cartilage,"[""in_vitro_cartilage""]","[""HA""]",[],3D_encapsulation,,,0,1,1,0,1,0,2026-09-26T18:34:07Z,32261020,10.1039/c3tb20600a,2013,A tough double network hydrogel for cartilage tissue engineering,Journal of materials chemistry. B
AMBC_E1Ze0pQrFSjdMiJj2F8BXKnKl3e,unmodified,[],bulk_hydrogel,"[""bulk_hydrogel""]",in_vitro_cartilage,"[""in_vitro_cartilage""]","[""HA"", ""collagen"", ""chitosan""]","[""articular_chondrocyte""]",3D_encapsulation,,,0,1,1,0,1,0,2026-09-26T18:34:07Z,25427458,10.1016/j.msec.2012.09.015,2013,Engineering cartilage tissue interfaces using a natural glycosaminoglycan hydrogel matrix--an in vitro study,"Materials science & engineering. C, Materials for biological applications"
AMBC_SaSr6A5llNEU8aFx5Kbv7QT4CuE,unmodified,[],bulk_hydrogel,"[""bulk_hydrogel""]",in_vitro_cartilage,"[""in_vitro_cartilage""]","[""collagen""]","[""articular_chondrocyte""]",3D_encapsulation,,,0,1,1,0,1,0,2026-09-26T18:34:03Z,26273511,10.4248/BR201304004,2013,Mice Deficient in NF-κB p50 and p52 or RANK Have Defective Growth Plate Formation and Post-natal Dwarfism,Bone research
AMBC_ASEIPueWACqVPVdaZ8BfIo1scEq,unmodified,[],bulk_hydrogel,"[""bulk_hydrogel""]",in_vitro_cartilage,"[""in_vitro_cartilage""]","[""collagen""]","[""articular_chondrocyte""]",3D_encapsulation,,,0,1,1,0,1,0,2026-09-26T18:34:03Z,23954701,10.1016/j.joca.2013.08.010,2013,Interleukin 6 mediates selected effects of Notch in chondrocytes,Osteoarthritis and cartilage
AMBC_36QzqF8yYgykvhk0O7K0wGLGUzZ,unmodified,[],bulk_hydrogel,"[""bulk_hydrogel""]",in_vitro_cartilage,"[""in_vitro_cartilage""]","[""collagen""]","[""articular_chondrocyte""]",3D_encapsulation,murine,,0,1,1,0,1,0,2026-09-26T18:34:03Z,23333501,10.1016/j.yexcr.2012.12.028,2013,IFT80 is essential for chondrocyte differentiation by regulating Hedgehog and Wnt signaling pathways,Experimental cell research
AMBC_1hlA7J4eNQmlS0cySTAzrhi7uAA,unmodified,[],monolayer,"[""monolayer""]",in_vitro_cartilage,"[""in_vitro_cartilage""]","[""collagen""]","[""articular_chondrocyte""]",2D,,,0,1,1,0,1,0,2026-09-26T18:34:03Z,23480786,10.1111/jcmm.12034,2013,P38 mitogen-activated protein kinase promotes dedifferentiation of primary articular chondrocytes in monolayer culture,Journal of cellular and molecular medicine
AMBC_JTlXcBn7V7XyMnNHoKiWQqQBenG,unmodified,[],bulk_hydrogel,"[""bulk_hydrogel""]",in_vitro_cartilage,"[""in_vitro_cartilage""]","[""collagen""]","[""articular_chondrocyte""]",3D_encapsulation,rabbit,,0,1,1,0,1,0,2026-09-26T18:34:03Z,23547659,10.1186/1746-6148-9-62,2013,"Chondrocyte density, proteoglycan content and gene expressions from native cartilage are species specific and not dependent on cartilage thickness: a comparative analysis between rat, rabbit and goat",BMC veterinary research
AMBC_5EBD2ER5WAWrasWCDrmPs8FiTSB,unmodified,[],bulk_hydrogel,"[""bulk_hydrogel""]",in_vitro_cartilage,"[""in_vitro_cartilage""]","[""collagen""]","[""articular_chondrocyte""]",3D_encapsulation,human,,0,1,1,0,1,0,2026-09-26T18:34:02Z,24187106,10.3899/jrheum.130708,2013,The effects of monosodium urate monohydrate crystals on chondrocyte viability and function: implications for development of cartilage damage in gout,The Journal of rheumatology
AMBC_JgHat8EWPKaw8I0BixJpDn419mi,unmodified,[],monolayer,"[""monolayer""]",in_vitro_cartilage,"[""in_vitro_cartilage""]","[""collagen""]","[""articular_chondrocyte""]",2D,,,0,1,1,0,1,0,2026-09-26T18:34:02Z,23044188,10.3727/096368912X657648,2013,"Chondrogenically tuned expansion enhances the cartilaginous matrix-forming capabilities of primary, adult, leporine chondrocytes",Cell transplantation
AMBC_ODXr1guo62pvXzHb4kahwdcU6ov,rgd_conjugated,"[""rgd_conjugated""]",microsphere,"[""microsphere""]",in_vitro_cartilage,"[""in_vitro_cartilage""]","[""alginate""]","[""MSC""]",3D_encapsulation,human,,0,1,1,0,1,0,2026-09-26T18:34:02Z,23891740,10.1016/j.actbio.2013.07.023,2013,Dental mesenchymal stem cells encapsulated in an alginate hydrogel co-delivery microencapsulation system for cartilage regeneration,Acta biomaterialia
AMBC_FfQ9GCZyQy28JoDeGZCggyUrMRl,unmodified,[],bulk_hydrogel,"[""bulk_hydrogel""]",in_vitro_cartilage,"[""in_vitro_cartilage""]","[""collagen""]",[],3D_encapsulation,,,0,1,1,0,1,0,2026-09-26T18:34:02Z,23239161,10.1002/bit.24799,2013,Engineering superficial zone features in tissue engineered cartilage,Biotechnology and bioengineering
AMBC_TEb2EwlNmbsUBszOP91UYWrpHUR,unmodified,[],bulk_hydrogel,"[""bulk_hydrogel""]",in_vitro_cartilage,"[""in_vitro_cartilage""]","[""agarose""]","[""articular_chondrocyte""]",3D_encapsulation,bovine,,0,1,1,0,1,0,2026-09-26T18:34:02Z,24035014,10.1016/j.jbiomech.2013.07.043,2013,Applied osmotic loading for promoting development of engineered cartilage,Journal of biomechanics
AMBC_X4PP380yEXD3CkB6Tt9kxnlxPui,unmodified,[],bulk_hydrogel,"[""bulk_hydrogel""]",in_vitro_cartilage,"[""in_vitro_cartilage""]",[],"[""MSC""]",3D_encapsulation,human,,0,1,1,0,1,0,2026-09-26T18:34:02Z,24278427,10.1371/journal.pone.0081362,2013,Pressureless mechanical induction of stem cell differentiation is dose and frequency dependent,PloS one
AMBC_PhvvvOzjaETtF8Tsr24lamJxq82,unmodified,[],bulk_hydrogel,"[""bulk_hydrogel""]",in_vitro_cartilage,"[""in_vitro_cartilage""]","[""collagen""]","[""articular_chondrocyte""]",3D_encapsulation,bovine,,0,1,1,0,1,0,2026-09-26T18:34:02Z,23847171,10.1002/btpr.1780,2013,Effects of extracellular matrix proteins in chondrocyte-derived matrices on chondrocyte functions,Biotechnology progress
AMBC_I5Wdh6NtlQgWyh1OvZfCNRkxxfz,unmodified,[],bulk_hydrogel,"[""bulk_hydrogel""]",in_vitro_cartilage,"[""in_vitro_cartilage""]","[""collagen""]","[""articular_chondrocyte""]",3D_encapsulation,human,,0,1,1,0,1,0,2026-09-26T18:34:02Z,22714645,10.1007/s10561-012-9322-4,2013,Cartilage tissue engineering of nasal septal chondrocyte-macroaggregates in human demineralized bone matrix,Cell and tissue banking
AMBC_Bo0XAveW7houZpgYa1C9KXtQyvq,unmodified,[],bulk_hydrogel,"[""bulk_hydrogel""]",in_vitro_cartilage,"[""in_vitro_cartilage""]","[""alginate""]","[""adipose_MSC""]",3D_encapsulation,human,,0,1,1,0,1,0,2026-09-26T18:34:02Z,24578678,10.1002/adfm.201300529,2013,Regulation of Stem Cell Fate in a Three-Dimensional Micropatterned Dual-Crosslinked Hydrogel System,Advanced functional materials
AMBC_TlIAsuXysSFqwqw6jHW8ySp1Ntu,unmodified,[],bulk_hydrogel,"[""bulk_hydrogel""]",in_vitro_cartilage,"[""in_vitro_cartilage""]","[""HA"", ""collagen"", ""fibrin""]","[""articular_chondrocyte""]",3D_encapsulation,rabbit,,0,1,1,0,1,0,2026-09-26T18:34:02Z,23629940,10.1002/jbm.a.34661,2013,Characterization of chondrocyte scaffold carriers for cell-based gene therapy in articular cartilage repair,Journal of biomedical materials research. Part A
AMBC_YPJftizbAu8FqkXr6Kdmq13XS7j,unmodified,[],injectable,"[""injectable""]",in_vitro_cartilage,"[""in_vitro_cartilage""]","[""collagen""]","[""articular_chondrocyte"", ""adipose_MSC"", ""MSC""]",3D_encapsulation,murine,,0,1,1,0,1,0,2026-09-26T18:34:02Z,23714890,10.1097/SCS.0b013e3182902779,2013,Comparison of chondrocytes produced from adipose tissue-derived stem cells and cartilage tissue,The Journal of craniofacial surgery
AMBC_XN1YsHQTSVWmYYsvQFzPdTSJ6Em,unmodified,[],bulk_hydrogel,"[""bulk_hydrogel""]",in_vitro_cartilage,"[""in_vitro_cartilage""]","[""agarose""]","[""articular_chondrocyte""]",3D_encapsulation,,,0,1,1,0,1,0,2026-09-26T18:34:02Z,23791084,10.1016/j.jbiomech.2013.05.017,2013,Tissue-engineered articular cartilage exhibits tension-compression nonlinearity reminiscent of the native cartilage,Journal of biomechanics
AMBC_1KN2jkujbAhNGu3VoI3MqbtNh38,unmodified,[],bulk_hydrogel,"[""bulk_hydrogel""]",in_vitro_cartilage,"[""in_vitro_cartilage""]","[""HA"", ""collagen""]","[""MSC""]",3D_encapsulation,human,,0,1,1,0,1,0,2026-09-26T18:34:02Z,23084553,10.1016/j.biomaterials.2012.09.052,2013,The influence of hyaluronic acid hydrogel crosslinking density and macromolecular diffusivity on human MSC chondrogenesis and hypertrophy,Biomaterials
AMBC_6MS91v56s5cA6dfixdptQppKYNU,unmodified,[],monolayer,"[""monolayer""]",in_vitro_cartilage,"[""in_vitro_cartilage""]","[""collagen""]","[""articular_chondrocyte""]",2D,,,0,1,1,0,1,0,2026-09-26T18:34:02Z,23323769,10.3109/03008207.2012.762360,2013,Response of sheep chondrocytes to changes in substrate stiffness from 2 to 20 Pa: effect of cell passaging,Connective tissue research
AMBC_Z6hzt3FtUERBVJ6JOlny2JeuTNw,enzymatic,"[""enzymatic""]",monolayer,"[""monolayer""]",in_vitro_cartilage,"[""in_vitro_cartilage""]","[""fibrin""]","[""articular_chondrocyte""]",2D,,,0,1,1,0,1,0,2026-09-26T18:34:02Z,22212703,10.1007/s10561-011-9290-0,2013,PRP-fibrinogen gel-like chondrocyte carrier stabilized by TXA-preliminary study,Cell and tissue banking
AMBC_REoCyaEUcCreEYbrPgqIMtG76Gs,sulfated,"[""sulfated""]",bulk_hydrogel,"[""bulk_hydrogel""]",in_vitro_cartilage,"[""in_vitro_cartilage""]","[""PEG""]","[""MSC""]",3D_encapsulation,human,,0,1,1,0,1,0,2026-09-26T18:34:02Z,23303605,10.1126/scitranslmed.3004838,2013,Human cartilage repair with a photoreactive adhesive-hydrogel composite,Science translational medicine
AMBC_XXffGWIWnuvOnOeUBhafdc1aIzd,norbornene,"[""norbornene"", ""sulfated"", ""thiolated""]",bulk_hydrogel,"[""bulk_hydrogel""]",in_vitro_cartilage,"[""in_vitro_cartilage""]","[""collagen""]","[""articular_chondrocyte""]",3D_encapsulation,bovine,,0,1,1,0,1,0,2026-09-26T18:34:02Z,24060418,10.1016/j.biomaterials.2013.09.020,2013,Comparison of photopolymerizable thiol-ene PEG and acrylate-based PEG hydrogels for cartilage development,Biomaterials
AMBC_33xDI0AsMu9MpSvPskpUTydIAlS,unmodified,[],bulk_hydrogel,"[""bulk_hydrogel""]",in_vitro_cartilage,"[""in_vitro_cartilage""]","[""collagen"", ""agarose""]","[""articular_chondrocyte""]",3D_encapsulation,murine,,0,1,1,0,1,0,2026-09-26T18:34:02Z,23311625,10.1089/ten.TEC.2012.0396,2013,Control of collagen production in mouse chondrocytes by using a combination of bone morphogenetic protein-2 and small interfering RNA targeting Col1a1 for hydrogel-based tissue-engineered cartilage,"Tissue engineering. Part C, Methods"
AMBC_2doV92G0RrIy4IHb5l2qgNvBuIl,unmodified,[],bulk_hydrogel,"[""bulk_hydrogel""]",in_vitro_cartilage,"[""in_vitro_cartilage""]","[""collagen""]","[""articular_chondrocyte"", ""MSC""]",3D_encapsulation,human,,0,1,1,0,1,0,2026-09-26T18:34:02Z,23337703,10.1016/j.injury.2012.09.024,2013,Chondrogenic differentiation of umbilical cord-derived mesenchymal stem cells in type I collagen-hydrogel for cartilage engineering,Injury
AMBC_MLpwujwd9QvN4uJPTcZWv1IjdHx,methacrylated,"[""methacrylated""]",bulk_hydrogel,"[""bulk_hydrogel""]",in_vitro_cartilage,"[""in_vitro_cartilage""]","[""GelMA"", ""HA"", ""gelatin""]","[""articular_chondrocyte""]",3D_encapsulation,,,0,1,1,0,1,0,2026-09-26T18:34:02Z,23420700,10.1002/mabi.201200471,2013,Gelatin-methacrylamide hydrogels as potential biomaterials for fabrication of tissue-engineered cartilage constructs,Macromolecular bioscience
AMBC_V6Mhow8k9cWmHRxcxghCHVBBUMi,methacrylated,"[""methacrylated""]",injectable,"[""injectable""]",in_vitro_cartilage,"[""in_vitro_cartilage""]","[""HA"", ""chitosan""]","[""articular_chondrocyte""]",3D_encapsulation,,,0,1,1,0,1,0,2026-09-26T18:34:02Z,22935326,10.1016/j.actbio.2012.08.033,2013,Injectable chitosan hyaluronic acid hydrogels for cartilage tissue engineering,Acta biomaterialia
AMBC_I3Nx43RJ7cr9yC4AYxwZ96NVd10,unmodified,[],bulk_hydrogel,"[""bulk_hydrogel""]",in_vitro_cartilage,"[""in_vitro_cartilage""]","[""collagen""]","[""articular_chondrocyte""]",3D_encapsulation,,,0,1,1,0,1,0,2026-09-26T18:34:02Z,23276516,10.1016/j.jmbbm.2012.10.016,2013,On the role of hydrogel structure and degradation in controlling the transport of cell-secreted matrix molecules for engineered cartilage,Journal of the mechanical behavior of biomedical materials
AMBC_LhQJJzOgfePbzgCZNEJAoCtAZ2J,unmodified,[],microsphere,"[""microsphere""]",in_vitro_cartilage,"[""in_vitro_cartilage""]","[""alginate"", ""gelatin""]","[""articular_chondrocyte""]",3D_encapsulation,,,0,1,1,0,1,0,2026-09-26T18:34:02Z,23142479,10.1016/j.actbio.2012.10.047,2013,A temperature-cured dissolvable gelatin microsphere-based cell carrier for chondrocyte delivery in a hydrogel scaffolding system,Acta biomaterialia
AMBC_BAqpk4P4IkBVd5BqTN4trB1Txj5,unmodified,[],bulk_hydrogel,"[""bulk_hydrogel""]",auricular,"[""auricular"", ""tracheal"", ""in_vivo_repair"", ""in_vitro_cartilage""]","[""collagen""]","[""articular_chondrocyte"", ""MSC""]",3D_encapsulation,porcine,,0,1,1,0,1,0,2026-09-26T18:34:11Z,24157487,10.1159/000354897,2013,Isolation and chondrogenic differentiation of porcine perichondrial progenitor cells for the purpose of cartilage tissue engineering,"Cells, tissues, organs"
AMBC_Tv8n1Y56OgfkCGEHD9BAUeCdyT8,unmodified,[],bulk_hydrogel,"[""bulk_hydrogel""]",auricular,"[""auricular"", ""in_vitro_cartilage""]","[""collagen""]","[""articular_chondrocyte"", ""auricular_chondrocyte""]",3D_encapsulation,bovine,,0,1,1,0,1,0,2026-09-26T18:34:08Z,23437148,10.1371/journal.pone.0056506,2013,High-fidelity tissue engineering of patient-specific auricles for reconstruction of pediatric microtia and other auricular deformities,PloS one
AMBC_UP4O2zsySsj9zRReWsLIwzcNzXd,unmodified,[],fiber,"[""fiber""]",auricular,"[""auricular"", ""in_vitro_cartilage""]","[""collagen""]",[],3D_encapsulation,rabbit,,0,1,1,0,1,0,2026-09-26T18:34:08Z,23862413,10.1166/jnn.2013.7436,2013,Electrospun collagen/poly(L-lactic acid-co-epsilon-caprolactone) hybrid nanofibrous membranes combining with sandwich construction model for cartilage tissue engineering,Journal of nanoscience and nanotechnology
AMBC_TkIsJnaiG5dwqKYpFLib6qINPfm,unmodified,[],bulk_hydrogel,"[""bulk_hydrogel""]",osteochondral,"[""osteochondral"", ""in_vitro_cartilage""]",[],"[""articular_chondrocyte"", ""MSC""]",3D_encapsulation,,,0,1,1,0,1,0,2026-09-26T18:34:11Z,22023635,10.2174/157488812799219009,2012,"Current clinical therapies for cartilage repair, their limitation and the role of stem cells",Current stem cell research & therapy
AMBC_QAqXl4qUSjUAHyY9yFGHeqCtuEU,unmodified,[],monolayer,"[""monolayer""]",osteochondral,"[""osteochondral"", ""in_vivo_repair"", ""in_vitro_cartilage""]",[],"[""MSC""]",2D,human,,0,1,1,0,1,0,2026-09-26T18:34:11Z,22676383,10.1186/ar3869,2012,Properties and usefulness of aggregates of synovial mesenchymal stem cells as a source for cartilage regeneration,Arthritis research & therapy
AMBC_T1RYb79VEH2EWbqwgpl070ZNXs2,unmodified,[],microsphere,"[""microsphere""]",osteochondral,"[""osteochondral"", ""in_vivo_repair"", ""in_vitro_cartilage""]",[],[],3D_encapsulation,rabbit,,0,1,1,0,1,0,2026-09-26T18:34:08Z,22009693,10.1002/jbm.a.33225,2012,Osteochondral interface regeneration of the rabbit knee with macroscopic gradients of bioactive signals,Journal of biomedical materials research. Part A
AMBC_7SLxI9x3FM1zEjoRB4vmtgzta06,unmodified,[],bulk_hydrogel,"[""bulk_hydrogel""]",osteochondral,"[""osteochondral"", ""in_vitro_cartilage""]","[""collagen""]","[""articular_chondrocyte""]",3D_encapsulation,rabbit,,0,1,1,0,1,0,2026-09-26T18:34:08Z,22917745,10.1016/j.joca.2012.08.009,2012,Icariin: a potential promoting compound for cartilage tissue engineering,Osteoarthritis and cartilage
AMBC_LKFzMRFFdcVxQR4vxfolUYOfLXx,unmodified,[],bulk_hydrogel,"[""bulk_hydrogel""]",osteochondral,"[""osteochondral"", ""in_vitro_cartilage""]",[],[],3D_encapsulation,,,0,1,1,0,1,0,2026-09-26T18:34:08Z,22480473,10.1016/j.ocl.2012.02.002,2012,Clinical relevance of scaffolds for cartilage engineering,The Orthopedic clinics of North America
AMBC_SsBqQGiitbmY71kESvu9PD9L5TH,unmodified,[],3d_printed,"[""3d_printed""]",osteochondral,"[""osteochondral"", ""in_vitro_cartilage""]","[""PEG""]","[""articular_chondrocyte""]",3D_bioprint,human,,0,1,1,0,1,0,2026-09-26T18:34:08Z,22394017,10.1089/ten.TEA.2011.0543,2012,Direct human cartilage repair using three-dimensional bioprinting technology,Tissue engineering. Part A
AMBC_7dDzxo1sfhUEluq2WaW0TPpjUu,unmodified,[],bulk_hydrogel,"[""bulk_hydrogel""]",osteochondral,"[""osteochondral"", ""in_vitro_cartilage""]","[""HA"", ""collagen""]","[""MSC""]",3D_encapsulation,murine,,0,1,1,0,1,0,2026-09-26T18:34:07Z,22724901,10.1089/ten.TEA.2011.0711,2012,Hyaluronic acid-binding scaffold for articular cartilage repair,Tissue engineering. Part A
AMBC_Nogar1926hnUIYG8AaQOqCndVtV,unmodified,[],bulk_hydrogel,"[""bulk_hydrogel""]",osteochondral,"[""osteochondral"", ""in_vivo_repair"", ""in_vitro_cartilage""]",[],"[""articular_chondrocyte"", ""MSC""]",3D_encapsulation,human,TGF_b3,0,1,1,0,1,0,2026-09-26T18:34:02Z,22519755,10.2217/rme.12.29,2012,A human embryonic stem cell-derived clonal progenitor cell line with chondrogenic potential and markers of craniofacial mesenchyme,Regenerative medicine
AMBC_OJQBe3EJSamZAG83tcyQHksKHkJ,unmodified,[],bulk_hydrogel,"[""bulk_hydrogel""]",osteochondral,"[""osteochondral"", ""in_vitro_cartilage""]","[""HA"", ""agarose""]","[""articular_chondrocyte""]",3D_encapsulation,,,0,1,1,0,1,0,2026-09-26T18:34:02Z,22531222,10.1016/j.biomaterials.2012.03.076,2012,A functional agarose-hydroxyapatite scaffold for osteochondral interface regeneration,Biomaterials
AMBC_WyHTickZBjCEzfMxjlLFn4LKadz,unmodified,[],bulk_hydrogel,"[""bulk_hydrogel""]",osteochondral,"[""osteochondral"", ""in_vivo_repair"", ""drug_delivery"", ""in_vitro_cartilage""]","[""collagen""]","[""articular_chondrocyte""]",3D_encapsulation,rabbit,,0,1,1,0,1,0,2026-09-26T18:34:02Z,22366523,10.1016/j.jconrel.2012.02.008,2012,Platelet-rich plasma loaded hydrogel scaffold enhances chondrogenic differentiation and maturation with up-regulation of CB1 and CB2,Journal of controlled release : official journal of the Controlled Release Society
AMBC_BLX8CIC6plcgV9i2KnM4VTaXkGK,unmodified,[],monolayer,"[""monolayer""]",in_vitro_cartilage,"[""in_vitro_cartilage""]","[""collagen""]","[""adipose_MSC""]",2D,,TGF_b3,0,1,1,0,1,0,2026-09-26T18:34:12Z,22712565,10.1089/ten.TEA.2012.0010,2012,Improved chondrogenesis and engineered cartilage formation from TGF-β3-expressing adipose-derived stem cells cultured in the rotating-shaft bioreactor,Tissue engineering. Part A
AMBC_R4Z2pfkbqeR5S4V48dLZrqQVk9o,unmodified,[],bulk_hydrogel,"[""bulk_hydrogel""]",in_vitro_cartilage,"[""in_vitro_cartilage""]","[""collagen"", ""fibrin""]","[""MSC""]",3D_encapsulation,porcine,,0,1,1,0,1,0,2026-09-26T18:34:11Z,21910000,10.1007/s00167-011-1657-z,2012,All-arthroscopic AMIC procedure for repair of cartilage defects of the knee,"Knee surgery, sports traumatology, arthroscopy : official journal of the ESSKA"
AMBC_LzzVifZ9z0lxuRFlEAYTQVhURYW,unmodified,[],bulk_hydrogel,"[""bulk_hydrogel""]",in_vitro_cartilage,"[""in_vitro_cartilage""]","[""collagen""]","[""articular_chondrocyte"", ""MSC""]",3D_encapsulation,human,,0,1,1,0,1,0,2026-09-26T18:34:11Z,22385573,10.1186/scrt100,2012,Hypoxia mediated isolation and expansion enhances the chondrogenic capacity of bone marrow mesenchymal stromal cells,Stem cell research & therapy
AMBC_FMHuoVXL7RLPqnp3E155al77NV1,unmodified,[],bulk_hydrogel,"[""bulk_hydrogel""]",in_vitro_cartilage,"[""in_vitro_cartilage""]","[""collagen""]","[""MSC"", ""iPSC""]",3D_encapsulation,human,,0,1,1,0,1,0,2026-09-26T18:34:11Z,22457746,10.1371/journal.pone.0033225,2012,One-step derivation of mesenchymal stem cell (MSC)-like cells from human pluripotent stem cells on a fibrillar collagen coating,PloS one
AMBC_DEg1EXBpSNm0jy6UxyUkIOtEhAb,unmodified,[],bulk_hydrogel,"[""bulk_hydrogel""]",in_vitro_cartilage,"[""in_vitro_cartilage""]","[""collagen""]","[""MSC""]",3D_encapsulation,human,,0,1,1,0,1,0,2026-09-26T18:34:11Z,21826655,10.1002/jcp.22976,2012,Diverse effects of type II collagen on osteogenic and adipogenic differentiation of mesenchymal stem cells,Journal of cellular physiology
AMBC_P255f6BfJXdi24ZLIV3EYm6aDRn,unmodified,[],bulk_hydrogel,"[""bulk_hydrogel""]",in_vitro_cartilage,"[""in_vitro_cartilage""]","[""collagen""]","[""adipose_MSC"", ""MSC""]",3D_encapsulation,human,,0,1,1,0,1,0,2026-09-26T18:34:11Z,22728881,10.1016/j.bbrc.2012.06.082,2012,Effects of FGF-2 on human adipose tissue derived adult stem cells morphology and chondrogenesis enhancement in Transwell culture,Biochemical and biophysical research communications
AMBC_DNNEzObfwaPWFr3nLZNJWBgzAVj,unmodified,[],bulk_hydrogel,"[""bulk_hydrogel""]",in_vitro_cartilage,"[""in_vitro_cartilage""]","[""collagen""]","[""articular_chondrocyte"", ""MSC""]",3D_encapsulation,human,,0,1,1,0,1,0,2026-09-26T18:34:11Z,23251354,10.1371/journal.pone.0049971,2012,MR imaging features of gadofluorine-labeled matrix-associated stem cell implants in cartilage defects,PloS one
AMBC_6ZXiDbRFIVL2Y7QEIFJItwHMYDl,unmodified,[],bulk_hydrogel,"[""bulk_hydrogel""]",in_vitro_cartilage,"[""in_vitro_cartilage""]","[""collagen""]","[""articular_chondrocyte"", ""MSC""]",3D_encapsulation,human,,0,1,1,0,1,0,2026-09-26T18:34:11Z,22025108,10.1002/jcp.22706,2012,Enhanced chondrocyte proliferation and mesenchymal stromal cells chondrogenesis in coculture pellets mediate improved cartilage formation,Journal of cellular physiology
AMBC_A9AL12Tg15bsBnmyhy8ZJmdI49y,unmodified,[],bulk_hydrogel,"[""bulk_hydrogel""]",in_vitro_cartilage,"[""in_vitro_cartilage""]","[""agarose""]","[""articular_chondrocyte"", ""MSC""]",3D_encapsulation,,,0,1,1,0,1,0,2026-09-26T18:34:11Z,23197696,10.5966/sctm.2012-0083,2012,Coculture-driven mesenchymal stem cell-differentiated articular chondrocyte-like cells support neocartilage development,Stem cells translational medicine
AMBC_4NObtPq9BwzAJTx0me2oOUR4ubt,unmodified,[],bulk_hydrogel,"[""bulk_hydrogel""]",in_vitro_cartilage,"[""in_vitro_cartilage""]","[""HA"", ""collagen""]","[""MSC""]",3D_encapsulation,murine,,0,1,1,0,1,0,2026-09-26T18:34:11Z,22658153,10.1016/j.jmbbm.2011.11.012,2012,Addition of hyaluronic acid improves cellular infiltration and promotes early-stage chondrogenesis in a collagen-based scaffold for cartilage tissue engineering,Journal of the mechanical behavior of biomedical materials
AMBC_UH5TohEZIbNuFOBEdzxjBTvxGkm,unmodified,[],bulk_hydrogel,"[""bulk_hydrogel""]",in_vitro_cartilage,"[""in_vitro_cartilage""]","[""collagen""]","[""MSC""]",3D_encapsulation,human,,0,1,1,0,1,0,2026-09-26T18:34:11Z,22809223,10.3109/14653249.2012.700704,2012,"The effects of chemokine, adhesion and extracellular matrix molecules on binding of mesenchymal stromal cells to poly(l-lactic acid)",Cytotherapy
AMBC_GXZk9SIjoUx06YeA4KYbV6AvSjd,unmodified,[],bulk_hydrogel,"[""bulk_hydrogel""]",in_vitro_cartilage,"[""in_vitro_cartilage""]","[""collagen""]","[""MSC""]",3D_encapsulation,human,,0,1,1,0,1,0,2026-09-26T18:34:11Z,22229819,10.1089/scd.2011.0670,2012,Proliferation as a requirement for in vitro chondrogenesis of human mesenchymal stem cells,Stem cells and development
AMBC_OWnwLuxDaecDFX29Va6m7JM21ks,unmodified,[],bulk_hydrogel,"[""bulk_hydrogel""]",in_vitro_cartilage,"[""in_vitro_cartilage""]","[""collagen""]","[""MSC"", ""iPSC""]",3D_encapsulation,human,,0,1,1,0,1,0,2026-09-26T18:34:11Z,23161332,10.1007/s13238-012-2107-5,2012,Compound screening platform using human induced pluripotent stem cells to identify small molecules that promote chondrogenesis,Protein & cell
AMBC_YIebGTrUCbYwngxeWl3wTxd6KfP,enzymatic,"[""enzymatic""]",bulk_hydrogel,"[""bulk_hydrogel""]",in_vitro_cartilage,"[""in_vitro_cartilage""]","[""collagen""]","[""MSC""]",3D_encapsulation,human,,0,1,1,0,1,0,2026-09-26T18:34:11Z,21830118,10.1007/s00726-011-1019-7,2012,Tissue transglutaminase regulates chondrogenesis in mesenchymal stem cells on collagen type XI matrices,Amino acids
AMBC_YEEPNVv1VZEWw5IbKTtrfrdbd1i,unmodified,[],bulk_hydrogel,"[""bulk_hydrogel""]",in_vitro_cartilage,"[""in_vitro_cartilage""]","[""collagen""]","[""adipose_MSC""]",3D_encapsulation,,,0,1,1,0,1,0,2026-09-26T18:34:11Z,21916017,10.1002/term.464,2012,Hyperosmolarity and hypoxia induce chondrogenesis of adipose-derived stem cells in a collagen type 2 hydrogel,Journal of tissue engineering and regenerative medicine
AMBC_ChhcTa3q787NEZvoInGUsSNzAKg,unmodified,[],bulk_hydrogel,"[""bulk_hydrogel""]",in_vitro_cartilage,"[""in_vitro_cartilage""]","[""collagen"", ""chitosan"", ""silk_fibrin""]","[""MSC""]",3D_encapsulation,murine,,0,1,1,0,1,0,2026-09-26T18:34:11Z,22261099,10.1016/j.biomaterials.2011.12.028,2012,Chondrogenic differentiation of rat MSCs on porous scaffolds of silk fibroin/chitosan blends,Biomaterials
AMBC_PZgGD3zt9wfjenkbUHptebHSdbb,sulfated,"[""sulfated""]",bulk_hydrogel,"[""bulk_hydrogel""]",in_vitro_cartilage,"[""in_vitro_cartilage""]","[""fibrin"", ""agarose""]","[""MSC""]",3D_encapsulation,,TGF_b3,0,1,1,0,1,0,2026-09-26T18:34:11Z,22426136,10.1016/j.actbio.2012.03.016,2012,Cell-matrix interactions regulate mesenchymal stem cell response to hydrostatic pressure,Acta biomaterialia
AMBC_7eRn6WcDzmEJ3AP87UVaM1M2lcN,thiolated,"[""thiolated""]",bulk_hydrogel,"[""bulk_hydrogel""]",in_vitro_cartilage,"[""in_vitro_cartilage""]","[""collagen""]","[""MSC""]",3D_encapsulation,human,,0,1,1,0,1,0,2026-09-26T18:34:11Z,23019539,10.1007/s13346-012-0090-2,2012,Covalently tethered transforming growth factor beta in PEG hydrogels promotes chondrogenic differentiation of encapsulated human mesenchymal stem cells,Drug delivery and translational research
AMBC_3epViSse3enEoGIPxK7QfYSjjs1,unmodified,[],bulk_hydrogel,"[""bulk_hydrogel""]",in_vitro_cartilage,"[""in_vitro_cartilage""]","[""collagen"", ""fibrin""]","[""MSC""]",3D_encapsulation,human,,0,1,1,0,1,0,2026-09-26T18:34:11Z,22480213,10.1089/ten.TEA.2011.0426,2012,Interplay between local versus soluble transforming growth factor-beta and fibrin scaffolds: role of cells and impact on human mesenchymal stem cell chondrogenesis,Tissue engineering. Part A
AMBC_MUSpKzJs3rqQ7izihRZQNXiQHq4,unmodified,[],bulk_hydrogel,"[""bulk_hydrogel""]",in_vitro_cartilage,"[""in_vitro_cartilage""]","[""HA"", ""collagen""]","[""MSC""]",3D_encapsulation,human,,0,1,1,0,1,0,2026-09-26T18:34:11Z,21988555,10.1089/ten.TEA.2011.0455,2012,Dynamic compressive loading enhances cartilage matrix synthesis and distribution and suppresses hypertrophy in hMSC-laden hyaluronic acid hydrogels,Tissue engineering. Part A
AMBC_GFtt6qEtYtzEgs7ty33oTUlR0a6,sulfated,"[""sulfated""]",bulk_hydrogel,"[""bulk_hydrogel""]",in_vitro_cartilage,"[""in_vitro_cartilage""]","[""alginate"", ""collagen""]","[""MSC""]",3D_encapsulation,human,,0,1,1,0,1,0,2026-09-26T18:34:11Z,22095699,10.1002/jcb.23455,2012,Cartilage oligomeric matrix protein enhances matrix assembly during chondrogenesis of human mesenchymal stem cells,Journal of cellular biochemistry
AMBC_UPriVS4D0Deum71vhFW9Pqusn24,methacrylated,"[""methacrylated"", ""sulfated""]",bulk_hydrogel,"[""bulk_hydrogel""]",in_vitro_cartilage,"[""in_vitro_cartilage""]","[""collagen""]","[""MSC""]",3D_encapsulation,human,,0,1,1,0,1,0,2026-09-26T18:34:11Z,22511184,10.1002/bit.24519,2012,Chondroitin sulfate and dynamic loading alter chondrogenesis of human MSCs in PEG hydrogels,Biotechnology and bioengineering
AMBC_QspdgMyRH6VlTmYd1gK7pyZ2YbX,unmodified,[],microsphere,"[""microsphere""]",in_vitro_cartilage,"[""in_vitro_cartilage""]","[""collagen"", ""gelatin""]","[""MSC""]",3D_encapsulation,human,,0,1,1,0,1,0,2026-09-26T18:34:08Z,23197869,10.5966/sctm.2012-0039,2012,Spatiotemporal regulation of chondrogenic differentiation with controlled delivery of transforming growth factor-β1 from gelatin microspheres in mesenchymal stem cell aggregates,Stem cells translational medicine
AMBC_M5NsAtAbL38s2K3bnlebZKxQ5Vl,unmodified,[],bulk_hydrogel,"[""bulk_hydrogel""]",in_vitro_cartilage,"[""in_vitro_cartilage""]","[""collagen""]","[""articular_chondrocyte"", ""MSC""]",3D_encapsulation,bovine,,0,1,1,0,1,0,2026-09-26T18:34:08Z,22695067,10.1016/j.biomaterials.2012.05.042,2012,Enhanced chondrogenesis in co-cultures with articular chondrocytes and mesenchymal stem cells,Biomaterials
AMBC_QofUhNrZG7zgCWXBRSSheGSISin,unmodified,[],bulk_hydrogel,"[""bulk_hydrogel""]",in_vitro_cartilage,"[""in_vitro_cartilage""]",[],[],3D_encapsulation,human,,0,1,1,0,1,0,2026-09-26T18:34:08Z,22253633,10.1155/2012/438125,2012,Ligament tissue engineering and its potential role in anterior cruciate ligament reconstruction,Stem cells international
AMBC_1Fu2jlHcVgv9VaV2tFXKAuAdldA,unmodified,[],bulk_hydrogel,"[""bulk_hydrogel""]",in_vitro_cartilage,"[""in_vitro_cartilage""]","[""collagen""]",[],3D_encapsulation,,,0,1,1,0,1,0,2026-09-26T18:34:08Z,22707357,10.1002/jor.22171,2012,Trimethylamine N-oxide as a media supplement for cartilage tissue engineering,Journal of orthopaedic research : official publication of the Orthopaedic Research Society
AMBC_ZzAgLVS9QbM7XFgX32vFTOZNNOg,unmodified,[],bulk_hydrogel,"[""bulk_hydrogel""]",in_vitro_cartilage,"[""in_vitro_cartilage""]",[],[],3D_encapsulation,human,,0,1,1,0,1,0,2026-09-26T18:34:08Z,23161992,10.1126/science.1222454,2012,"Unlike bone, cartilage regeneration remains elusive","Science (New York, N.Y.)"
AMBC_j8tSAU02WeWMGck52yiUA6mK11,unmodified,[],bulk_hydrogel,"[""bulk_hydrogel""]",in_vitro_cartilage,"[""in_vitro_cartilage""]","[""HA"", ""collagen""]",[],3D_encapsulation,,,0,1,1,0,1,0,2026-09-26T18:34:08Z,23997426,10.1002/polb.23191,2012,Interactions of Cartilage Extracellular Matrix Macromolecules,"Journal of polymer science. Part B, Polymer physics"
AMBC_Ij8dLPZTOT5VL6ILMsdMRNROl3x,unmodified,[],bulk_hydrogel,"[""bulk_hydrogel""]",in_vitro_cartilage,"[""in_vitro_cartilage""]",[],[],3D_encapsulation,,,0,1,1,0,1,0,2026-09-26T18:34:08Z,21955119,10.1089/ten.TEB.2011.0394,2012,Engineering lubrication in articular cartilage,"Tissue engineering. Part B, Reviews"
AMBC_PhHd7IPAfKE4RNrfuY0S7NU6b8O,unmodified,[],bulk_hydrogel,"[""bulk_hydrogel""]",in_vitro_cartilage,"[""in_vitro_cartilage""]",[],"[""articular_chondrocyte"", ""MSC""]",3D_encapsulation,,,0,1,1,0,1,0,2026-09-26T18:34:08Z,22766704,10.3233/BME-2012-0691,2012,Mesenchymal stem cells for cartilage engineering,Bio-medical materials and engineering
AMBC_9Ge6J2TZKKce6wqjhae8cVnqi2F,unmodified,[],bulk_hydrogel,"[""bulk_hydrogel""]",in_vitro_cartilage,"[""in_vitro_cartilage""]","[""collagen""]","[""articular_chondrocyte"", ""MSC""]",3D_encapsulation,,,0,1,1,0,1,0,2026-09-26T18:34:08Z,22265894,10.1016/j.jbiosc.2011.12.009,2012,Oriented cartilage extracellular matrix-derived scaffold for cartilage tissue engineering,Journal of bioscience and bioengineering
AMBC_2XtTQYev8CIUnM5arX4ChvSRvN8,unmodified,[],microsphere,"[""microsphere""]",in_vitro_cartilage,"[""in_vitro_cartilage""]","[""collagen"", ""gelatin""]","[""MSC""]",3D_encapsulation,human,,0,1,1,0,1,0,2026-09-26T18:34:08Z,22100386,10.1016/j.jconrel.2011.11.003,2012,Engineered cartilage via self-assembled hMSC sheets with incorporated biodegradable gelatin microspheres releasing transforming growth factor-β1,Journal of controlled release : official journal of the Controlled Release Society
AMBC_L8vKX12m5Ad0xBU5zuM2oF9AGT2,unmodified,[],bulk_hydrogel,"[""bulk_hydrogel""]",in_vitro_cartilage,"[""in_vitro_cartilage""]",[],"[""articular_chondrocyte"", ""MSC""]",3D_encapsulation,human,,0,1,1,0,1,0,2026-09-26T18:34:08Z,23072395,10.2174/138920112804724846,2012,Human stem cells and articular cartilage tissue engineering,Current pharmaceutical biotechnology
AMBC_Up1h8IYdiqRZotJmWC4za0qDb6r,unmodified,[],bulk_hydrogel,"[""bulk_hydrogel""]",in_vitro_cartilage,"[""in_vitro_cartilage""]",[],[],3D_encapsulation,,,0,1,1,0,1,0,2026-09-26T18:34:08Z,23167113,,2012,Research progress of articular cartilage scaffold for tissue engineering,Zhongguo xiu fu chong jian wai ke za zhi = Zhongguo xiufu chongjian waike zazhi = Chinese journal of reparative and reconstructive surgery
AMBC_87XAAkIjM7mLNrPI4whkIRe6ayV,unmodified,[],bulk_hydrogel,"[""bulk_hydrogel""]",in_vitro_cartilage,"[""in_vitro_cartilage""]","[""alginate"", ""collagen"", ""fibrin""]","[""MSC""]",3D_encapsulation,human,,0,1,1,0,1,0,2026-09-26T18:34:07Z,22750738,10.1016/j.actbio.2012.06.028,2012,Variations in chondrogenesis of human bone marrow-derived mesenchymal stem cells in fibrin/alginate blended hydrogels,Acta biomaterialia
AMBC_NlKEp6n26AFurxdAoz5Hn1cexRV,unmodified,[],bulk_hydrogel,"[""bulk_hydrogel""]",in_vitro_cartilage,"[""in_vitro_cartilage""]","[""HA""]",[],3D_encapsulation,,,0,1,1,0,1,0,2026-09-26T18:34:07Z,23184781,10.1002/adhm.201200038,2012,Latent TGF-β hydrogels for cartilage tissue engineering,Advanced healthcare materials
AMBC_CAiai9ZWSrDhA7x7Fkj0Q8raRIY,unmodified,[],bulk_hydrogel,"[""bulk_hydrogel""]",in_vitro_cartilage,"[""in_vitro_cartilage""]",[],"[""articular_chondrocyte""]",3D_encapsulation,,,0,1,1,0,1,0,2026-09-26T18:34:07Z,22156044,10.1258/ebm.2011.011229,2012,"The tissue engineering of articular cartilage: cells, scaffolds and stimulating factors","Experimental biology and medicine (Maywood, N.J.)"
AMBC_QihHHg6HQHBNABNo1cAQOPxHyYa,unmodified,[],bulk_hydrogel,"[""bulk_hydrogel""]",in_vitro_cartilage,"[""in_vitro_cartilage""]","[""collagen""]","[""articular_chondrocyte""]",3D_encapsulation,,,0,1,1,0,1,0,2026-09-26T18:34:07Z,23230673,,2012,Experimental study on collagen hydrogel scaffolds for cartilage tissue engineering,Zhongguo xiu fu chong jian wai ke za zhi = Zhongguo xiufu chongjian waike zazhi = Chinese journal of reparative and reconstructive surgery
AMBC_2bkVjtOiFq8U6rswWQ5ppFRJlFe,sulfated,"[""sulfated""]",bulk_hydrogel,"[""bulk_hydrogel""]",in_vitro_cartilage,"[""in_vitro_cartilage""]","[""alginate"", ""collagen""]","[""articular_chondrocyte""]",3D_encapsulation,bovine,,0,1,1,0,1,0,2026-09-26T18:34:07Z,23408660,,2012,Design and fabrication of anatomical bioreactor systems containing alginate scaffolds for cartilage tissue engineering,Avicenna journal of medical biotechnology
AMBC_Hd5UwFEHSTw3BM5VQMHlfS0Kvmf,unmodified,[],bulk_hydrogel,"[""bulk_hydrogel""]",in_vitro_cartilage,"[""in_vitro_cartilage""]","[""PEG""]",[],3D_encapsulation,,,0,1,1,0,1,0,2026-09-26T18:34:07Z,22749448,10.1016/j.biomaterials.2012.06.005,2012,Cartilage-like mechanical properties of poly (ethylene glycol)-diacrylate hydrogels,Biomaterials
AMBC_JxeS5wocRFuSe2mxfsExWbROQPq,methacrylated,"[""methacrylated"", ""sulfated""]",ipn,"[""ipn""]",in_vitro_cartilage,"[""in_vitro_cartilage""]","[""HA"", ""collagen""]","[""articular_chondrocyte""]",3D_encapsulation,rabbit,,0,1,1,0,1,0,2026-09-26T18:34:07Z,22639153,10.1007/s10856-012-4684-5,2012,Hydrogels of collagen/chondroitin sulfate/hyaluronan interpenetrating polymer network for cartilage tissue engineering,Journal of materials science. Materials in medicine
AMBC_OdoZcVuyF7iEazRH4j6lpCau5sW,unmodified,[],bulk_hydrogel,"[""bulk_hydrogel""]",in_vitro_cartilage,"[""in_vitro_cartilage""]","[""collagen""]","[""articular_chondrocyte"", ""MSC""]",3D_encapsulation,murine,,0,1,1,0,1,0,2026-09-26T18:34:03Z,22623989,10.1371/journal.pone.0037163,2012,Stromal cell-derived factor 1 regulates the actin organization of chondrocytes and chondrocyte hypertrophy,PloS one
AMBC_YsudWK8lZ9XMdTwHo9opsbqNfIw,unmodified,[],bulk_hydrogel,"[""bulk_hydrogel""]",in_vitro_cartilage,"[""in_vitro_cartilage""]","[""collagen""]","[""articular_chondrocyte""]",3D_encapsulation,,,0,1,1,0,1,0,2026-09-26T18:34:03Z,22461172,10.1002/jcb.24089,2012,Ski inhibits TGF-β/phospho-Smad3 signaling and accelerates hypertrophic differentiation in chondrocytes,Journal of cellular biochemistry
AMBC_KVq4lg3I8ezae2ubY8VCFZVLBNO,unmodified,[],bulk_hydrogel,"[""bulk_hydrogel""]",in_vitro_cartilage,"[""in_vitro_cartilage""]","[""collagen""]","[""articular_chondrocyte""]",3D_encapsulation,,,0,1,1,0,1,0,2026-09-26T18:34:03Z,22595668,10.1016/j.devcel.2012.03.011,2012,FoxA family members are crucial regulators of the hypertrophic chondrocyte differentiation program,Developmental cell
AMBC_QIQvFVLl7k3g3HYTatfx2BxwgVO,unmodified,[],bulk_hydrogel,"[""bulk_hydrogel""]",in_vitro_cartilage,"[""in_vitro_cartilage""]","[""collagen""]","[""articular_chondrocyte""]",3D_encapsulation,,,0,1,1,0,1,0,2026-09-26T18:34:03Z,22761446,10.1074/jbc.M112.372086,2012,GSK-3α and GSK-3β proteins are involved in early stages of chondrocyte differentiation with functional redundancy through RelA protein phosphorylation,The Journal of biological chemistry
AMBC_A7qcfgdwfYZ5Zyl38MZiNqqwBA0,unmodified,[],3d_printed,"[""3d_printed""]",in_vitro_cartilage,"[""in_vitro_cartilage""]",[],"[""articular_chondrocyte""]",3D_bioprint,human,,0,1,1,0,1,0,2026-09-26T18:34:02Z,22508498,10.1002/bit.24488,2012,Synergistic action of fibroblast growth factor-2 and transforming growth factor-beta1 enhances bioprinted human neocartilage formation,Biotechnology and bioengineering
AMBC_JczVYajeSdpCzLZKeC1xyZR0Rqc,unmodified,[],bulk_hydrogel,"[""bulk_hydrogel""]",in_vitro_cartilage,"[""in_vitro_cartilage""]","[""collagen""]","[""articular_chondrocyte""]",3D_encapsulation,porcine,,0,1,1,0,1,0,2026-09-26T18:34:02Z,22675162,10.1098/rsif.2012.0314,2012,Immunofluorescence-guided atomic force microscopy to measure the micromechanical properties of the pericellular matrix of porcine articular cartilage,"Journal of the Royal Society, Interface"
AMBC_WbNwXiMgCoxlpqUrUSeL4DDGWOS,unmodified,[],bulk_hydrogel,"[""bulk_hydrogel""]",in_vitro_cartilage,"[""in_vitro_cartilage""]",[],"[""articular_chondrocyte""]",3D_encapsulation,rabbit,,0,1,1,0,1,0,2026-09-26T18:34:02Z,22369960,10.1016/j.biomaterials.2012.01.056,2012,Cartilage repair in transplanted scaffold-free chondrocyte sheets using a minipig model,Biomaterials
AMBC_mAdl15UIKQnEUE2nst8onYgi8i,unmodified,[],bulk_hydrogel,"[""bulk_hydrogel""]",in_vitro_cartilage,"[""in_vitro_cartilage""]","[""collagen""]","[""articular_chondrocyte""]",3D_encapsulation,,,0,1,1,0,1,0,2026-09-26T18:34:02Z,22659179,10.1016/j.actbio.2012.05.032,2012,Functionalization of dynamic culture surfaces with a cartilage extracellular matrix extract enhances chondrocyte phenotype against dedifferentiation,Acta biomaterialia
AMBC_FBUEFSBJd7FD9Zzt1sLI7lElHRu,methacrylated,"[""methacrylated""]",bulk_hydrogel,"[""bulk_hydrogel""]",in_vitro_cartilage,"[""in_vitro_cartilage""]","[""HA"", ""agarose""]","[""MSC""]",3D_encapsulation,,,0,1,1,0,1,0,2026-09-26T18:34:02Z,22455999,10.1088/1748-6041/7/2/024110,2012,Improved cartilage repair via in vitro pre-maturation of MSC-seeded hyaluronic acid hydrogels,"Biomedical materials (Bristol, England)"
AMBC_YuV4Bg2V80lepws0adlZmknyUK,unmodified,[],bulk_hydrogel,"[""bulk_hydrogel""]",in_vitro_cartilage,"[""in_vitro_cartilage""]","[""HA""]","[""MSC""]",3D_encapsulation,bovine,,0,1,1,0,1,0,2026-09-26T18:34:02Z,22546516,10.1016/j.actbio.2012.04.033,2012,High mesenchymal stem cell seeding densities in hyaluronic acid hydrogels produce engineered cartilage with native tissue properties,Acta biomaterialia
AMBC_9UAF7o84qOfcmDiN6XwZlUWOpwV,unmodified,[],bulk_hydrogel,"[""bulk_hydrogel""]",in_vitro_cartilage,"[""in_vitro_cartilage""]","[""HA"", ""collagen"", ""gelatin""]","[""articular_chondrocyte""]",3D_encapsulation,human,,0,1,1,0,1,0,2026-09-26T18:34:02Z,23253362,10.1186/1749-799X-7-40,2012,Hyaluronan production and chondrogenic properties of primary human chondrocyte on gelatin based hematostatic spongostan scaffold,Journal of orthopaedic surgery and research
AMBC_D6VBd6n5bidsBxq13KBiqBHiqDR,unmodified,[],bulk_hydrogel,"[""bulk_hydrogel""]",in_vitro_cartilage,"[""in_vitro_cartilage""]",[],"[""articular_chondrocyte"", ""MSC""]",3D_encapsulation,,,0,1,1,0,1,0,2026-09-26T18:34:02Z,22684531,10.22203/ecm.v023a33,2012,Mesenchymal stem cells produce functional cartilage matrix in three-dimensional culture in regions of optimal nutrient supply,European cells & materials
AMBC_AQvfIerRHyeLcfKNJ4Amzr7Hesz,unmodified,[],bulk_hydrogel,"[""bulk_hydrogel""]",in_vitro_cartilage,"[""in_vitro_cartilage""]","[""collagen"", ""agarose""]","[""articular_chondrocyte""]",3D_encapsulation,,,0,1,1,0,1,0,2026-09-26T18:34:02Z,21853351,10.1007/s10237-011-0343-x,2012,"Insights into interstitial flow, shear stress, and mass transport effects on ECM heterogeneity in bioreactor-cultivated engineered cartilage hydrogels",Biomechanics and modeling in mechanobiology
AMBC_1gqUCUjzSR3nAYabjbPojCyc3C0,unmodified,[],monolayer,"[""monolayer""]",in_vitro_cartilage,"[""in_vitro_cartilage""]","[""alginate""]","[""articular_chondrocyte""]",2D,bovine,,0,1,1,0,1,0,2026-09-26T18:34:02Z,22042743,10.1002/jor.21571,2012,Calcium signaling in response to fluid flow by chondrocytes in 3D alginate culture,Journal of orthopaedic research : official publication of the Orthopaedic Research Society
AMBC_Olw7CnZYUtqcOCtS01tO6WSxoXu,unmodified,[],bulk_hydrogel,"[""bulk_hydrogel""]",in_vitro_cartilage,"[""in_vitro_cartilage""]","[""agarose""]","[""articular_chondrocyte""]",3D_encapsulation,,,0,1,1,0,1,0,2026-09-26T18:34:02Z,23565122,10.1504/IJBET.2012.050263,2012,Ultrasonic wave propagation assessment of native cartilage explants and hydrogel scaffolds for tissue engineering,International journal of biomedical engineering and technology
AMBC_D7mJldbwYesUJrzfPoTmGDsG1BL,unmodified,[],bulk_hydrogel,"[""bulk_hydrogel""]",in_vitro_cartilage,"[""in_vitro_cartilage""]","[""agarose""]","[""articular_chondrocyte""]",3D_encapsulation,murine,,0,1,1,0,1,0,2026-09-26T18:34:02Z,22615857,10.1371/journal.pone.0036964,2012,Dynamic compression of chondrocyte-agarose constructs reveals new candidate mechanosensitive genes,PloS one
AMBC_9Xgyvosm2FS7kNKZ7T6bQLbPQqH,unmodified,[],bulk_hydrogel,"[""bulk_hydrogel""]",in_vitro_cartilage,"[""in_vitro_cartilage""]","[""collagen""]","[""articular_chondrocyte""]",3D_encapsulation,murine,,0,1,1,0,1,0,2026-09-26T18:34:02Z,22733706,10.1002/jbm.a.34254,2012,Platelet-rich plasma loaded in situ-formed hydrogel enhances hyaline cartilage regeneration by CB1 upregulation,Journal of biomedical materials research. Part A
AMBC_EylsULUsdlnJiaek8JDaI7dwfTO,unmodified,[],bulk_hydrogel,"[""bulk_hydrogel""]",in_vitro_cartilage,"[""in_vitro_cartilage""]","[""collagen""]","[""articular_chondrocyte""]",3D_encapsulation,,,0,1,1,0,1,0,2026-09-26T18:34:02Z,22672831,10.1016/j.biomaterials.2012.04.058,2012,Modulation of chondrocyte behavior through tailoring functional synthetic saccharide-peptide hydrogels,Biomaterials
AMBC_HKYjcyHYjAfFtI6GJJtNvdV74VG,unmodified,[],bulk_hydrogel,"[""bulk_hydrogel""]",in_vitro_cartilage,"[""in_vitro_cartilage""]","[""PEG""]","[""articular_chondrocyte""]",3D_encapsulation,,,0,1,1,0,1,0,2026-09-26T18:34:02Z,27877544,10.1088/1468-6996/13/6/064217,2012,Chondrocyte spheroids on microfabricated PEG hydrogel surface and their noninvasive functional monitoring,Science and technology of advanced materials
AMBC_GBqhaGHxnc2M3dAUGGDIJBxJbuv,unmodified,[],bulk_hydrogel,"[""bulk_hydrogel""]",in_vitro_cartilage,"[""in_vitro_cartilage""]","[""collagen""]","[""articular_chondrocyte""]",3D_encapsulation,,,0,1,1,0,1,0,2026-09-26T18:34:02Z,22841922,10.1016/j.biomaterials.2012.06.097,2012,Iterative design of peptide-based hydrogels and the effect of network electrostatics on primary chondrocyte behavior,Biomaterials
AMBC_aKDBTkONeLEtpi7MCmQB83kB2Kh,unmodified,[],bulk_hydrogel,"[""bulk_hydrogel""]",in_vitro_cartilage,"[""in_vitro_cartilage""]","[""collagen"", ""agarose""]","[""articular_chondrocyte""]",3D_encapsulation,,,0,1,1,0,1,0,2026-09-26T18:34:02Z,21906699,10.1016/j.actbio.2011.08.018,2012,Biomechanical study of the edge outgrowth phenomenon of encapsulated chondrocytic isogenous groups in the surface layer of hydrogel scaffolds for cartilage tissue engineering,Acta biomaterialia
AMBC_AD4ZuogzEs3SUGz3E99tRJlokjz,thiolated,"[""thiolated""]",bulk_hydrogel,"[""bulk_hydrogel""]",in_vitro_cartilage,"[""in_vitro_cartilage""]","[""HA"", ""chitosan""]","[""articular_chondrocyte""]",3D_encapsulation,,,0,1,1,0,1,0,2026-09-26T18:34:02Z,34062690,10.1016/j.msec.2012.05.021,2012,"In-situ forming biodegradable glycol chitosan-based hydrogels: Synthesis, characterization, and chondrocyte culture","Materials science & engineering. C, Materials for biological applications"
AMBC_LUgvcTObQGzIx537jzvWAgJjk5W,unmodified,[],bulk_hydrogel,"[""bulk_hydrogel""]",auricular,"[""auricular"", ""in_vivo_repair"", ""in_vitro_cartilage""]",[],[],3D_encapsulation,,,0,1,1,0,1,0,2026-09-26T18:34:08Z,21827281,10.1089/ten.TEB.2011.0326,2012,"The tissue-engineered auricle: past, present, and future","Tissue engineering. Part B, Reviews"
AMBC_QdNP0HQuQ0MWn7TIlip9yVPqhhO,unmodified,[],bulk_hydrogel,"[""bulk_hydrogel""]",auricular,"[""auricular"", ""in_vitro_cartilage""]",[],[],3D_encapsulation,human,,0,1,1,0,1,0,2026-09-26T18:34:08Z,22095677,10.1002/term.487,2012,Advancing nasal reconstructive surgery: the application of tissue engineering technology,Journal of tissue engineering and regenerative medicine
AMBC_9o97G97Fxl3xHRlQQUaUwCNkPP4,unmodified,[],bulk_hydrogel,"[""bulk_hydrogel""]",osteochondral,"[""osteochondral"", ""in_vivo_repair"", ""in_vitro_cartilage""]","[""collagen""]","[""articular_chondrocyte"", ""MSC""]",3D_encapsulation,,,0,1,1,0,1,0,2026-09-26T18:34:11Z,21527412,10.1177/0363546511398646,2011,Matrix-associated implantation of predifferentiated mesenchymal stem cells versus articular chondrocytes: in vivo results of cartilage repair after 1 year,The American journal of sports medicine
AMBC_2d7YEfhXDw8ntwsBFuaMHARDQXy,unmodified,[],bulk_hydrogel,"[""bulk_hydrogel""]",osteochondral,"[""osteochondral"", ""in_vitro_cartilage""]",[],[],3D_encapsulation,,,0,1,1,0,1,0,2026-09-26T18:34:08Z,21107696,10.1007/s10439-010-0209-x,2011,An arthroscopic device to assess articular cartilage defects and treatment with a hydrogel,Annals of biomedical engineering
AMBC_FfRQYpNvucWk3LeHN4BE0T7Ue15,unmodified,[],bulk_hydrogel,"[""bulk_hydrogel""]",osteochondral,"[""osteochondral"", ""in_vivo_repair"", ""in_vitro_cartilage""]","[""alginate""]","[""articular_chondrocyte""]",3D_encapsulation,,,0,1,1,0,1,0,2026-09-26T18:34:07Z,21631387,10.1089/ten.tec.2010.0681,2011,In vitro and in vivo characterization of nonbiomedical- and biomedical-grade alginates for articular chondrocyte transplantation,"Tissue engineering. Part C, Methods"
AMBC_1HNRnVgpJ8MosIHnFILUtPHubA0,unmodified,[],bulk_hydrogel,"[""bulk_hydrogel""]",osteochondral,"[""osteochondral"", ""in_vivo_repair"", ""in_vitro_cartilage""]","[""collagen""]",[],3D_encapsulation,rabbit,,0,1,1,0,1,0,2026-09-26T18:34:02Z,21955995,10.1186/1471-2474-12-213,2011,Gene expression profile of the cartilage tissue spontaneously regenerated in vivo by using a novel double-network gel: comparisons with the normal articular cartilage,BMC musculoskeletal disorders
AMBC_Exinc6REkM2cLiua9kyRALVOx2a,unmodified,[],monolayer,"[""monolayer""]",osteochondral,"[""osteochondral"", ""in_vitro_cartilage""]","[""collagen""]","[""articular_chondrocyte""]",2D,,,0,1,1,0,1,0,2026-09-26T18:34:02Z,21984690,10.1177/0363546511423369,2011,A prospective multicenter study on the outcome of type I collagen hydrogel-based autologous chondrocyte implantation (CaReS) for the repair of articular cartilage defects in the knee,The American journal of sports medicine
AMBC_InyNRq7HmveZdNq5rjv4ztBfwyV,unmodified,[],bulk_hydrogel,"[""bulk_hydrogel""]",in_vitro_cartilage,"[""in_vitro_cartilage""]","[""collagen""]","[""MSC""]",3D_encapsulation,human,TGF_b3,0,1,1,0,1,0,2026-09-26T18:34:11Z,20795757,10.3109/14653249.2010.504769,2011,Adipose tissue-derived stem cells show both immunogenic and immunosuppressive properties after chondrogenic differentiation,Cytotherapy
AMBC_RN2m08vQEG2mXVjnzc33xWDz6JI,unmodified,[],bulk_hydrogel,"[""bulk_hydrogel""]",in_vitro_cartilage,"[""in_vitro_cartilage""]",[],"[""MSC""]",3D_encapsulation,,,0,1,1,0,1,0,2026-09-26T18:34:11Z,20673023,10.1089/ten.TEC.2010.0359,2011,Laser printing of stem cells for biofabrication of scaffold-free autologous grafts,"Tissue engineering. Part C, Methods"
AMBC_KRMQun1CkemOG5yg6bWOQihMdkt,unmodified,[],bulk_hydrogel,"[""bulk_hydrogel""]",in_vitro_cartilage,"[""in_vitro_cartilage""]","[""collagen""]","[""MSC""]",3D_encapsulation,murine,TGF_b3,0,1,1,0,1,0,2026-09-26T18:34:11Z,21799743,10.1371/journal.pone.0021679,2011,MicroRNA-145 regulates chondrogenic differentiation of mesenchymal stem cells by targeting Sox9,PloS one
AMBC_Gx2BHoax38Mz8ufoZlwCTZ1pVHT,unmodified,[],bulk_hydrogel,"[""bulk_hydrogel""]",in_vitro_cartilage,"[""in_vitro_cartilage""]","[""collagen""]","[""MSC""]",3D_encapsulation,human,,0,1,1,0,1,0,2026-09-26T18:34:11Z,21850247,10.1371/journal.pone.0022980,2011,Reduced reactivation from dormancy but maintained lineage choice of human mesenchymal stem cells with donor age,PloS one
AMBC_UvghUUhRngo3NtRrqB0bs0VFA9u,unmodified,[],bulk_hydrogel,"[""bulk_hydrogel""]",in_vitro_cartilage,"[""in_vitro_cartilage""]","[""collagen""]","[""MSC""]",3D_encapsulation,human,,0,1,1,0,1,0,2026-09-26T18:34:11Z,21074928,10.1016/j.diff.2010.10.003,2011,Trichostatin A inhibits TGF-β1 induced in vitro chondrogenesis of hMSCs through Sp1 suppression,Differentiation; research in biological diversity
AMBC_5jPx95nsu6mAaBGaPaShjno0VgF,unmodified,[],bulk_hydrogel,"[""bulk_hydrogel""]",in_vitro_cartilage,"[""in_vitro_cartilage""]",[],"[""adipose_MSC""]",3D_encapsulation,,,0,1,1,0,1,0,2026-09-26T18:34:11Z,21082404,10.1007/978-1-61737-960-4_15,2011,Three-dimensional culture systems to induce chondrogenesis of adipose-derived stem cells,"Methods in molecular biology (Clifton, N.J.)"
AMBC_M0qkH88AU0412T7fhDe70VtifgP,sulfated,"[""sulfated""]",bulk_hydrogel,"[""bulk_hydrogel""]",in_vitro_cartilage,"[""in_vitro_cartilage""]","[""collagen""]","[""articular_chondrocyte"", ""MSC""]",3D_encapsulation,human,,0,1,1,0,1,0,2026-09-26T18:34:11Z,21035392,10.1016/j.jbiosc.2010.10.002,2011,Compare the effects of chondrogenesis by culture of human mesenchymal stem cells with various type of the chondroitin sulfate C,Journal of bioscience and bioengineering
AMBC_4j9y1BhvKZIjoH6MQbvWJXPoCnk,unmodified,[],bulk_hydrogel,"[""bulk_hydrogel""]",in_vitro_cartilage,"[""in_vitro_cartilage""]","[""collagen"", ""fibrin""]","[""MSC""]",3D_encapsulation,,TGF_b3,0,1,1,0,1,0,2026-09-26T18:34:11Z,21262199,10.1016/j.bbrc.2011.01.068,2011,Activation of the extracellular signal-regulated kinases 1 and 2 (ERK1/2) is needed for the TGFβ-induced chondrogenic and osteogenic differentiation of mesenchymal stem cells,Biochemical and biophysical research communications
AMBC_UkbS8lNRYS6GARD8UBRv7MY00OX,unmodified,[],bulk_hydrogel,"[""bulk_hydrogel""]",in_vitro_cartilage,"[""in_vitro_cartilage""]","[""gelatin""]","[""MSC""]",3D_encapsulation,human,,0,1,1,0,1,0,2026-09-26T18:34:11Z,21431516,10.1007/978-1-60761-999-4_11,2011,Derivation and characterization of human ESC-derived mesenchymal stem cells,"Methods in molecular biology (Clifton, N.J.)"
AMBC_RONZGTWNtVBz69lHMvO7aYdij4D,unmodified,[],bulk_hydrogel,"[""bulk_hydrogel""]",in_vitro_cartilage,"[""in_vitro_cartilage""]",[],"[""articular_chondrocyte"", ""MSC""]",3D_encapsulation,,,0,1,1,0,1,0,2026-09-26T18:34:11Z,21808649,10.4061/2011/570125,2011,Preclinical studies on mesenchymal stem cell-based therapy for growth plate cartilage injury repair,Stem cells international
AMBC_3LtSIZN42HegoftyI1LObSjtfhJ,unmodified,[],monolayer,"[""monolayer""]",in_vitro_cartilage,"[""in_vitro_cartilage""]","[""collagen""]","[""MSC""]",2D,,TGF_b3,0,1,1,0,1,0,2026-09-26T18:34:11Z,21552678,10.1590/s1807-59322011000300022,2011,Periosteum as a source of mesenchymal stem cells: the effects of TGF-β3 on chondrogenesis,"Clinics (Sao Paulo, Brazil)"
AMBC_4YI0USqyHi9r0oMVWOWHnO9IT1i,unmodified,[],bulk_hydrogel,"[""bulk_hydrogel""]",in_vitro_cartilage,"[""in_vitro_cartilage""]","[""collagen""]","[""articular_chondrocyte"", ""MSC""]",3D_encapsulation,human,TGF_b3,0,1,1,0,1,0,2026-09-26T18:34:11Z,21660579,10.1007/s10529-011-0653-1,2011,Analysis of collagen expression during chondrogenic induction of human bone marrow mesenchymal stem cells,Biotechnology letters
AMBC_8eHWDOYtqXk4soFCxW9TTFTqXVl,unmodified,[],bulk_hydrogel,"[""bulk_hydrogel""]",in_vitro_cartilage,"[""in_vitro_cartilage""]","[""collagen""]","[""MSC""]",3D_encapsulation,bovine,,0,1,1,0,1,0,2026-09-26T18:34:11Z,26998400,10.3727/215517911X575984,2011,Upregulation of Adipogenesis and Chondrogenesis in MSC Serum-Free Culture,Cell medicine
AMBC_J5XLzJWEbCKHDJIADAkK1demZib,unmodified,[],bulk_hydrogel,"[""bulk_hydrogel""]",in_vitro_cartilage,"[""in_vitro_cartilage""]",[],"[""articular_chondrocyte"", ""MSC""]",3D_encapsulation,,,0,1,1,0,1,0,2026-09-26T18:34:11Z,21937104,10.1016/j.biomaterials.2011.08.091,2011,Cultured cell-derived extracellular matrix scaffolds for tissue engineering,Biomaterials
AMBC_Yjb8dIIndSl8FwNIW0JUQUHjCTf,unmodified,[],bulk_hydrogel,"[""bulk_hydrogel""]",in_vitro_cartilage,"[""in_vitro_cartilage""]","[""alginate"", ""collagen""]","[""MSC""]",3D_encapsulation,,TGF_b3,0,1,1,0,1,0,2026-09-26T18:34:11Z,21057858,10.1007/s11095-010-0305-5,2011,Optimal construction and delivery of dual-functioning lentiviral vectors for type I collagen-suppressed chondrogenesis in synovium-derived mesenchymal stem cells,Pharmaceutical research
AMBC_C0USW0K6PSa9VthZd8mElcvVtZ7,rgd_conjugated,"[""rgd_conjugated"", ""sulfated""]",bulk_hydrogel,"[""bulk_hydrogel""]",in_vitro_cartilage,"[""in_vitro_cartilage""]","[""collagen"", ""agarose""]","[""MSC""]",3D_encapsulation,bovine,,0,1,1,0,1,0,2026-09-26T18:34:11Z,21932193,10.22203/ecm.v022a13,2011,Fibronectin- and collagen-mimetic ligands regulate bone marrow stromal cell chondrogenesis in three-dimensional hydrogels,European cells & materials
AMBC_6UJ4c72j3BQyRQUd0ogqwoezc1k,unmodified,[],bulk_hydrogel,"[""bulk_hydrogel""]",in_vitro_cartilage,"[""in_vitro_cartilage""]","[""HA"", ""collagen"", ""chitosan""]","[""MSC""]",3D_encapsulation,murine,,0,1,1,0,1,0,2026-09-26T18:34:11Z,21194334,10.2460/ajvr.72.1.42,2011,Hyaluronic acid and chondrogenesis of murine bone marrow mesenchymal stem cells in chitosan sponges,American journal of veterinary research
AMBC_HGavMyi0TanzLpvfRAsi24QPZuC,unmodified,[],fiber,"[""fiber""]",in_vitro_cartilage,"[""in_vitro_cartilage""]","[""collagen""]","[""MSC""]",3D_encapsulation,human,,0,1,1,0,1,0,2026-09-26T18:34:11Z,20973751,10.1089/ten.TEA.2010.0409,2011,Microscale versus nanoscale scaffold architecture for mesenchymal stem cell chondrogenesis,Tissue engineering. Part A
AMBC_N02wVw1xr0E9gyEcTSkif4uP89S,unmodified,[],bulk_hydrogel,"[""bulk_hydrogel""]",in_vitro_cartilage,"[""in_vitro_cartilage""]","[""agarose""]","[""MSC""]",3D_encapsulation,,,0,1,1,0,1,0,2026-09-26T18:34:11Z,21870950,10.1089/ten.tea.2011.0198,2011,Temporal and spatial changes in cartilage-matrix-specific gene expression in mesenchymal stem cells in response to dynamic compression,Tissue engineering. Part A
AMBC_45vaVMoLhBB0NOEBMtycmUbNQGW,rgd_conjugated,"[""rgd_conjugated""]",bulk_hydrogel,"[""bulk_hydrogel""]",in_vitro_cartilage,"[""in_vitro_cartilage""]","[""collagen""]",[],3D_encapsulation,human,,0,1,1,0,1,0,2026-09-26T18:34:11Z,21742067,10.1016/j.actbio.2011.06.031,2011,The effects of intermittent dynamic loading on chondrogenic and osteogenic differentiation of human marrow stromal cells encapsulated in RGD-modified poly(ethylene glycol) hydrogels,Acta biomaterialia
AMBC_2C2s0FkMH8s2loyRZglkIETBMZi,sulfated,"[""sulfated""]",microsphere,"[""microsphere""]",in_vitro_cartilage,"[""in_vitro_cartilage""]","[""gelatin""]","[""MSC""]",3D_encapsulation,murine,,0,1,1,0,1,0,2026-09-26T18:34:11Z,21549223,10.1016/j.actbio.2011.04.013,2011,Preparation of stem cell aggregates with gelatin microspheres to enhance biological functions,Acta biomaterialia
AMBC_7kWpPJDaYEylMfx7JZPstkhLPOL,unmodified,[],monolayer,"[""monolayer""]",in_vitro_cartilage,"[""in_vitro_cartilage""]","[""collagen"", ""agarose""]","[""MSC""]",2D,,,0,1,1,0,1,0,2026-09-26T18:34:11Z,20665550,10.1002/jor.21200,2011,Induction of bone marrow mesenchymal stem cell chondrogenesis following short-term suspension culture,Journal of orthopaedic research : official publication of the Orthopaedic Research Society
AMBC_Xc2VvxXaeylolwTMxVP1h6K99Ra,unmodified,[],bulk_hydrogel,"[""bulk_hydrogel""]",in_vitro_cartilage,"[""in_vitro_cartilage""]","[""HA"", ""collagen""]","[""articular_chondrocyte"", ""MSC""]",3D_encapsulation,human,,0,1,1,0,1,0,2026-09-26T18:34:11Z,21424832,10.1007/s11999-011-1869-z,2011,Cartilage matrix formation by bovine mesenchymal stem cells in three-dimensional culture is age-dependent,Clinical orthopaedics and related research
AMBC_Jq0Wlk9LnzIbZ4Um0wMgHzCmluf,unmodified,[],bulk_hydrogel,"[""bulk_hydrogel""]",in_vitro_cartilage,"[""in_vitro_cartilage""]","[""agarose""]","[""articular_chondrocyte"", ""MSC""]",3D_encapsulation,porcine,TGF_b3,0,1,1,0,1,0,2026-09-26T18:34:11Z,21953872,10.1002/term.385,2011,Chondrocytes and bone marrow-derived mesenchymal stem cells undergoing chondrogenesis in agarose hydrogels of solid and channelled architectures respond differentially to dynamic culture conditions,Journal of tissue engineering and regenerative medicine
AMBC_JeaoKXW7hpY8eGCDRQcxTQhODMk,unmodified,[],monolayer,"[""monolayer""]",in_vitro_cartilage,"[""in_vitro_cartilage""]","[""alginate"", ""collagen""]","[""MSC""]",2D,human,,0,1,1,0,1,0,2026-09-26T18:34:11Z,21087199,10.1089/ten.TEA.2010.0499,2011,Chondrogenic differentiation of human bone marrow-derived mesenchymal stem cells in self-gelling alginate discs reveals novel chondrogenic signature gene clusters,Tissue engineering. Part A
AMBC_KUC1TD8Fi3zI5ebFevd31SnBbnR,unmodified,[],bulk_hydrogel,"[""bulk_hydrogel""]",in_vitro_cartilage,"[""in_vitro_cartilage""]","[""dextran""]",[],3D_encapsulation,,,0,1,1,0,1,0,2026-09-26T18:34:08Z,21481875,10.1016/j.jbiomech.2011.03.026,2011,Dynamic loading of immature epiphyseal cartilage pumps nutrients out of vascular canals,Journal of biomechanics
AMBC_3wPZSL1agh3j2uNAlANJBP3p7rQ,unmodified,[],bulk_hydrogel,"[""bulk_hydrogel""]",in_vitro_cartilage,"[""in_vitro_cartilage""]","[""collagen""]",[],3D_encapsulation,bovine,,0,1,1,0,1,0,2026-09-26T18:34:08Z,22022553,10.1371/journal.pone.0026178,2011,"Tensile properties, collagen content, and crosslinks in connective tissues of the immature knee joint",PloS one
AMBC_R5cX2h1aI3WQxeQj9Xu9rmyP1p7,unmodified,[],bulk_hydrogel,"[""bulk_hydrogel""]",in_vitro_cartilage,"[""in_vitro_cartilage""]",[],[],3D_encapsulation,,,0,1,1,0,1,0,2026-09-26T18:34:08Z,21714068,10.1002/jbm.a.33154,2011,"Founder's award to Antonios G. Mikos, Ph.D., 2011 Society for Biomaterials annual meeting and exposition, Orlando, Florida, April 13-16, 2011: Bones to biomaterials and back again--20 years of taking cues from nature to engineer synthetic polymer scaffolds",Journal of biomedical materials research. Part A
AMBC_EU0GuEFUudYutHorAUKuw0YlsdW,unmodified,[],bulk_hydrogel,"[""bulk_hydrogel""]",in_vitro_cartilage,"[""in_vitro_cartilage""]","[""collagen""]","[""articular_chondrocyte""]",3D_encapsulation,,,0,1,1,0,1,0,2026-09-26T18:34:08Z,21630329,10.1002/jor.21467,2011,Characterization of a cartilage-like engineered biomass using a self-aggregating suspension culture model: molecular composition using FT-IRIS,Journal of orthopaedic research : official publication of the Orthopaedic Research Society
AMBC_944bG1hiROhMd7fmga40jJ1iNEK,unmodified,[],bulk_hydrogel,"[""bulk_hydrogel""]",in_vitro_cartilage,"[""in_vitro_cartilage""]",[],"[""MSC""]",3D_encapsulation,bovine,,0,1,1,0,1,0,2026-09-26T18:34:08Z,20863643,10.1016/j.mri.2010.07.015,2011,Micrometer-sized iron oxide particle labeling of mesenchymal stem cells for magnetic resonance imaging-based monitoring of cartilage tissue engineering,Magnetic resonance imaging
AMBC_PYH6OogBf6dx73MVX7K195kxkEh,unmodified,[],bulk_hydrogel,"[""bulk_hydrogel""]",in_vitro_cartilage,"[""in_vitro_cartilage""]","[""agarose""]",[],3D_encapsulation,,,0,1,1,0,1,0,2026-09-26T18:34:08Z,21773854,10.1007/s10439-011-0351-0,2011,Nondestructive evaluation of hydrogel mechanical properties using ultrasound,Annals of biomedical engineering
AMBC_WskkycHeJLXAC813vK5IkTDasBe,genipin,"[""genipin""]",bulk_hydrogel,"[""bulk_hydrogel""]",in_vitro_cartilage,"[""in_vitro_cartilage""]","[""collagen""]",[],3D_encapsulation,,,0,1,1,0,1,0,2026-09-26T18:34:08Z,25663732,10.1142/S0219519410003769,2011,BENEFICIAL EFFECTS OF EXOGENOUS CROSSLINKING AGENTS ON SELF-ASSEMBLED TISSUE ENGINEERED CARTILAGE CONSTRUCT BIOMECHANICAL PROPERTIES,Journal of mechanics in medicine and biology
AMBC_CVuRFIcYGKYrXigst626CLF4tdN,unmodified,[],microsphere,"[""microsphere""]",in_vitro_cartilage,"[""in_vitro_cartilage""]","[""HA"", ""alginate"", ""PVA""]",[],3D_encapsulation,,,0,1,1,0,1,0,2026-09-26T18:34:08Z,21308980,10.1002/jbm.a.33005,2011,A semi-degradable composite scaffold for articular cartilage defects,Journal of biomedical materials research. Part A
AMBC_CSXokPImgOfKUVqbQGjIA1Uzldq,unmodified,[],bulk_hydrogel,"[""bulk_hydrogel""]",in_vitro_cartilage,"[""in_vitro_cartilage""]","[""silk_fibrin""]","[""articular_chondrocyte"", ""adipose_MSC""]",3D_encapsulation,human,,0,1,1,0,1,0,2026-09-26T18:34:08Z,21338265,10.1089/ten.TEA.2010.0636,2011,Regenerated silk fibroin scaffold and infrapatellar adipose stromal vascular fraction as feeder-layer: a new product for cartilage advanced therapy,Tissue engineering. Part A
AMBC_2m91MVGrT54tuPJVsRbILTvXNBC,unmodified,[],bulk_hydrogel,"[""bulk_hydrogel""]",in_vitro_cartilage,"[""in_vitro_cartilage""]",[],"[""articular_chondrocyte""]",3D_encapsulation,human,,0,1,1,0,1,0,2026-09-26T18:34:08Z,21695799,10.1002/term.350,2011,Influence of pore size on the redifferentiation potential of human articular chondrocytes in poly(urethane urea) scaffolds,Journal of tissue engineering and regenerative medicine
AMBC_aTOv73vm3XyVi7XMkSfCsCHt5bk,unmodified,[],bulk_hydrogel,"[""bulk_hydrogel""]",in_vitro_cartilage,"[""in_vitro_cartilage""]","[""alginate""]","[""articular_chondrocyte""]",3D_encapsulation,human,,0,1,1,0,1,0,2026-09-26T18:34:08Z,21312366,10.1002/btpr.509,2011,Improved seeding of chondrocytes into polyglycolic acid scaffolds using semi-static and alginate loading methods,Biotechnology progress
AMBC_MOFCitDZzuWe9rAtSKhJRED2OBS,unmodified,[],bulk_hydrogel,"[""bulk_hydrogel""]",in_vitro_cartilage,"[""in_vitro_cartilage""]","[""agarose""]",[],3D_encapsulation,,,0,1,1,0,1,0,2026-09-26T18:34:08Z,21714081,10.1002/jbm.b.31883,2011,Comparative study of the viscoelastic mechanical behavior of agarose and poly(ethylene glycol) hydrogels,"Journal of biomedical materials research. Part B, Applied biomaterials"
AMBC_3Opbvoo7L04G5cIiVQguB6r8jsz,unmodified,[],bulk_hydrogel,"[""bulk_hydrogel""]",in_vitro_cartilage,"[""in_vitro_cartilage""]","[""alginate"", ""collagen""]","[""articular_chondrocyte""]",3D_encapsulation,human,,0,1,1,0,1,0,2026-09-26T18:34:07Z,21858004,10.1371/journal.pone.0023119,2011,Strategies for enhancing the accumulation and retention of extracellular matrix in tissue-engineered cartilage cultured in bioreactors,PloS one
AMBC_6QtnVyDxwzvygbF7uqjQ3qiWUTd,unmodified,[],bulk_hydrogel,"[""bulk_hydrogel""]",in_vitro_cartilage,"[""in_vitro_cartilage""]","[""agarose""]",[],3D_encapsulation,bovine,,0,1,1,0,1,0,2026-09-26T18:34:07Z,21542714,10.1089/ten.TEA.2011.0155,2011,Growth factor priming of synovium-derived stem cells for cartilage tissue engineering,Tissue engineering. Part A
AMBC_7LV71ru68mBJjn6FzKznH9cvcxz,unmodified,[],bulk_hydrogel,"[""bulk_hydrogel""]",in_vitro_cartilage,"[""in_vitro_cartilage""]","[""collagen"", ""chitosan"", ""silk_fibrin""]","[""articular_chondrocyte""]",3D_encapsulation,bovine,,0,1,1,0,1,0,2026-09-26T18:34:07Z,21601277,10.1016/j.biomaterials.2011.04.061,2011,Potential of 3-D tissue constructs engineered from bovine chondrocytes/silk fibroin-chitosan for in vitro cartilage tissue engineering,Biomaterials
AMBC_76IZMP210wTlNQljbqh5l7kwsh3,unmodified,[],bulk_hydrogel,"[""bulk_hydrogel""]",in_vitro_cartilage,"[""in_vitro_cartilage""]",[],"[""iPSC""]",3D_encapsulation,,,0,1,1,0,1,0,2026-09-26T18:34:07Z,21427848,,2011,Recent progress of researches in cartilage tissue engineering,Zhongguo xiu fu chong jian wai ke za zhi = Zhongguo xiufu chongjian waike zazhi = Chinese journal of reparative and reconstructive surgery
AMBC_5415bhiJ2cmbXrdINE1YAZGRBfA,unmodified,[],injectable,"[""injectable""]",in_vitro_cartilage,"[""in_vitro_cartilage""]","[""HA""]","[""articular_chondrocyte""]",3D_encapsulation,,,0,1,1,0,1,0,2026-09-26T18:34:07Z,21256989,10.1016/j.actbio.2011.01.025,2011,An in vitro study of two GAG-like marine polysaccharides incorporated into injectable hydrogels for bone and cartilage tissue engineering,Acta biomaterialia
AMBC_BK2EN5QouL4PQLnU0RFrbC1pXBo,unmodified,[],bulk_hydrogel,"[""bulk_hydrogel""]",in_vitro_cartilage,"[""in_vitro_cartilage""]",[],[],3D_encapsulation,,,0,1,1,0,1,0,2026-09-26T18:34:07Z,21417222,10.1021/cr100123h,2011,Biopolymer-based hydrogels for cartilage tissue engineering,Chemical reviews
AMBC_AX2RaxYSZI9cRiFMtPfisR34BKl,unmodified,[],bulk_hydrogel,"[""bulk_hydrogel""]",in_vitro_cartilage,"[""in_vitro_cartilage""]","[""PEG""]","[""articular_chondrocyte""]",3D_encapsulation,,,0,1,1,0,1,0,2026-09-26T18:34:07Z,21664305,10.1016/j.actbio.2011.05.024,2011,Oligo(trimethylene carbonate)-poly(ethylene glycol)-oligo(trimethylene carbonate) triblock-based hydrogels for cartilage tissue engineering,Acta biomaterialia
AMBC_QgqB8HWLSTNjJC7Z22S3TWSo2G4,unmodified,[],bulk_hydrogel,"[""bulk_hydrogel""]",in_vitro_cartilage,"[""in_vitro_cartilage""]",[],"[""MSC""]",3D_encapsulation,human,,0,1,1,0,1,0,2026-09-26T18:34:07Z,21282205,10.1096/fj.10-165514,2011,A bioresponsive hydrogel tuned to chondrogenesis of human mesenchymal stem cells,FASEB journal : official publication of the Federation of American Societies for Experimental Biology
AMBC_A5AcJF3utnpxTHWKiGjaaGUhoXr,unmodified,[],injectable,"[""injectable""]",in_vitro_cartilage,"[""in_vitro_cartilage""]",[],"[""ATDC5""]",3D_encapsulation,murine,,0,1,1,0,1,0,2026-09-26T18:34:07Z,21721116,10.1002/jbm.a.33140,2011,Thermoresponsive poly(N-isopropylacrylamide)-g-methylcellulose hydrogel as a three-dimensional extracellular matrix for cartilage-engineered applications,Journal of biomedical materials research. Part A
AMBC_Ay4XRikTgSFv3FcnYvhJUPmfapU,unmodified,[],bulk_hydrogel,"[""bulk_hydrogel""]",in_vitro_cartilage,"[""in_vitro_cartilage""]","[""collagen""]",[],3D_encapsulation,,,0,1,1,0,1,0,2026-09-26T18:34:07Z,22097146,,2011,Application of collagen hydrogel in cartilage tissue engineering,Zhongguo gu shang = China journal of orthopaedics and traumatology
AMBC_aVDt2aOrQsLDR7D49dJisp9LUTL,unmodified,[],bulk_hydrogel,"[""bulk_hydrogel""]",in_vitro_cartilage,"[""in_vitro_cartilage""]","[""PVA""]",[],3D_encapsulation,,,0,1,1,0,1,0,2026-09-26T18:34:07Z,21774087,10.1002/term.356,2011,Design of semi-degradable hydrogels based on poly(vinyl alcohol) and poly(lactic-co-glycolic acid) for cartilage tissue engineering,Journal of tissue engineering and regenerative medicine
AMBC_9H6OZRlBlmvxCpFLeiaYv0Z56dy,unmodified,[],bulk_hydrogel,"[""bulk_hydrogel""]",in_vitro_cartilage,"[""in_vitro_cartilage""]","[""collagen""]","[""articular_chondrocyte""]",3D_encapsulation,,,0,1,1,0,1,0,2026-09-26T18:34:03Z,21795715,10.1074/jbc.M111.244541,2011,SOX9 protein induces a chondrogenic phenotype of mesangial cells and contributes to advanced diabetic nephropathy,The Journal of biological chemistry
AMBC_NEtAVVoWrApnik9B47chS9B7yAK,unmodified,[],bulk_hydrogel,"[""bulk_hydrogel""]",in_vitro_cartilage,"[""in_vitro_cartilage""]","[""HA""]","[""articular_chondrocyte""]",3D_encapsulation,murine,,0,1,1,0,1,0,2026-09-26T18:34:02Z,21619936,10.1016/j.joca.2011.04.011,2011,Acute joint pathology and synovial inflammation is associated with increased intra-articular fracture severity in the mouse knee,Osteoarthritis and cartilage
AMBC_W7JzTXf2BB0GdbWeX0T7jBhGQys,unmodified,[],bulk_hydrogel,"[""bulk_hydrogel""]",in_vitro_cartilage,"[""in_vitro_cartilage""]","[""collagen""]","[""articular_chondrocyte"", ""MSC""]",3D_encapsulation,human,,0,1,1,0,1,0,2026-09-26T18:34:02Z,21816228,10.1016/j.joca.2011.07.005,2011,Structured three-dimensional co-culture of mesenchymal stem cells with chondrocytes promotes chondrogenic differentiation without hypertrophy,Osteoarthritis and cartilage
AMBC_59LIvRY0AmBedVX5352xHSXwLpm,unmodified,[],bulk_hydrogel,"[""bulk_hydrogel""]",in_vitro_cartilage,"[""in_vitro_cartilage""]",[],"[""articular_chondrocyte""]",3D_encapsulation,human,,0,1,1,0,1,0,2026-09-26T18:34:02Z,21175289,10.2217/rme.10.87,2011,Engineered cartilage using primary chondrocytes cultured in a porous cartilage-derived matrix,Regenerative medicine
AMBC_AVNjJXk2DVGz4DcWxO3G3Gs12f,sulfated,"[""sulfated""]",injectable,"[""injectable""]",in_vitro_cartilage,"[""in_vitro_cartilage""]",[],[],3D_encapsulation,,,0,1,1,0,1,0,2026-09-26T18:34:02Z,22287978,10.12989/sss.2011.7.3.213,2011,Biomimetics of the Extracellular Matrix: An Integrated Three-Dimensional Fiber-Hydrogel Composite for Cartilage Tissue Engineering,Smart structures and systems
AMBC_JqgPegq776uip4YanXZRlsB0exU,unmodified,[],bulk_hydrogel,"[""bulk_hydrogel""]",in_vitro_cartilage,"[""in_vitro_cartilage""]",[],"[""articular_chondrocyte""]",3D_encapsulation,,,0,1,1,0,1,0,2026-09-26T18:34:02Z,21428684,10.1115/1.4003314,2011,A finite element model of cell-matrix interactions to study the differential effect of scaffold composition on chondrogenic response to mechanical stimulation,Journal of biomechanical engineering
AMBC_XTgC18USzw1DXB3EhXNRW1mYfTo,unmodified,[],monolayer,"[""monolayer""]",in_vitro_cartilage,"[""in_vitro_cartilage""]",[],"[""articular_chondrocyte""]",2D,human,,0,1,1,0,1,0,2026-09-26T18:34:02Z,21959554,10.1088/1748-6041/6/6/065001,2011,Cell expansion of human articular chondrocytes on macroporous gelatine scaffolds-impact of microcarrier selection on cell proliferation,"Biomedical materials (Bristol, England)"
AMBC_C8UdNBcyi3GLkPs8T2a5dDEOJA4,unmodified,[],monolayer,"[""monolayer""]",in_vitro_cartilage,"[""in_vitro_cartilage""]","[""collagen"", ""agarose""]","[""articular_chondrocyte""]",2D,bovine,,0,1,1,0,1,0,2026-09-26T18:34:02Z,21797756,10.1089/ten.tec.2011.0212,2011,Effects of hypertonic (NaCl) two-dimensional and three-dimensional culture conditions on the properties of cartilage tissue engineered from an expanded mature bovine chondrocyte source,"Tissue engineering. Part C, Methods"
AMBC_YopR08x4i5yfQgk7jqOcIBik47N,unmodified,[],bulk_hydrogel,"[""bulk_hydrogel""]",in_vitro_cartilage,"[""in_vitro_cartilage""]","[""HA"", ""collagen""]","[""articular_chondrocyte""]",3D_encapsulation,,,0,1,1,0,1,0,2026-09-26T18:34:02Z,21442729,10.1002/jbm.a.33057,2011,Incorporation of biomimetic matrix molecules in PEG hydrogels enhances matrix deposition and reduces load-induced loss of chondrocyte-secreted matrix,Journal of biomedical materials research. Part A
AMBC_QTgK2U91sOXnhz32qcbOvYuFbwD,methacrylated,"[""methacrylated""]",monolayer,"[""monolayer""]",in_vitro_cartilage,"[""in_vitro_cartilage""]","[""collagen""]","[""articular_chondrocyte""]",2D,rabbit,,0,1,1,0,1,0,2026-09-26T18:34:02Z,21262395,10.1016/j.actbio.2011.01.012,2011,The effects of fixed electrical charge on chondrocyte behavior,Acta biomaterialia
AMBC_9vKnVhm2EEo5el7b6PvaIWeCCEz,unmodified,[],bulk_hydrogel,"[""bulk_hydrogel""]",in_vitro_cartilage,"[""in_vitro_cartilage""]","[""alginate"", ""collagen""]","[""articular_chondrocyte""]",3D_encapsulation,,,0,1,1,0,1,0,2026-09-26T18:34:02Z,21142626,10.1089/ten.TEA.2010.0379,2011,Matrix deposition modulates the viscoelastic shear properties of hydrogel-based cartilage grafts,Tissue engineering. Part A
AMBC_OBFtvoPOxtJW1HS2jboEvYK4rV7,unmodified,[],bulk_hydrogel,"[""bulk_hydrogel""]",in_vitro_cartilage,"[""in_vitro_cartilage""]","[""fibrin"", ""PVA""]","[""articular_chondrocyte""]",3D_encapsulation,,,0,1,1,0,1,0,2026-09-26T18:34:02Z,20799889,10.1089/ten.TEA.2010.0322,2011,Porous poly(vinyl alcohol)-hydrogel matrix-engineered biosynthetic cartilage,Tissue engineering. Part A
AMBC_8YckNhr8gXjnngi9S7Gb1VxPGny,unmodified,[],bulk_hydrogel,"[""bulk_hydrogel""]",in_vitro_cartilage,"[""in_vitro_cartilage""]","[""collagen""]","[""articular_chondrocyte""]",3D_encapsulation,bovine,,0,1,1,0,1,0,2026-09-26T18:34:02Z,20804868,10.1016/j.actbio.2010.08.021,2011,"Gel structure has an impact on pericellular and extracellular matrix deposition, which subsequently alters metabolic activities in chondrocyte-laden PEG hydrogels",Acta biomaterialia
AMBC_1SrR3XaUhOTIPH9Z08hSfLvoS4R,unmodified,[],bulk_hydrogel,"[""bulk_hydrogel""]",in_vitro_cartilage,"[""in_vitro_cartilage""]","[""collagen"", ""chitosan""]","[""articular_chondrocyte""]",3D_encapsulation,,,0,1,1,0,1,0,2026-09-26T18:34:02Z,21546080,10.1016/j.biomaterials.2011.04.012,2011,Multi-membrane chitosan hydrogels as chondrocytic cell bioreactors,Biomaterials
AMBC_7hUPdAUoNN8dTiaJmgnUrN76tcl,unmodified,[],bulk_hydrogel,"[""bulk_hydrogel""]",osteochondral,"[""osteochondral"", ""in_vivo_repair"", ""in_vitro_cartilage""]","[""collagen""]","[""MSC""]",3D_encapsulation,human,,0,1,1,0,1,0,2026-09-26T18:34:11Z,20633668,10.1016/j.joca.2010.06.005,2010,Magnesium enhances adherence and cartilage formation of synovial mesenchymal stem cells through integrins,Osteoarthritis and cartilage
AMBC_JZSyEFYgMoka2NX7Hr8sr1z1YYe,unmodified,[],bulk_hydrogel,"[""bulk_hydrogel""]",osteochondral,"[""osteochondral"", ""in_vivo_repair"", ""in_vitro_cartilage""]","[""alginate"", ""collagen"", ""fibrin""]","[""articular_chondrocyte"", ""MSC""]",3D_encapsulation,human,,0,1,1,0,1,0,2026-09-26T18:34:11Z,19800683,10.1016/j.biomaterials.2009.09.021,2010,The influence of fibrin based hydrogels on the chondrogenic differentiation of human bone marrow stromal cells,Biomaterials
AMBC_RSNmvdwpHWxYYO48KxD191qWvpy,unmodified,[],monolayer,"[""monolayer""]",osteochondral,"[""osteochondral"", ""in_vitro_cartilage""]","[""agarose""]","[""MSC""]",2D,human,,0,1,1,0,1,0,2026-09-26T18:34:07Z,20175974,10.1016/j.joca.2010.01.008,2010,"Spatial regulation of human mesenchymal stem cell differentiation in engineered osteochondral constructs: effects of pre-differentiation, soluble factors and medium perfusion",Osteoarthritis and cartilage
AMBC_TzOfausRSUVIjTtqKO0px7b9sa7,unmodified,[],bulk_hydrogel,"[""bulk_hydrogel""]",osteochondral,"[""osteochondral"", ""in_vitro_cartilage""]","[""collagen""]","[""articular_chondrocyte"", ""MSC""]",3D_encapsulation,,,0,1,1,0,1,0,2026-09-26T18:34:07Z,20973061,10.1002/jor.21173,2010,A novel MSC-seeded triphasic construct for the repair of osteochondral defects,Journal of orthopaedic research : official publication of the Orthopaedic Research Society
AMBC_MR3h0LdQ0sc1BNENai3fITgvUTk,unmodified,[],injectable,"[""injectable""]",osteochondral,"[""osteochondral"", ""in_vivo_repair"", ""in_vitro_cartilage""]","[""collagen""]","[""MSC""]",3D_encapsulation,rabbit,,0,1,1,0,1,0,2026-09-26T18:34:07Z,20851201,10.1016/j.joca.2010.09.004,2010,"Effect of self-assembling peptide, chondrogenic factors, and bone marrow-derived stromal cells on osteochondral repair",Osteoarthritis and cartilage
AMBC_WMgZIlet6Dl98kIPqfIn78gxHGp,unmodified,[],bulk_hydrogel,"[""bulk_hydrogel""]",osteochondral,"[""osteochondral"", ""in_vivo_repair"", ""in_vitro_cartilage""]","[""collagen""]","[""articular_chondrocyte""]",3D_encapsulation,rabbit,,0,1,1,0,1,0,2026-09-26T18:34:07Z,20093424,10.1177/0363546509352448,2010,In vivo evaluation of 3-dimensional polycaprolactone scaffolds for cartilage repair in rabbits,The American journal of sports medicine
AMBC_FjQfBupZtSc6JMHtXyQDVwldunw,unmodified,[],bulk_hydrogel,"[""bulk_hydrogel""]",osteochondral,"[""osteochondral"", ""in_vitro_cartilage""]",[],[],3D_encapsulation,,,0,1,1,0,1,0,2026-09-26T18:34:07Z,21156083,10.1186/scrt40,2010,Homing in on a biological joint replacement,Stem cell research & therapy
AMBC_79og3Wy9kDwB2rOVvirNwtB7Oyf,unmodified,[],bulk_hydrogel,"[""bulk_hydrogel""]",osteochondral,"[""osteochondral"", ""in_vitro_cartilage""]","[""HA""]",[],3D_encapsulation,human,,0,1,1,0,1,0,2026-09-26T18:34:07Z,20619789,10.1016/j.biomaterials.2010.05.064,2010,Cartilage repair using hyaluronan hydrogel-encapsulated human embryonic stem cell-derived chondrogenic cells,Biomaterials
AMBC_4ZE8SjOGQ3EvPCgUVKC9HIqJGeb,sulfated,"[""sulfated""]",bulk_hydrogel,"[""bulk_hydrogel""]",osteochondral,"[""osteochondral"", ""in_vitro_cartilage""]","[""HA"", ""collagen""]","[""articular_chondrocyte""]",3D_encapsulation,,,0,1,1,0,1,0,2026-09-26T18:34:02Z,20038199,10.1089/ten.TEA.2009.0663,2010,The proteoglycan metabolism of articular cartilage in joint-scale culture,Tissue engineering. Part A
AMBC_JQHCdFTBNkTYYjCl35UTrSC363F,unmodified,[],injectable,"[""injectable""]",osteochondral,"[""osteochondral""]","[""gelatin""]","[""MSC""]",3D_encapsulation,rabbit,TGF_b3,0,1,1,0,1,0,2026-09-26T18:34:02Z,20197126,10.1016/j.actbio.2010.02.046,2010,Effects of TGF-beta3 and preculture period of osteogenic cells on the chondrogenic differentiation of rabbit marrow mesenchymal stem cells encapsulated in a bilayered hydrogel composite,Acta biomaterialia
AMBC_7k7OGWnYLjDTo205faP27haaFIF,unmodified,[],bulk_hydrogel,"[""bulk_hydrogel""]",osteochondral,"[""osteochondral"", ""in_vitro_cartilage""]","[""gelatin""]","[""MSC""]",3D_encapsulation,rabbit,,0,1,1,0,1,0,2026-09-26T18:34:02Z,19660580,10.1016/j.actbio.2009.07.041,2010,Repair of osteochondral defects with biodegradable hydrogel composites encapsulating marrow mesenchymal stem cells in a rabbit model,Acta biomaterialia
AMBC_8P7aEKrB5PNogywOrwOAH0Avjqr,unmodified,[],microsphere,"[""microsphere""]",osteochondral,"[""osteochondral"", ""in_vivo_repair"", ""in_vitro_cartilage""]","[""agarose""]","[""articular_chondrocyte""]",3D_encapsulation,,,0,1,1,0,1,0,2026-09-26T18:34:02Z,20411332,10.1007/s10439-010-0038-y,2010,Bioactive stratified polymer ceramic-hydrogel scaffold for integrative osteochondral repair,Annals of biomedical engineering
AMBC_Oq8tHiVwSI3ztKTMGyTMrdITC7f,unmodified,[],bulk_hydrogel,"[""bulk_hydrogel""]",osteochondral,"[""osteochondral"", ""in_vitro_cartilage""]","[""alginate"", ""collagen"", ""chitosan""]","[""articular_chondrocyte""]",3D_encapsulation,human,,0,1,1,0,1,0,2026-09-26T18:34:02Z,20028218,10.1089/ten.TEA.2009.0384,2010,Effect of Nell-1 delivery on chondrocyte proliferation and cartilaginous extracellular matrix deposition,Tissue engineering. Part A
AMBC_MISSK4iCizpFjJRjAfGBIk0Y7mN,unmodified,[],bulk_hydrogel,"[""bulk_hydrogel""]",in_vitro_cartilage,"[""in_vitro_cartilage""]","[""collagen""]","[""articular_chondrocyte"", ""MSC""]",3D_encapsulation,human,,0,1,1,0,1,0,2026-09-26T18:34:11Z,20034590,10.1016/j.biocel.2009.12.011,2010,Human circulating fibrocytes have the capacity to differentiate osteoblasts and chondrocytes,The international journal of biochemistry & cell biology
AMBC_Szg8XzW5xh6geVguosRHEyTF2V6,unmodified,[],bulk_hydrogel,"[""bulk_hydrogel""]",in_vitro_cartilage,"[""in_vitro_cartilage""]","[""collagen""]","[""articular_chondrocyte""]",3D_encapsulation,human,TGF_b3,0,1,1,0,1,0,2026-09-26T18:34:11Z,20232315,10.1002/jcp.22120,2010,The ERK5 and ERK1/2 signaling pathways play opposing regulatory roles during chondrogenesis of adult human bone marrow-derived multipotent progenitor cells,Journal of cellular physiology
AMBC_J8cTCLoNsb26ntBMqCKCG7gT6uF,unmodified,[],bulk_hydrogel,"[""bulk_hydrogel""]",in_vitro_cartilage,"[""in_vitro_cartilage""]","[""alginate"", ""collagen""]","[""articular_chondrocyte"", ""adipose_MSC""]",3D_encapsulation,,,0,1,1,0,1,0,2026-09-26T18:34:11Z,19722282,10.1002/jbm.a.32589,2010,The effects of BMP6 overexpression on adipose stem cell chondrogenesis: Interactions with dexamethasone and exogenous growth factors,Journal of biomedical materials research. Part A
AMBC_X2ZXHPtPp5wu4ViB5w7XCne2Y4c,unmodified,[],bulk_hydrogel,"[""bulk_hydrogel""]",in_vitro_cartilage,"[""in_vitro_cartilage""]","[""collagen""]","[""articular_chondrocyte""]",3D_encapsulation,human,,0,1,1,0,1,0,2026-09-26T18:34:11Z,19406255,10.1016/j.bone.2009.04.242,2010,Notch signaling during chondrogenesis of human bone marrow stem cells,Bone
AMBC_Ly1mLUn9dF033UNFRyQ3deVRRCa,unmodified,[],bulk_hydrogel,"[""bulk_hydrogel""]",in_vitro_cartilage,"[""in_vitro_cartilage""]","[""collagen"", ""fibrin""]","[""MSC""]",3D_encapsulation,,,0,1,1,0,1,0,2026-09-26T18:34:11Z,20678460,10.1016/j.actbio.2010.05.020,2010,Biophysical and chemical effects of fibrin on mesenchymal stromal cell gene expression,Acta biomaterialia
AMBC_LAWKi9esj8bJaeVL4V4SELBOWZ4,unmodified,[],bulk_hydrogel,"[""bulk_hydrogel""]",in_vitro_cartilage,"[""in_vitro_cartilage""]","[""collagen""]","[""MSC""]",3D_encapsulation,human,,0,1,1,0,1,0,2026-09-26T18:34:11Z,20807021,10.3109/14653249.2010.510503,2010,Improved proliferation and differentiation capacity of human mesenchymal stromal cells cultured with basement-membrane extracellular matrix proteins,Cytotherapy
AMBC_XTUsZP59VimQs8GmA1DMPb1Cizb,unmodified,[],bulk_hydrogel,"[""bulk_hydrogel""]",in_vitro_cartilage,"[""in_vitro_cartilage""]",[],"[""articular_chondrocyte""]",3D_encapsulation,,,0,1,1,0,1,0,2026-09-26T18:34:11Z,20539759,10.1371/journal.pone.0010998,2010,Identification of five developmental processes during chondrogenic differentiation of embryonic stem cells,PloS one
AMBC_UymeIzJbPEYCUPwEvuh6xtkPlLT,rgd_conjugated,"[""rgd_conjugated""]",bulk_hydrogel,"[""bulk_hydrogel""]",in_vitro_cartilage,"[""in_vitro_cartilage""]","[""collagen""]","[""MSC""]",3D_encapsulation,human,,0,1,1,0,1,0,2026-09-26T18:34:11Z,21053275,10.1002/jcb.22890,2010,Mechanical integrin stress and magnetic forces induce biological responses in mesenchymal stem cells which depend on environmental factors,Journal of cellular biochemistry
AMBC_MxtDf0oQlfUER7xtzrhXL68lB43,sulfated,"[""sulfated""]",monolayer,"[""monolayer""]",in_vitro_cartilage,"[""in_vitro_cartilage""]","[""collagen""]","[""MSC""]",2D,human,,0,1,1,0,1,0,2026-09-26T18:34:11Z,20131256,10.1002/art.27328,2010,Estradiol inhibits chondrogenic differentiation of mesenchymal stem cells via nonclassic signaling,Arthritis and rheumatism
AMBC_9qZmdKfJikfaE94kitBC6cvEiIu,genipin,"[""genipin""]",bulk_hydrogel,"[""bulk_hydrogel""]",in_vitro_cartilage,"[""in_vitro_cartilage""]","[""HA"", ""collagen""]","[""articular_chondrocyte""]",3D_encapsulation,,,0,1,1,0,1,0,2026-09-26T18:34:11Z,19810117,10.1002/jbm.b.31516,2010,Effect of adipic dihydrazide modification on the performance of collagen/hyaluronic acid scaffold,"Journal of biomedical materials research. Part B, Applied biomaterials"
AMBC_WoqadcDu0rJ9mqSFLwVyZoXjZjP,unmodified,[],bulk_hydrogel,"[""bulk_hydrogel""]",in_vitro_cartilage,"[""in_vitro_cartilage""]","[""collagen""]","[""articular_chondrocyte"", ""MSC""]",3D_encapsulation,,,0,1,1,0,1,0,2026-09-26T18:34:11Z,20673020,10.1089/ten.TEA.2009.0817,2010,Enhanced biochemical and biomechanical properties of scaffolds generated by flock technology for cartilage tissue engineering,Tissue engineering. Part A
AMBC_P330ULtTomZfMLgk8Rug36WupzL,unmodified,[],bulk_hydrogel,"[""bulk_hydrogel""]",in_vitro_cartilage,"[""in_vitro_cartilage""]","[""collagen""]","[""MSC""]",3D_encapsulation,human,,0,1,1,0,1,0,2026-09-26T18:34:11Z,19737074,10.1089/ten.TEA.2009.0359,2010,The effects of Wnt inhibitors on the chondrogenesis of human mesenchymal stem cells,Tissue engineering. Part A
AMBC_1aH8gyZueMKTGknqA2l3VqYKeOt,unmodified,[],fiber,"[""fiber""]",in_vitro_cartilage,"[""in_vitro_cartilage""]","[""collagen""]","[""articular_chondrocyte"", ""MSC""]",3D_encapsulation,,,0,1,1,0,1,0,2026-09-26T18:34:11Z,20797784,10.1016/j.biomaterials.2010.07.110,2010,Bioactive polymer/extracellular matrix scaffolds fabricated with a flow perfusion bioreactor for cartilage tissue engineering,Biomaterials
AMBC_EH92DQnqPFbB3DNZVFrHF5Z8sxD,unmodified,[],bulk_hydrogel,"[""bulk_hydrogel""]",in_vitro_cartilage,"[""in_vitro_cartilage""]","[""collagen""]","[""articular_chondrocyte"", ""MSC""]",3D_encapsulation,human,,0,1,1,0,1,0,2026-09-26T18:34:11Z,20665538,10.1002/jcb.22768,2010,Chondrogenic potential of subpopulations of cells expressing mesenchymal stem cell markers derived from human synovial membranes,Journal of cellular biochemistry
AMBC_I2P9tn4sIY54MsR6b54tBXRtRfX,sulfated,"[""sulfated""]",bulk_hydrogel,"[""bulk_hydrogel""]",in_vitro_cartilage,"[""in_vitro_cartilage""]","[""collagen""]","[""MSC""]",3D_encapsulation,human,,0,1,1,0,1,0,2026-09-26T18:34:11Z,19878627,10.3727/096368909X478560,2010,Enhanced chondrogenic differentiation of human bone marrow-derived mesenchymal stem cells in low oxygen environment micropellet cultures,Cell transplantation
AMBC_3QslucStcZkmibnyYJTEvXPtqIt,unmodified,[],bulk_hydrogel,"[""bulk_hydrogel""]",in_vitro_cartilage,"[""in_vitro_cartilage""]","[""agarose""]","[""articular_chondrocyte"", ""MSC""]",3D_encapsulation,,TGF_b3,0,1,1,0,1,0,2026-09-26T18:34:11Z,20367254,10.1089/ten.TEA.2010.0042,2010,Evaluation of the complex transcriptional topography of mesenchymal stem cell chondrogenesis for cartilage tissue engineering,Tissue engineering. Part A
AMBC_1dIhZ1oAJyMu7tnQVy02VeHd6Ea,unmodified,[],bulk_hydrogel,"[""bulk_hydrogel""]",in_vitro_cartilage,"[""in_vitro_cartilage""]","[""collagen"", ""chitosan""]","[""MSC""]",3D_encapsulation,,,0,1,1,0,1,0,2026-09-26T18:34:11Z,20580951,10.1016/j.actbio.2010.05.016,2010,The effect of type II collagen coating of chitosan fibrous scaffolds on mesenchymal stem cell adhesion and chondrogenesis,Acta biomaterialia
AMBC_HXrDsKUVlrvYMFSnOuC7xra5aOW,unmodified,[],bulk_hydrogel,"[""bulk_hydrogel""]",in_vitro_cartilage,"[""in_vitro_cartilage""]","[""collagen"", ""fibrin""]","[""articular_chondrocyte"", ""MSC""]",3D_encapsulation,,,0,1,1,0,1,0,2026-09-26T18:34:11Z,20210585,10.2217/rme.09.90,2010,Efficient isolation and chondrogenic differentiation of adult mesenchymal stem cells with fibrin microbeads and micronized collagen sponges,Regenerative medicine
AMBC_7DXtCUkWipA2FFK8D76KbUG1ZuO,unmodified,[],bulk_hydrogel,"[""bulk_hydrogel""]",in_vitro_cartilage,"[""in_vitro_cartilage""]","[""fibrin""]","[""articular_chondrocyte"", ""MSC""]",3D_encapsulation,human,,0,1,1,0,1,0,2026-09-26T18:34:11Z,19737049,10.1089/ten.TEA.2009.0262,2010,Chondrogenesis of human bone marrow mesenchymal stem cells in fibrin-polyurethane composites is modulated by frequency and amplitude of dynamic compression and shear stress,Tissue engineering. Part A
AMBC_ANPievvC2HUq1pRLVsPT54Wtt6q,unmodified,[],bulk_hydrogel,"[""bulk_hydrogel""]",in_vitro_cartilage,"[""in_vitro_cartilage""]","[""collagen"", ""agarose""]","[""MSC""]",3D_encapsulation,porcine,TGF_b3,0,1,1,0,1,0,2026-09-26T18:34:11Z,20557888,10.1016/j.jbiomech.2010.05.020,2010,Low oxygen tension is a more potent promoter of chondrogenic differentiation than dynamic compression,Journal of biomechanics
AMBC_QK04M50vO9YCAXbQ4cS8dn4fW8z,sulfated,"[""sulfated""]",bulk_hydrogel,"[""bulk_hydrogel""]",in_vitro_cartilage,"[""in_vitro_cartilage""]",[],"[""MSC""]",3D_encapsulation,,TGF_b3,0,1,1,0,1,0,2026-09-26T18:34:11Z,19280636,10.1002/jbm.a.32388,2010,Chondrogenic differentiation of mesenchymal stem cells embedded in a scaffold by long-term release of TGF-beta 3 complexed with chondroitin sulfate,Journal of biomedical materials research. Part A
AMBC_Re5PIsL4ssVWjNMdEVAebO3y79d,unmodified,[],bulk_hydrogel,"[""bulk_hydrogel""]",in_vitro_cartilage,"[""in_vitro_cartilage""]","[""agarose""]","[""MSC""]",3D_encapsulation,porcine,TGF_b3,0,1,1,0,1,0,2026-09-26T18:34:11Z,20458627,10.1007/s10439-010-0059-6,2010,The response of bone marrow-derived mesenchymal stem cells to dynamic compression following TGF-beta3 induced chondrogenic differentiation,Annals of biomedical engineering
AMBC_93BqaRukiu0VBM0zT0MvDiPxP8O,unmodified,[],monolayer,"[""monolayer""]",in_vitro_cartilage,"[""in_vitro_cartilage""]","[""HA"", ""collagen""]","[""articular_chondrocyte"", ""MSC""]",2D,human,,0,1,1,0,1,0,2026-09-26T18:34:11Z,20020100,10.1007/s00167-009-1017-4,2010,Chondrogenesis in a hyaluronic acid scaffold: comparison between chondrocytes and MSC from bone marrow and adipose tissue,"Knee surgery, sports traumatology, arthroscopy : official journal of the ESSKA"
AMBC_QgwGzgA2ekpUJmXlL9cLlCbcL0c,sulfated,"[""sulfated""]",microsphere,"[""microsphere""]",in_vitro_cartilage,"[""in_vitro_cartilage""]","[""gelatin""]","[""MSC""]",3D_encapsulation,murine,,0,1,1,0,1,0,2026-09-26T18:34:11Z,20338095,10.1163/156856209X434638,2010,In vitro proliferation and chondrogenic differentiation of rat bone marrow stem cells cultured with gelatin hydrogel microspheres for TGF-beta1 release,Journal of biomaterials science. Polymer edition
AMBC_IuSUB8pxuBlABANsUqGb7m3Njgw,unmodified,[],bulk_hydrogel,"[""bulk_hydrogel""]",in_vitro_cartilage,"[""in_vitro_cartilage""]","[""collagen"", ""agarose""]","[""MSC""]",3D_encapsulation,bovine,,0,1,1,0,1,0,2026-09-26T18:34:11Z,19705959,10.1089/ten.TEA.2009.0158,2010,Self-assembling peptide hydrogels modulate in vitro chondrogenesis of bovine bone marrow stromal cells,Tissue engineering. Part A
AMBC_VcM08e6jIEWpG4xq1HksnYBuulA,unmodified,[],bulk_hydrogel,"[""bulk_hydrogel""]",in_vitro_cartilage,"[""in_vitro_cartilage""]",[],"[""MSC""]",3D_encapsulation,,TGF_b3,0,1,1,0,1,0,2026-09-26T18:34:11Z,20186667,10.22203/ecm.v019a08,2010,Long-term dynamic loading improves the mechanical properties of chondrogenic mesenchymal stem cell-laden hydrogel,European cells & materials
AMBC_H4RSGJyaMtbYuZaTYiX4tDl9t1V,rgd_conjugated,"[""rgd_conjugated""]",injectable,"[""injectable""]",in_vitro_cartilage,"[""in_vitro_cartilage""]","[""collagen""]","[""MSC""]",3D_encapsulation,human,TGF_b3,0,1,1,0,1,0,2026-09-26T18:34:11Z,21590868,10.1002/marc.200900818,2010,Injectable Biodegradable Poly(ethylene glycol)/RGD Peptide Hybrid Hydrogels for in vitro Chondrogenesis of Human Mesenchymal Stem Cells,Macromolecular rapid communications
AMBC_4swHnc6GYLHBsS5fshqrlPI2WMt,unmodified,[],bulk_hydrogel,"[""bulk_hydrogel""]",in_vitro_cartilage,"[""in_vitro_cartilage""]","[""collagen""]","[""articular_chondrocyte"", ""MSC""]",3D_encapsulation,human,,0,1,1,0,1,0,2026-09-26T18:34:11Z,20615545,10.1016/j.biomaterials.2010.06.001,2010,Biomimetic hydrogels for chondrogenic differentiation of human mesenchymal stem cells to neocartilage,Biomaterials
AMBC_EZ1kJaoGho6QDXweJECRM5JQOqQ,unmodified,[],bulk_hydrogel,"[""bulk_hydrogel""]",in_vitro_cartilage,"[""in_vitro_cartilage""]","[""collagen""]",[],3D_encapsulation,bovine,,0,1,1,0,1,0,2026-09-26T18:34:07Z,20189179,10.1016/j.jbiomech.2010.01.021,2010,Electrostatic and non-electrostatic contributions of proteoglycans to the compressive equilibrium modulus of bovine articular cartilage,Journal of biomechanics
AMBC_ZUSnTP3LfHMA0PiXwOqoy23NM7J,unmodified,[],bulk_hydrogel,"[""bulk_hydrogel""]",in_vitro_cartilage,"[""in_vitro_cartilage""]","[""collagen""]","[""articular_chondrocyte""]",3D_encapsulation,bovine,,0,1,1,0,1,0,2026-09-26T18:34:07Z,19603515,10.1002/jor.20944,2010,Tissue neogenesis and STRO-1 expression in immature and mature articular cartilage,Journal of orthopaedic research : official publication of the Orthopaedic Research Society
AMBC_R8kOqlCiFazeZmyXh5Ix19uAvZn,unmodified,[],bulk_hydrogel,"[""bulk_hydrogel""]",in_vitro_cartilage,"[""in_vitro_cartilage""]",[],[],3D_encapsulation,,,0,1,1,0,1,0,2026-09-26T18:34:07Z,20540101,10.1002/jbm.a.32830,2010,Directional fluid flow enhances in vitro periosteal tissue growth and chondrogenesis on poly-epsilon-caprolactone scaffolds,Journal of biomedical materials research. Part A
AMBC_4XNVrEeDOd9B0YCc7DJU3tnyZnG,unmodified,[],bulk_hydrogel,"[""bulk_hydrogel""]",in_vitro_cartilage,"[""in_vitro_cartilage""]",[],"[""articular_chondrocyte""]",3D_encapsulation,,,0,1,1,0,1,0,2026-09-26T18:34:07Z,20091910,10.1002/jbm.b.31568,2010,"Mechanical, permeability, and degradation properties of 3D designed poly(1,8 octanediol-co-citrate) scaffolds for soft tissue engineering","Journal of biomedical materials research. Part B, Applied biomaterials"
AMBC_FY9FqKRmXuJRE1Mqn32whJfvURk,unmodified,[],bulk_hydrogel,"[""bulk_hydrogel""]",in_vitro_cartilage,"[""in_vitro_cartilage""]","[""collagen""]","[""articular_chondrocyte""]",3D_encapsulation,,,0,1,1,0,1,0,2026-09-26T18:34:07Z,20131245,10.1002/art.27313,2010,Intracellular Na(+) and Ca(2+) modulation increases the tensile properties of developing engineered articular cartilage,Arthritis and rheumatism
AMBC_HpTAPXD3hdDHmH1UXpWImamDQ8u,unmodified,[],bulk_hydrogel,"[""bulk_hydrogel""]",in_vitro_cartilage,"[""in_vitro_cartilage""]","[""collagen""]","[""articular_chondrocyte""]",3D_encapsulation,,,0,1,1,0,1,0,2026-09-26T18:34:07Z,19280637,10.1002/jbm.a.32405,2010,Can low frequency electromagnetic field help cartilage tissue engineering?,Journal of biomedical materials research. Part A
AMBC_N0JGlPJbgvhtdNF4iLC2YzBsDeK,unmodified,[],bulk_hydrogel,"[""bulk_hydrogel""]",in_vitro_cartilage,"[""in_vitro_cartilage""]","[""fibrin""]","[""articular_chondrocyte""]",3D_encapsulation,bovine,,0,1,1,0,1,0,2026-09-26T18:34:07Z,19191318,10.1002/jbm.a.32385,2010,Farnesol-modified biodegradable polyurethanes for cartilage tissue engineering,Journal of biomedical materials research. Part A
AMBC_A72HvrdOL5m4HVeZWSitCKtMvVZ,unmodified,[],bulk_hydrogel,"[""bulk_hydrogel""]",in_vitro_cartilage,"[""in_vitro_cartilage""]",[],"[""articular_chondrocyte""]",3D_encapsulation,human,,0,1,1,0,1,0,2026-09-26T18:34:07Z,20022366,10.1016/j.biomaterials.2009.11.080,2010,In vitro engineering of human ear-shaped cartilage assisted with CAD/CAM technology,Biomaterials
AMBC_7O8KUpfyEm7vkNUU0mFzqbrmPzu,unmodified,[],bulk_hydrogel,"[""bulk_hydrogel""]",in_vitro_cartilage,"[""in_vitro_cartilage""]",[],"[""articular_chondrocyte""]",3D_encapsulation,,,0,1,1,0,1,0,2026-09-26T18:34:07Z,20219243,10.1016/j.biomaterials.2010.01.145,2010,"A comparison of the influence of material on in vitro cartilage tissue engineering with PCL, PGS, and POC 3D scaffold architecture seeded with chondrocytes",Biomaterials
AMBC_YvmXuZOWSqCx8LitkzxsD3SKJZK,methacrylated,"[""methacrylated""]",bulk_hydrogel,"[""bulk_hydrogel""]",in_vitro_cartilage,"[""in_vitro_cartilage""]",[],[],3D_encapsulation,,,0,1,1,0,1,0,2026-09-26T18:34:07Z,20730931,10.1002/jbm.a.32715,2010,Modification of polymer networks with bone sialoprotein promotes cell attachment and spreading,Journal of biomedical materials research. Part A
AMBC_HlI7Vn0UImXH9YsbzQumOa9uib1,unmodified,[],bulk_hydrogel,"[""bulk_hydrogel""]",in_vitro_cartilage,"[""in_vitro_cartilage""]","[""PVA""]",[],3D_encapsulation,human,,0,1,1,0,1,0,2026-09-26T18:34:07Z,19756967,10.1007/s10856-009-3863-5,2010,"Influence of dynamic load on friction behavior of human articular cartilage, stainless steel and polyvinyl alcohol hydrogel as artificial cartilage",Journal of materials science. Materials in medicine
AMBC_Qzbg7gXgfTH7Mylc8cwVxgV4RBr,sulfated,"[""sulfated""]",bulk_hydrogel,"[""bulk_hydrogel""]",in_vitro_cartilage,"[""in_vitro_cartilage""]",[],"[""MSC""]",3D_encapsulation,,,0,1,1,0,1,0,2026-09-26T18:34:07Z,20692354,10.1016/j.joca.2010.07.015,2010,Adult bone marrow stromal cell-based tissue-engineered aggrecan exhibits ultrastructure and nanomechanical properties superior to native cartilage,Osteoarthritis and cartilage
AMBC_4E9426DZNV1Fn9lHomlu6Q6bBvx,unmodified,[],bulk_hydrogel,"[""bulk_hydrogel""]",in_vitro_cartilage,"[""in_vitro_cartilage""]",[],[],3D_encapsulation,,,0,1,1,0,1,0,2026-09-26T18:34:07Z,21054085,10.1117/1.3484749,2010,Optical characteristics of cartilage at a wavelength of 1560 nm and their dynamic behavior under laser heating conditions,Journal of biomedical optics
AMBC_Lf0oko7pnd70g8L6QhkbMoNQT9S,unmodified,[],bulk_hydrogel,"[""bulk_hydrogel""]",in_vitro_cartilage,"[""in_vitro_cartilage""]","[""collagen""]","[""MSC""]",3D_encapsulation,bovine,,0,1,1,0,1,0,2026-09-26T18:34:07Z,19891538,10.1089/ten.TEC.2009.0444,2010,Fabrication and repair of cartilage defects with a novel acellular cartilage matrix scaffold,"Tissue engineering. Part C, Methods"
AMBC_E2DgvesHpuKcgSMeBeH872KayhR,unmodified,[],bulk_hydrogel,"[""bulk_hydrogel""]",in_vitro_cartilage,"[""in_vitro_cartilage""]","[""agarose""]","[""articular_chondrocyte""]",3D_encapsulation,bovine,,0,1,1,0,1,0,2026-09-26T18:34:07Z,20851200,10.1016/j.joca.2010.09.003,2010,Response of engineered cartilage to mechanical insult depends on construct maturity,Osteoarthritis and cartilage
AMBC_HGPviXsQmePpKktf1rlXjefOdMp,unmodified,[],bulk_hydrogel,"[""bulk_hydrogel""]",in_vitro_cartilage,"[""in_vitro_cartilage""]","[""PEG""]","[""MSC""]",3D_encapsulation,rabbit,TGF_b3,0,1,1,0,1,0,2026-09-26T18:34:07Z,20537247,10.1163/092050609X12531835454314,2010,Chondrogenesis of synovium-derived mesenchymal stem cells in photopolymerizing hydrogel scaffolds,Journal of biomaterials science. Polymer edition
AMBC_8ZeNBUSCD4YBwEgfW2O80U6c1Ci,unmodified,[],bulk_hydrogel,"[""bulk_hydrogel""]",in_vitro_cartilage,"[""in_vitro_cartilage""]","[""collagen"", ""agarose""]","[""articular_chondrocyte""]",3D_encapsulation,human,,0,1,1,0,1,0,2026-09-26T18:34:07Z,20186769,10.1002/jbm.a.32719,2010,A model for studying human articular cartilage integration in vitro,Journal of biomedical materials research. Part A
AMBC_9ohs0h7DALZlXpCH1t6LdsKLoPC,unmodified,[],bulk_hydrogel,"[""bulk_hydrogel""]",in_vitro_cartilage,"[""in_vitro_cartilage""]",[],[],3D_encapsulation,,,0,1,1,0,1,0,2026-09-26T18:34:07Z,20930320,10.3233/BME-2010-0624,2010,Introduction to tissue engineering and application for cartilage engineering,Bio-medical materials and engineering
AMBC_8KW5P7fVRiaVQ38ccgm0mLcmMtR,unmodified,[],bulk_hydrogel,"[""bulk_hydrogel""]",in_vitro_cartilage,"[""in_vitro_cartilage""]","[""collagen""]","[""MSC""]",3D_encapsulation,rabbit,,0,1,1,0,1,0,2026-09-26T18:34:07Z,20865774,10.1002/btpr.484,2010,Chondrogenic differentiation and immunological properties of mesenchymal stem cells in collagen type I hydrogel,Biotechnology progress
AMBC_Ms1HmT17ryrNft1wiaRJZ5kya9Y,unmodified,[],bulk_hydrogel,"[""bulk_hydrogel""]",in_vitro_cartilage,"[""in_vitro_cartilage""]",[],[],3D_encapsulation,,,0,1,1,0,1,0,2026-09-26T18:34:07Z,20052519,10.1007/s10856-009-3984-x,2010,Kinetic studies of a composite carbon nanotube-hydrogel for tissue engineering by rheological methods,Journal of materials science. Materials in medicine
AMBC_2U9VD4OdGELKhYeo1uOaLjfUwWG,sulfated,"[""sulfated"", ""edc_nhs""]",bulk_hydrogel,"[""bulk_hydrogel""]",in_vitro_cartilage,"[""in_vitro_cartilage""]","[""PEG"", ""fibrin""]",[],3D_encapsulation,murine,,0,1,1,0,1,0,2026-09-26T18:34:07Z,20047758,10.1016/j.biomaterials.2009.12.033,2010,A versatile pH sensitive chondroitin sulfate-PEG tissue adhesive and hydrogel,Biomaterials
AMBC_aPP1UtgpumQZRs7i2eb33IqsUMp,unmodified,[],monolayer,"[""monolayer""]",in_vitro_cartilage,"[""in_vitro_cartilage""]",[],"[""articular_chondrocyte""]",2D,,,0,1,1,0,1,0,2026-09-26T18:34:07Z,20853231,10.1055/s-0030-1265019,2010,Septal cartilage tissue engineering: new horizons,Facial plastic surgery : FPS
AMBC_VwevHsh4z1JMy9UCQ6lp73GRxQL,unmodified,[],injectable,"[""injectable""]",in_vitro_cartilage,"[""in_vitro_cartilage""]","[""HA"", ""collagen""]","[""articular_chondrocyte""]",3D_encapsulation,,,0,1,1,0,1,0,2026-09-26T18:34:07Z,20025999,10.1016/j.actbio.2009.12.024,2010,Synthesis and characterization of hyaluronic acid-poly(ethylene glycol) hydrogels via Michael addition: An injectable biomaterial for cartilage repair,Acta biomaterialia
AMBC_HPMaFdmscviIe20ZokgfAtaOT9f,unmodified,[],microsphere,"[""microsphere"", ""injectable""]",in_vitro_cartilage,"[""in_vitro_cartilage""]","[""gelatin""]","[""articular_chondrocyte""]",3D_encapsulation,,,0,1,1,0,1,0,2026-09-26T18:34:07Z,20666616,10.1089/ten.TEA.2010.0219,2010,Microcavitary hydrogel-mediating phase transfer cell culture for cartilage tissue engineering,Tissue engineering. Part A
AMBC_E4iyjlwtpzSEW24I0NjZRzBuceF,unmodified,[],bulk_hydrogel,"[""bulk_hydrogel""]",in_vitro_cartilage,"[""in_vitro_cartilage""]","[""collagen""]","[""articular_chondrocyte""]",3D_encapsulation,,,0,1,1,0,1,0,2026-09-26T18:34:07Z,20552605,10.1002/mabi.200900450,2010,Self-assembly-peptide hydrogels as tissue-engineering scaffolds for three-dimensional culture of chondrocytes in vitro,Macromolecular bioscience
AMBC_EUg3hloTsC9NINrXoyPaRLYFMPH,tyramine,"[""tyramine""]",injectable,"[""injectable""]",in_vitro_cartilage,"[""in_vitro_cartilage""]","[""HA"", ""dextran""]","[""articular_chondrocyte""]",3D_encapsulation,bovine,,0,1,1,0,1,0,2026-09-26T18:34:07Z,20116847,10.1016/j.biomaterials.2010.01.013,2010,Enzymatically-crosslinked injectable hydrogels based on biomimetic dextran-hyaluronic acid conjugates for cartilage tissue engineering,Biomaterials
AMBC_9HsY6HQTs41u5h7yLWWFOI7uxlb,unmodified,[],bulk_hydrogel,"[""bulk_hydrogel""]",in_vitro_cartilage,"[""in_vitro_cartilage""]","[""HA"", ""alginate""]","[""MSC""]",3D_encapsulation,human,,0,1,1,0,1,0,2026-09-26T18:34:07Z,20930324,10.3233/BME-2010-0628,2010,Original approach for cartilage tissue engineering with mesenchymal stem cells,Bio-medical materials and engineering
AMBC_KFaKcDcwZBFNi6TQRXYfXXAQxrK,unmodified,[],injectable,"[""injectable""]",in_vitro_cartilage,"[""in_vitro_cartilage""]",[],"[""articular_chondrocyte""]",3D_encapsulation,,,0,1,1,0,1,0,2026-09-26T18:34:07Z,24855547,10.15283/ijsc.2010.3.2.96,2010,Stem Cell-assisted Approaches for Cartilage Tissue Engineering,International journal of stem cells
AMBC_FYZQiMzzRJDmqRBf3PbHMiClBxn,unmodified,[],bulk_hydrogel,"[""bulk_hydrogel""]",in_vitro_cartilage,"[""in_vitro_cartilage""]","[""dextran""]","[""articular_chondrocyte""]",3D_encapsulation,,,0,1,1,0,1,0,2026-09-26T18:34:07Z,19737051,10.1089/ten.TEA.2009.0173,2010,A newly developed chemically crosslinked dextran-poly(ethylene glycol) hydrogel for cartilage tissue engineering,Tissue engineering. Part A
AMBC_14YrhkH3qPucxugsfxIekShwWTZ,unmodified,[],bulk_hydrogel,"[""bulk_hydrogel""]",in_vitro_cartilage,"[""in_vitro_cartilage""]","[""collagen""]","[""articular_chondrocyte""]",3D_encapsulation,rabbit,,0,1,1,0,1,0,2026-09-26T18:34:02Z,20206617,10.1016/j.ydbio.2010.02.033,2010,Stimulation of chondrocyte hypertrophy by chemokine stromal cell-derived factor 1 in the chondro-osseous junction during endochondral bone formation,Developmental biology
AMBC_TQcIh4R1haNAmHFG2ikkPgSzueC,unmodified,[],bulk_hydrogel,"[""bulk_hydrogel""]",in_vitro_cartilage,"[""in_vitro_cartilage""]","[""collagen""]","[""articular_chondrocyte""]",3D_encapsulation,,,0,1,1,0,1,0,2026-09-26T18:34:02Z,20951345,10.1016/j.devcel.2010.09.008,2010,Zfp521 is a target gene and key effector of parathyroid hormone-related peptide signaling in growth plate chondrocytes,Developmental cell
AMBC_Wv4tFh5NNCaxRnaDWWf9jQCflUM,unmodified,[],bulk_hydrogel,"[""bulk_hydrogel""]",in_vitro_cartilage,"[""in_vitro_cartilage""]","[""collagen""]","[""articular_chondrocyte""]",3D_encapsulation,,,0,1,1,0,1,0,2026-09-26T18:34:02Z,19623616,10.1002/jor.20954,2010,Axin2 regulates chondrocyte maturation and axial skeletal development,Journal of orthopaedic research : official publication of the Orthopaedic Research Society
AMBC_K6XZlwymug356sBzzGnk5CXnX0R,unmodified,[],bulk_hydrogel,"[""bulk_hydrogel""]",in_vitro_cartilage,"[""in_vitro_cartilage""]","[""collagen""]","[""articular_chondrocyte""]",3D_encapsulation,murine,,0,1,1,0,1,0,2026-09-26T18:34:02Z,20181744,10.1242/dev.045005,2010,Runx1 and Runx2 cooperate during sternal morphogenesis,"Development (Cambridge, England)"
AMBC_OUBB6gYfAwj0Qvn7wG42ae9O0lL,unmodified,[],bulk_hydrogel,"[""bulk_hydrogel""]",in_vitro_cartilage,"[""in_vitro_cartilage""]","[""collagen""]","[""articular_chondrocyte""]",3D_encapsulation,,,0,1,1,0,1,0,2026-09-26T18:34:02Z,20489139,10.2353/ajpath.2010.090758,2010,Myeloid CD34+CD13+ precursor cells transdifferentiate into chondrocyte-like cells in atherosclerotic intimal calcification,The American journal of pathology
AMBC_HFELFA7j8LCoOQJebrpORvzbxWP,unmodified,[],bulk_hydrogel,"[""bulk_hydrogel""]",in_vitro_cartilage,"[""in_vitro_cartilage""]","[""collagen""]","[""articular_chondrocyte"", ""ATDC5""]",3D_encapsulation,murine,,0,1,1,0,1,0,2026-09-26T18:34:02Z,21075078,10.1016/j.bbrc.2010.11.023,2010,"The effects of Sp7/Osterix gene silencing in the chondroprogenitor cell line, ATDC5",Biochemical and biophysical research communications
AMBC_I1flmUPE4JzqMXRxC9iGyw8rgqh,unmodified,[],bulk_hydrogel,"[""bulk_hydrogel""]",in_vitro_cartilage,"[""in_vitro_cartilage""]","[""collagen""]","[""articular_chondrocyte""]",3D_encapsulation,human,,0,1,1,0,1,0,2026-09-26T18:34:02Z,19604038,10.1089/ten.TEA.2009.0082,2010,Calcineurin inhibitors promote chondrogenic marker expression of dedifferentiated human adult chondrocytes via stimulation of endogenous TGFbeta1 production,Tissue engineering. Part A
AMBC_1OynXLP8Z6xxZo1f5iK0JVU573b,rgd_conjugated,"[""rgd_conjugated""]",bulk_hydrogel,"[""bulk_hydrogel""]",in_vitro_cartilage,"[""in_vitro_cartilage""]","[""silk_fibrin""]","[""articular_chondrocyte""]",3D_encapsulation,,,0,1,1,0,1,0,2026-09-26T18:34:02Z,20643479,10.1016/j.biomaterials.2010.06.045,2010,Effects of RGDS sequence genetically interfused in the silk fibroin light chain protein on chondrocyte adhesion and cartilage synthesis,Biomaterials
AMBC_2pb17BTaufj8FBDcv12gio0zjsy,unmodified,[],monolayer,"[""monolayer""]",in_vitro_cartilage,"[""in_vitro_cartilage""]","[""alginate""]","[""articular_chondrocyte""]",2D,human,,0,1,1,0,1,0,2026-09-26T18:34:02Z,19800998,10.1016/j.joca.2009.09.004,2010,"Phenotype-related differential alpha-2,6- or alpha-2,3-sialylation of glycoprotein N-glycans in human chondrocytes",Osteoarthritis and cartilage
AMBC_7zGwKoeXUkC1PO2zSqZ8QWOmyfg,sulfated,"[""sulfated""]",bulk_hydrogel,"[""bulk_hydrogel""]",in_vitro_cartilage,"[""in_vitro_cartilage""]",[],"[""articular_chondrocyte"", ""MSC""]",3D_encapsulation,,,0,1,1,0,1,0,2026-09-26T18:34:02Z,20153827,10.1016/j.matbio.2010.02.003,2010,Adult equine bone marrow stromal cells produce a cartilage-like ECM mechanically superior to animal-matched adult chondrocytes,Matrix biology : journal of the International Society for Matrix Biology
AMBC_2lJTutUme8ljYpozK0gcvD65dhT,unmodified,[],monolayer,"[""monolayer""]",in_vitro_cartilage,"[""in_vitro_cartilage""]","[""alginate"", ""collagen"", ""agarose""]","[""articular_chondrocyte""]",2D,human,,0,1,1,0,1,0,2026-09-26T18:34:02Z,20020445,10.1002/jcp.21994,2010,Development and characterization of a human articular cartilage-derived chondrocyte cell line that retains chondrocyte phenotype,Journal of cellular physiology
AMBC_OfKvqhacG0DwuRe7w1rmVP38IDY,unmodified,[],bulk_hydrogel,"[""bulk_hydrogel""]",in_vitro_cartilage,"[""in_vitro_cartilage""]","[""collagen"", ""chitosan"", ""gelatin""]","[""articular_chondrocyte""]",3D_encapsulation,murine,,0,1,1,0,1,0,2026-09-26T18:34:02Z,20632367,10.1002/bit.22862,2010,Lentivirus-mediated knockdown of aggrecanase-1 and -2 promotes chondrocyte-engineered cartilage formation in vitro,Biotechnology and bioengineering
AMBC_LO3YN56hfm2Xcx0B1nAdFRyS4Q7,rgd_conjugated,"[""rgd_conjugated""]",bulk_hydrogel,"[""bulk_hydrogel""]",in_vitro_cartilage,"[""in_vitro_cartilage""]",[],"[""articular_chondrocyte""]",3D_encapsulation,,,0,1,1,0,1,0,2026-09-26T18:34:02Z,20674012,10.1016/j.biomaterials.2010.07.014,2010,Effects of immobilizing sites of RGD peptides in amphiphilic block copolymers on efficacy of cell adhesion,Biomaterials
AMBC_Bjnbh8rRZYD1EOWDV4gmHRWTYxA,unmodified,[],bulk_hydrogel,"[""bulk_hydrogel""]",in_vitro_cartilage,"[""in_vitro_cartilage""]","[""HA"", ""chitosan"", ""PVA""]","[""articular_chondrocyte""]",3D_encapsulation,,,0,1,1,0,1,0,2026-09-26T18:34:02Z,20406034,10.33549/physiolres.931888,2010,Non-woven PGA/PVA fibrous mesh as an appropriate scaffold for chondrocyte proliferation,Physiological research
AMBC_Z21VNrtBG2dcSLBLks2eUbuGxy3,unmodified,[],bulk_hydrogel,"[""bulk_hydrogel""]",in_vitro_cartilage,"[""in_vitro_cartilage""]","[""fibrin""]","[""articular_chondrocyte""]",3D_encapsulation,,,0,1,1,0,1,0,2026-09-26T18:34:02Z,20390360,10.1007/s10561-009-9163-y,2010,Chondrocyte suspension in fibrin glue,Cell and tissue banking
AMBC_Qkfe8Wr30FonFTVVj45LYG13GAz,methacrylated,"[""methacrylated""]",bulk_hydrogel,"[""bulk_hydrogel""]",in_vitro_cartilage,"[""in_vitro_cartilage""]","[""HA""]","[""articular_chondrocyte""]",3D_encapsulation,bovine,,0,1,1,0,1,0,2026-09-26T18:34:02Z,20936090,10.1039/C0SM00101E,2010,"Hierarchically structured, hyaluronic acid-based hydrogel matrices via the covalent integration of microgels into macroscopic networks",Soft matter
AMBC_SfToDYBi16TgB16eruHiXttxpGu,unmodified,[],fiber,"[""fiber""]",in_vitro_cartilage,"[""in_vitro_cartilage""]","[""alginate"", ""PEG"", ""collagen"", ""agarose""]","[""articular_chondrocyte""]",3D_encapsulation,,,0,1,1,0,1,0,2026-09-26T18:34:02Z,20184414,10.1089/ten.TEC.2009.0400,2010,Self-assembled rosette nanotube/hydrogel composites for cartilage tissue engineering,"Tissue engineering. Part C, Methods"
AMBC_MIbjJfVKxpDnyHVg6SPI4ZrIE9O,unmodified,[],bulk_hydrogel,"[""bulk_hydrogel""]",in_vitro_cartilage,"[""in_vitro_cartilage""]","[""agarose""]","[""articular_chondrocyte""]",3D_encapsulation,,,0,1,1,0,1,0,2026-09-26T18:34:02Z,20725950,10.1002/jbm.b.31686,2010,Silk hydrogel for cartilage tissue engineering,"Journal of biomedical materials research. Part B, Applied biomaterials"
AMBC_HwpO40UZjgRXRqXS7w4R3BD5lLg,unmodified,[],injectable,"[""injectable""]",in_vitro_cartilage,"[""in_vitro_cartilage""]","[""HA"", ""collagen""]","[""articular_chondrocyte""]",3D_encapsulation,bovine,,0,1,1,0,1,0,2026-09-26T18:34:02Z,20186668,10.22203/ecm.v019a09,2010,The composition of hydrogels for cartilage tissue engineering can influence glycosaminoglycan profile,European cells & materials
AMBC_IOe4zBduPa7VQL9jSQiioWV8yDK,sulfated,"[""sulfated""]",bulk_hydrogel,"[""bulk_hydrogel""]",in_vitro_cartilage,"[""in_vitro_cartilage""]","[""collagen""]","[""articular_chondrocyte""]",3D_encapsulation,bovine,,0,1,1,0,1,0,2026-09-26T18:34:02Z,19720146,10.1016/j.matbio.2009.08.004,2010,Dynamic loading stimulates chondrocyte biosynthesis when encapsulated in charged hydrogels prepared from poly(ethylene glycol) and chondroitin sulfate,Matrix biology : journal of the International Society for Matrix Biology
AMBC_SrIFjjRFg7Tc7TklM0xGExEFFHi,unmodified,[],bulk_hydrogel,"[""bulk_hydrogel""]",in_vitro_cartilage,"[""in_vitro_cartilage""]",[],"[""articular_chondrocyte""]",3D_encapsulation,,TGF_b3,0,1,1,0,1,0,2026-09-26T18:34:02Z,19834956,10.1002/term.205,2010,A nanofibrous cell-seeded hydrogel promotes integration in a cartilage gap model,Journal of tissue engineering and regenerative medicine
AMBC_ZnWP4lBWHTAXEj7rMmICSAR1Yf9,unmodified,[],injectable,"[""injectable""]",in_vitro_cartilage,"[""in_vitro_cartilage""]",[],"[""articular_chondrocyte""]",3D_encapsulation,,,0,1,1,0,1,0,2026-09-26T18:34:02Z,20864172,10.1016/j.biomaterials.2010.08.067,2010,In situ thermal gelling polypeptide for chondrocytes 3D culture,Biomaterials
AMBC_CJRiyzGlElGoUhV7X41KQeAdKvv,rgd_conjugated,"[""rgd_conjugated""]",injectable,"[""injectable""]",in_vitro_cartilage,"[""in_vitro_cartilage""]",[],"[""articular_chondrocyte""]",3D_encapsulation,,,0,1,1,0,1,0,2026-09-26T18:34:02Z,19836832,10.1016/j.biomaterials.2009.09.026,2010,Reversible hydrogel formation driven by protein-peptide-specific interaction and chondrocyte entrapment,Biomaterials
AMBC_A3xX2GHmWwOREMJLEY54Fp3ciKM,unmodified,[],monolayer,"[""monolayer""]",in_vitro_cartilage,"[""in_vitro_cartilage""]",[],"[""articular_chondrocyte""]",2D,human,,0,1,1,0,1,0,2026-09-26T18:34:02Z,20233009,10.1089/ten.TEA.2009.0647,2010,Spontaneous redifferentiation of dedifferentiated human articular chondrocytes on hydrogel surfaces,Tissue engineering. Part A
AMBC_9N4XkaKVLEJHtxNQGwPZ9ieJ1Ip,thiolated,"[""thiolated""]",bulk_hydrogel,"[""bulk_hydrogel""]",in_vitro_cartilage,"[""in_vitro_cartilage""]","[""alginate"", ""collagen""]","[""articular_chondrocyte""]",3D_encapsulation,,,0,1,1,0,1,0,2026-09-26T18:34:02Z,19327003,10.1089/ten.TEC.2008.0548,2010,In vitro chondrocyte culture in a heparin-based hydrogel for cartilage regeneration,"Tissue engineering. Part C, Methods"
AMBC_4Vmqvx9DhVD40hfhMVAyRwLy6yy,unmodified,[],bulk_hydrogel,"[""bulk_hydrogel""]",auricular,"[""auricular"", ""in_vitro_cartilage""]","[""collagen""]","[""articular_chondrocyte"", ""auricular_chondrocyte""]",3D_encapsulation,human,,0,1,1,0,1,0,2026-09-26T18:34:02Z,20372812,10.3892/ijmm_00000394,2010,Characterization of auricular chondrocytes and auricular/articular chondrocyte co-cultures in terms of an application in articular cartilage repair,International journal of molecular medicine
AMBC_8wV5UlfNeG5ZFEbQZq0CkYk5f8z,sulfated,"[""sulfated""]",bulk_hydrogel,"[""bulk_hydrogel""]",auricular,"[""auricular"", ""in_vivo_repair"", ""in_vitro_cartilage""]","[""alginate"", ""collagen"", ""PVA""]","[""articular_chondrocyte""]",3D_encapsulation,human,,0,1,1,0,1,0,2026-09-26T18:34:02Z,20538292,10.1016/j.jss.2010.03.070,2010,Porous poly(vinyl alcohol)-alginate gel hybrid construct for neocartilage formation using human nasoseptal cells,The Journal of surgical research
AMBC_PRZcIHrYV91eFvwPZ4QjkH5usGj,unmodified,[],bulk_hydrogel,"[""bulk_hydrogel""]",osteochondral,"[""osteochondral"", ""in_vivo_repair"", ""in_vitro_cartilage""]","[""collagen"", ""agarose""]","[""articular_chondrocyte""]",3D_encapsulation,,,0,1,1,0,1,0,2026-09-26T18:34:07Z,19022685,10.1016/j.joca.2008.10.003,2009,Influence of decreasing nutrient path length on the development of engineered cartilage,Osteoarthritis and cartilage
AMBC_7S6vwViIfs3QLUq3utXtBKES9cM,unmodified,[],fiber,"[""fiber""]",osteochondral,"[""osteochondral"", ""drug_delivery"", ""in_vitro_cartilage""]","[""HA""]","[""articular_chondrocyte"", ""MSC""]",3D_encapsulation,human,,0,1,1,0,1,0,2026-09-26T18:34:07Z,19418224,10.1007/s10439-009-9704-3,2009,Poly-L-lactic acid/hydroxyapatite electrospun nanocomposites induce chondrogenic differentiation of human MSC,Annals of biomedical engineering
AMBC_XNf25ynstHaRC6uueoLmV8m5UKE,genipin,"[""genipin""]",injectable,"[""injectable""]",osteochondral,"[""osteochondral"", ""in_vitro_cartilage""]","[""gelatin""]",[],3D_encapsulation,murine,,0,1,1,0,1,0,2026-09-26T18:34:07Z,19633829,10.1007/s00167-009-0881-2,2009,A novel injectable hydrogel in combination with a surgical sealant in a rat knee osteochondral defect model,"Knee surgery, sports traumatology, arthroscopy : official journal of the ESSKA"
AMBC_UqlxQIKYUYrmivShEr8pfllnRHT,unmodified,[],bulk_hydrogel,"[""bulk_hydrogel""]",osteochondral,"[""osteochondral"", ""in_vivo_repair"", ""in_vitro_cartilage""]","[""collagen""]",[],3D_encapsulation,,,0,1,1,0,1,0,2026-09-26T18:34:07Z,19031389,10.1002/mabi.200800223,2009,A novel double-network hydrogel induces spontaneous articular cartilage regeneration in vivo in a large osteochondral defect,Macromolecular bioscience
AMBC_C6SdEh3ImpEsrekUN2ev7LEy8Ad,sulfated,"[""sulfated""]",bulk_hydrogel,"[""bulk_hydrogel""]",osteochondral,"[""osteochondral"", ""in_vitro_cartilage""]","[""collagen""]","[""articular_chondrocyte""]",3D_encapsulation,bovine,,0,1,1,0,1,0,2026-09-26T18:34:02Z,19861697,10.1177/0363546509351496,2009,Chondrocyte viability is higher after prolonged storage at 37 degrees C than at 4 degrees C for osteochondral grafts,The American journal of sports medicine
AMBC_57beWgpFHQzz3XOdKvc35fd3azh,unmodified,[],injectable,"[""injectable""]",osteochondral,"[""osteochondral""]","[""gelatin""]","[""MSC""]",3D_encapsulation,rabbit,,0,1,1,0,1,0,2026-09-26T18:34:02Z,19232711,10.1016/j.biomaterials.2009.01.048,2009,In vitro generation of an osteochondral construct using injectable hydrogel composites encapsulating rabbit marrow mesenchymal stem cells,Biomaterials
AMBC_DKml8UgLwg8NnTH3InUyZIZj6bD,unmodified,[],bulk_hydrogel,"[""bulk_hydrogel""]",in_vitro_cartilage,"[""in_vitro_cartilage""]","[""collagen""]","[""articular_chondrocyte""]",3D_encapsulation,,,0,1,1,0,1,0,2026-09-26T18:34:11Z,19151918,10.1007/s00018-008-8633-x,2009,Regulation of chondrocyte differentiation by ADAMTS-12 metalloproteinase depends on its enzymatic activity,Cellular and molecular life sciences : CMLS
AMBC_UUBnscsseojOvHPpDoijwVJYl3i,unmodified,[],bulk_hydrogel,"[""bulk_hydrogel""]",in_vitro_cartilage,"[""in_vitro_cartilage""]","[""collagen""]",[],3D_encapsulation,,,0,1,1,0,1,0,2026-09-26T18:34:11Z,19041414,10.1016/j.biocel.2008.10.032,2009,Smad3 activates the Sox9-dependent transcription on chromatin,The international journal of biochemistry & cell biology
AMBC_YHHz3S4Wu5zzWTXYkRtIuqxI2K1,unmodified,[],bulk_hydrogel,"[""bulk_hydrogel""]",in_vitro_cartilage,"[""in_vitro_cartilage""]","[""collagen""]","[""articular_chondrocyte"", ""MSC""]",3D_encapsulation,human,TGF_b3,0,1,1,0,1,0,2026-09-26T18:34:11Z,19442617,10.1016/j.bone.2009.01.365,2009,Galectin-9 accelerates transforming growth factor beta3-induced differentiation of human mesenchymal stem cells to chondrocytes,Bone
AMBC_U5LWmSEWivBu0CSQ38KTpV9WudM,unmodified,[],bulk_hydrogel,"[""bulk_hydrogel""]",in_vitro_cartilage,"[""in_vitro_cartilage""]","[""collagen""]",[],3D_encapsulation,,,0,1,1,0,1,0,2026-09-26T18:34:11Z,19063663,10.1089/ten.teb.2008.0329,2009,Morphogenetic and regulatory mechanisms during developmental chondrogenesis: new paradigms for cartilage tissue engineering,"Tissue engineering. Part B, Reviews"
AMBC_F2jp8vqUqx1lQ0lQmOmtqa6TzMw,unmodified,[],bulk_hydrogel,"[""bulk_hydrogel""]",in_vitro_cartilage,"[""in_vitro_cartilage""]","[""collagen""]","[""articular_chondrocyte"", ""MSC""]",3D_encapsulation,,,0,1,1,0,1,0,2026-09-26T18:34:11Z,19716643,10.1016/j.diff.2009.08.001,2009,Histone deacetylase 4 promotes TGF-beta1-induced synovium-derived stem cell chondrogenesis but inhibits chondrogenically differentiated stem cell hypertrophy,Differentiation; research in biological diversity
AMBC_Va6lK6ev31042ArGq3mtN9yPxBO,unmodified,[],bulk_hydrogel,"[""bulk_hydrogel""]",in_vitro_cartilage,"[""in_vitro_cartilage""]","[""collagen""]","[""MSC""]",3D_encapsulation,,,0,1,1,0,1,0,2026-09-26T18:34:11Z,19750290,10.3415/VCOT-08-10-0107,2009,Chondrogenic potential of mesenchymal stromal cells derived from equine bone marrow and umbilical cord blood,Veterinary and comparative orthopaedics and traumatology : V.C.O.T
AMBC_9mQnaIlZ9t4IxBTVC4lDaOtE1QC,unmodified,[],bulk_hydrogel,"[""bulk_hydrogel""]",in_vitro_cartilage,"[""in_vitro_cartilage""]","[""collagen""]","[""articular_chondrocyte"", ""MSC""]",3D_encapsulation,human,,0,1,1,0,1,0,2026-09-26T18:34:11Z,19799789,10.1186/ar2822,2009,Hypertrophy is induced during the in vitro chondrogenic differentiation of human mesenchymal stem cells by bone morphogenetic protein-2 and bone morphogenetic protein-4 gene transfer,Arthritis research & therapy
AMBC_Z9SlnSwB88l89ZD484qRUL2935u,unmodified,[],bulk_hydrogel,"[""bulk_hydrogel""]",in_vitro_cartilage,"[""in_vitro_cartilage""]","[""collagen""]","[""articular_chondrocyte"", ""MSC""]",3D_encapsulation,human,,0,1,1,0,1,0,2026-09-26T18:34:11Z,19751111,10.1089/clo.2009.0013,2009,Transcriptomic analysis identifies Foxo3A as a novel transcription factor regulating mesenchymal stem cell chrondrogenic differentiation,Cloning and stem cells
AMBC_AzrGa2gJzo3ZZrm2u0sG34ah2sm,unmodified,[],bulk_hydrogel,"[""bulk_hydrogel""]",in_vitro_cartilage,"[""in_vitro_cartilage""]","[""collagen""]","[""articular_chondrocyte"", ""MSC""]",3D_encapsulation,human,,0,1,1,0,1,0,2026-09-26T18:34:11Z,19248089,10.1002/art.24352,2009,Interleukin-1beta and tumor necrosis factor alpha inhibit chondrogenesis by human mesenchymal stem cells through NF-kappaB-dependent pathways,Arthritis and rheumatism
AMBC_KzCI9nkyQ0sFpLoOYDjZMUoUYt,unmodified,[],bulk_hydrogel,"[""bulk_hydrogel""]",in_vitro_cartilage,"[""in_vitro_cartilage""]","[""collagen""]","[""articular_chondrocyte"", ""MSC""]",3D_encapsulation,bovine,,0,1,1,0,1,0,2026-09-26T18:34:11Z,19327011,10.1089/scd.2008.0306,2009,Matrix metalloprotease inhibitors suppress initiation and progression of chondrogenic differentiation of mesenchymal stromal cells in vitro,Stem cells and development
AMBC_OqJndiUzWucftQJXLEXocwZKQ0o,unmodified,[],bulk_hydrogel,"[""bulk_hydrogel""]",in_vitro_cartilage,"[""in_vitro_cartilage""]","[""collagen"", ""agarose""]","[""articular_chondrocyte"", ""MSC""]",3D_encapsulation,,TGF_b3,0,1,1,0,1,0,2026-09-26T18:34:11Z,19432533,10.1089/ten.TEA.2009.0198,2009,Transient exposure to transforming growth factor beta 3 improves the mechanical properties of mesenchymal stem cell-laden cartilage constructs in a density-dependent manner,Tissue engineering. Part A
AMBC_AmvWmr2Fx1BwFVhVYtZcr6fjjwH,rgd_conjugated,"[""rgd_conjugated""]",bulk_hydrogel,"[""bulk_hydrogel""]",in_vitro_cartilage,"[""in_vitro_cartilage""]","[""collagen""]","[""MSC""]",3D_encapsulation,human,,0,1,1,0,1,0,2026-09-26T18:34:11Z,18546186,10.1002/jbm.a.32112,2009,Decorin moieties tethered into PEG networks induce chondrogenesis of human mesenchymal stem cells,Journal of biomedical materials research. Part A
AMBC_9aP9vJZxNNETDBRZWNRWdY9XAJc,unmodified,[],bulk_hydrogel,"[""bulk_hydrogel""]",in_vitro_cartilage,"[""in_vitro_cartilage""]","[""collagen"", ""fibrin""]","[""MSC""]",3D_encapsulation,human,,0,1,1,0,1,0,2026-09-26T18:34:11Z,19115827,10.1089/ten.tea.2008.0247,2009,Chondrogenesis of human bone marrow mesenchymal stem cells in fibrin-polyurethane composites,Tissue engineering. Part A
AMBC_ZMw8w9zgzvhSk0jzlez1ArSyCoQ,unmodified,[],bulk_hydrogel,"[""bulk_hydrogel""]",in_vitro_cartilage,"[""in_vitro_cartilage""]","[""HA"", ""collagen""]","[""MSC""]",3D_encapsulation,,,0,1,1,0,1,0,2026-09-26T18:34:11Z,19775743,10.1016/j.biomaterials.2009.09.009,2009,"Perlecan domain I-conjugated, hyaluronic acid-based hydrogel particles for enhanced chondrogenic differentiation via BMP-2 release",Biomaterials
AMBC_7eR9aeKd7hnDwV6unBNoRCH2dW8,unmodified,[],bulk_hydrogel,"[""bulk_hydrogel""]",in_vitro_cartilage,"[""in_vitro_cartilage""]","[""agarose""]","[""MSC""]",3D_encapsulation,,,0,1,1,0,1,0,2026-09-26T18:34:11Z,19243241,10.1089/ten.TEA.2008.0357,2009,Dynamic compression stimulates proteoglycan synthesis by mesenchymal stem cells in the absence of chondrogenic cytokines,Tissue engineering. Part A
AMBC_FsiJVSbg599EF6E8s1qDDNq8eF5,unmodified,[],bulk_hydrogel,"[""bulk_hydrogel""]",in_vitro_cartilage,"[""in_vitro_cartilage""]","[""HA"", ""agarose""]","[""articular_chondrocyte"", ""MSC""]",3D_encapsulation,bovine,,0,1,1,0,1,0,2026-09-26T18:34:11Z,19119920,10.1089/ten.tea.2008.0099,2009,Differential maturation and structure-function relationships in mesenchymal stem cell- and chondrocyte-seeded hydrogels,Tissue engineering. Part A
AMBC_M34rnpN9AcTrnGJoYreeis1VUL3,methacrylated,"[""methacrylated""]",bulk_hydrogel,"[""bulk_hydrogel""]",in_vitro_cartilage,"[""in_vitro_cartilage""]","[""HA"", ""agarose""]","[""MSC""]",3D_encapsulation,,,0,1,1,0,1,0,2026-09-26T18:34:11Z,19631307,10.1016/j.joca.2009.07.003,2009,Macromer density influences mesenchymal stem cell chondrogenesis and maturation in photocrosslinked hyaluronic acid hydrogels,Osteoarthritis and cartilage
AMBC_2VueFC7ZFu8YfKqzcptccVU88Eu,unmodified,[],bulk_hydrogel,"[""bulk_hydrogel""]",in_vitro_cartilage,"[""in_vitro_cartilage""]","[""alginate""]",[],3D_encapsulation,bovine,,0,1,1,0,1,0,2026-09-26T18:34:07Z,19117571,10.1016/j.jbiomech.2008.11.009,2009,Asymmetrical strain distributions and neutral axis location of cartilage in flexure,Journal of biomechanics
AMBC_2N4mtBo6g0N5GCqWts6GEfEUNbp,unmodified,[],bulk_hydrogel,"[""bulk_hydrogel""]",in_vitro_cartilage,"[""in_vitro_cartilage""]","[""HA""]","[""articular_chondrocyte"", ""MSC""]",3D_encapsulation,human,,0,1,1,0,1,0,2026-09-26T18:34:07Z,19742179,10.3390/ijms10072972,2009,Hyaluronan benzyl ester as a scaffold for tissue engineering,International journal of molecular sciences
AMBC_6G9O5CxGlyCCpw0AL05A4hKBERD,unmodified,[],bulk_hydrogel,"[""bulk_hydrogel""]",in_vitro_cartilage,"[""in_vitro_cartilage""]","[""collagen""]",[],3D_encapsulation,,,0,1,1,0,1,0,2026-09-26T18:34:07Z,20703332,10.1007/s12195-009-0070-x,2009,Duty Cycle of Deformational Loading Influences the Growth of Engineered Articular Cartilage,Cellular and molecular bioengineering
AMBC_E9oUI9l3Kvhrad7IVVSdCRNVQ1A,unmodified,[],bulk_hydrogel,"[""bulk_hydrogel""]",in_vitro_cartilage,"[""in_vitro_cartilage""]","[""collagen"", ""agarose""]","[""articular_chondrocyte""]",3D_encapsulation,bovine,,0,1,1,0,1,0,2026-09-26T18:34:07Z,18801665,10.1016/j.joca.2008.06.013,2009,Scaffold degradation elevates the collagen content and dynamic compressive modulus in engineered articular cartilage,Osteoarthritis and cartilage
AMBC_I740DSmJ8eJMLwgVoLj6Wyrb04u,unmodified,[],bulk_hydrogel,"[""bulk_hydrogel""]",in_vitro_cartilage,"[""in_vitro_cartilage""]","[""collagen""]","[""articular_chondrocyte""]",3D_encapsulation,bovine,,0,1,1,0,1,0,2026-09-26T18:34:07Z,19013549,10.1016/j.archoralbio.2008.09.018,2009,A comparison of primary and passaged chondrocytes for use in engineering the temporomandibular joint,Archives of oral biology
AMBC_ZzrPFfFCkkpExpbsWea4kVlW26C,unmodified,[],bulk_hydrogel,"[""bulk_hydrogel""]",in_vitro_cartilage,"[""in_vitro_cartilage""]",[],"[""articular_chondrocyte""]",3D_encapsulation,,,0,1,1,0,1,0,2026-09-26T18:34:07Z,19020862,10.1007/s00167-008-0663-2,2009,Clinical application of scaffolds for cartilage tissue engineering,"Knee surgery, sports traumatology, arthroscopy : official journal of the ESSKA"
AMBC_1eGNZXwI69gYSoVuGNfxqVIA6WM,sulfated,"[""sulfated""]",bulk_hydrogel,"[""bulk_hydrogel""]",in_vitro_cartilage,"[""in_vitro_cartilage""]","[""collagen""]",[],3D_encapsulation,,,0,1,1,0,1,0,2026-09-26T18:34:07Z,19123232,10.1002/jor.20821,2009,Effects of multiple chondroitinase ABC applications on tissue engineered articular cartilage,Journal of orthopaedic research : official publication of the Orthopaedic Research Society
AMBC_DZcgs8BgemR3Oqz7ogHwwYOak51,unmodified,[],bulk_hydrogel,"[""bulk_hydrogel""]",in_vitro_cartilage,"[""in_vitro_cartilage""]",[],"[""articular_chondrocyte""]",3D_encapsulation,,,0,1,1,0,1,0,2026-09-26T18:34:07Z,19575393,10.1002/term.192,2009,Signalling molecules and growth factors for tissue engineering of cartilage-what can we learn from the growth plate?,Journal of tissue engineering and regenerative medicine
AMBC_C7zcRrFZquXwkbqOwxK0rwUR60j,genipin,"[""genipin""]",bulk_hydrogel,"[""bulk_hydrogel""]",in_vitro_cartilage,"[""in_vitro_cartilage""]","[""agarose""]","[""articular_chondrocyte""]",3D_encapsulation,,,0,1,1,0,1,0,2026-09-26T18:34:07Z,19025982,10.1002/jbm.a.32305,2009,Genipin enhances the mechanical properties of tissue-engineered cartilage and protects against inflammatory degradation when used as a medium supplement,Journal of biomedical materials research. Part A
AMBC_KeZsxd6pKO1blXlgNW7xd3pfI3L,unmodified,[],bulk_hydrogel,"[""bulk_hydrogel""]",in_vitro_cartilage,"[""in_vitro_cartilage""]","[""collagen""]","[""MSC""]",3D_encapsulation,,,0,1,1,0,1,0,2026-09-26T18:34:07Z,19793444,10.1163/156856208X386462,2009,A collagen sponge incorporating a hydroxyapatite/chondroitinsulfate composite as a scaffold for cartilage tissue engineering,Journal of biomaterials science. Polymer edition
AMBC_OJUy55jefowzspFNxoz0ZF5c6oz,unmodified,[],bulk_hydrogel,"[""bulk_hydrogel""]",in_vitro_cartilage,"[""in_vitro_cartilage""]",[],[],3D_encapsulation,,,0,1,1,0,1,0,2026-09-26T18:34:07Z,19431995,,2009,Application of acellular matrix in cartilage tissue engineering,Zhongguo xiu fu chong jian wai ke za zhi = Zhongguo xiufu chongjian waike zazhi = Chinese journal of reparative and reconstructive surgery
AMBC_MqNdqpnoSaG71FrqAT5Vg4OJF2Z,unmodified,[],bulk_hydrogel,"[""bulk_hydrogel""]",in_vitro_cartilage,"[""in_vitro_cartilage""]","[""collagen"", ""fibrin""]","[""MSC""]",3D_encapsulation,human,,0,1,1,0,1,0,2026-09-26T18:34:07Z,19086806,10.1089/ten.tea.2008.0400,2009,Epsilon-aminocaproic acid is a useful fibrin degradation inhibitor for cartilage tissue engineering,Tissue engineering. Part A
AMBC_CZ9MRl5hrVKjytsmXAAuwtAWpDn,unmodified,[],bulk_hydrogel,"[""bulk_hydrogel""]",in_vitro_cartilage,"[""in_vitro_cartilage""]","[""chitosan"", ""PVA""]",[],3D_encapsulation,,,0,1,1,0,1,0,2026-09-26T18:34:07Z,19289306,10.1016/j.actbio.2009.02.014,2009,Unconfined compression properties of a porous poly(vinyl alcohol)-chitosan-based hydrogel after hydration,Acta biomaterialia
AMBC_CyUOrbReiiUQcuN4065hKi6Dk0A,unmodified,[],bulk_hydrogel,"[""bulk_hydrogel""]",in_vitro_cartilage,"[""in_vitro_cartilage""]",[],[],3D_encapsulation,,,0,1,1,0,1,0,2026-09-26T18:34:07Z,18831003,10.1002/bit.22105,2009,Dynamic compressive loading influences degradation behavior of PEG-PLA hydrogels,Biotechnology and bioengineering
AMBC_WT8PYcdElQgtEZU1kGgDXQ5GzNz,edc_nhs,"[""edc_nhs""]",injectable,"[""injectable""]",in_vitro_cartilage,"[""in_vitro_cartilage""]","[""chitosan""]","[""articular_chondrocyte""]",3D_encapsulation,bovine,,0,1,1,0,1,0,2026-09-26T18:34:07Z,19261553,10.1016/j.actbio.2009.01.040,2009,Thermosensitive chitosan-Pluronic hydrogel as an injectable cell delivery carrier for cartilage regeneration,Acta biomaterialia
AMBC_84zy8bUDM0QuVSk4gnoZfvyAfzD,unmodified,[],monolayer,"[""monolayer""]",in_vitro_cartilage,"[""in_vitro_cartilage""]","[""alginate"", ""fibrin""]","[""articular_chondrocyte""]",3D_encapsulation,human,,0,1,1,0,1,0,2026-09-26T18:34:07Z,19807980,10.2500/ajra.2009.23.3347,2009,Cartilage outgrowth in fibrin scaffolds,American journal of rhinology & allergy
AMBC_Ig78EojBPXyPnvKY4bEMpxQFxEe,unmodified,[],injectable,"[""injectable""]",in_vitro_cartilage,"[""in_vitro_cartilage""]","[""chitosan""]","[""articular_chondrocyte""]",3D_encapsulation,,,0,1,1,0,1,0,2026-09-26T18:34:07Z,19176242,10.1016/j.biomaterials.2009.01.020,2009,Injectable chitosan-based hydrogels for cartilage tissue engineering,Biomaterials
AMBC_OzGeqotl56gHLEkmyNG4FKDhd9s,unmodified,[],bulk_hydrogel,"[""bulk_hydrogel""]",in_vitro_cartilage,"[""in_vitro_cartilage""]",[],[],3D_encapsulation,,,0,1,1,0,1,0,2026-09-26T18:34:07Z,19739068,10.1002/mabi.200900176,2009,Strategies for zonal cartilage repair using hydrogels,Macromolecular bioscience
AMBC_Kvp14YjF7a0TSAGxAe4wcTCLlOf,unmodified,[],bulk_hydrogel,"[""bulk_hydrogel""]",in_vitro_cartilage,"[""in_vitro_cartilage""]","[""collagen""]","[""articular_chondrocyte""]",3D_encapsulation,murine,,0,1,1,0,1,0,2026-09-26T18:34:02Z,19023895,10.1002/jor.20805,2009,Prostaglandin E2 inhibits BMP signaling and delays chondrocyte maturation,Journal of orthopaedic research : official publication of the Orthopaedic Research Society
AMBC_IIFKxZaAqY0N7FtpnJv5NCiyuI7,unmodified,[],bulk_hydrogel,"[""bulk_hydrogel""]",in_vitro_cartilage,"[""in_vitro_cartilage""]","[""collagen""]","[""articular_chondrocyte""]",3D_encapsulation,murine,,0,1,1,0,1,0,2026-09-26T18:34:02Z,19217897,10.1016/j.ydbio.2009.02.006,2009,Perichondrial expression of Wdr5 regulates chondrocyte proliferation and differentiation,Developmental biology
AMBC_rcsTP5dC3jURwiuAfogsSzTt9P,unmodified,[],bilayer,"[""bilayer""]",in_vitro_cartilage,"[""in_vitro_cartilage""]","[""collagen""]","[""articular_chondrocyte""]",3D_encapsulation,,,0,1,1,0,1,0,2026-09-26T18:34:02Z,19841142,10.1177/0363546509348477,2009,Use of a type I/III bilayer collagen membrane decreases reoperation rates for symptomatic hypertrophy after autologous chondrocyte implantation,The American journal of sports medicine
AMBC_BjMrVALQkC9qDCVKrLo40JUAees,sulfated,"[""sulfated""]",bulk_hydrogel,"[""bulk_hydrogel""]",in_vitro_cartilage,"[""in_vitro_cartilage""]","[""collagen""]","[""articular_chondrocyte""]",3D_encapsulation,human,,0,1,1,0,1,0,2026-09-26T18:34:02Z,19505682,10.1016/j.cellimm.2009.05.004,2009,Chondrocyte-specific phenotype confers susceptibility of rat chondrocytes to lysis by NK cells,Cellular immunology
AMBC_ZZdmMWA1fbKdhPvrASaGu4AAdXS,unmodified,[],bulk_hydrogel,"[""bulk_hydrogel""]",in_vitro_cartilage,"[""in_vitro_cartilage""]","[""HA"", ""collagen""]","[""MSC""]",3D_encapsulation,,,0,1,1,0,1,0,2026-09-26T18:34:02Z,19464053,10.1016/j.biomaterials.2009.04.040,2009,The influence of degradation characteristics of hyaluronic acid hydrogels on in vitro neocartilage formation by mesenchymal stem cells,Biomaterials
AMBC_MfReEMc84eurbqrJ7UpGZcHF6da,unmodified,[],microsphere,"[""microsphere""]",in_vitro_cartilage,"[""in_vitro_cartilage""]","[""alginate""]","[""articular_chondrocyte""]",2D,human,,0,1,1,0,1,0,2026-09-26T18:34:02Z,19439332,10.1016/j.rvsc.2009.04.008,2009,Molecular and phenotypic modulations of primary and immortalized canine chondrocytes in different culture systems,Research in veterinary science
AMBC_OfFYnGhvAYfxnnptefjhITFfZ7T,unmodified,[],bulk_hydrogel,"[""bulk_hydrogel""]",in_vitro_cartilage,"[""in_vitro_cartilage""]","[""alginate"", ""collagen""]","[""articular_chondrocyte""]",3D_encapsulation,bovine,,0,1,1,0,1,0,2026-09-26T18:34:02Z,19051248,10.1002/jor.20816,2009,Sustained hypoxia enhances chondrocyte matrix synthesis,Journal of orthopaedic research : official publication of the Orthopaedic Research Society
AMBC_C6PZuv1B9W352DugJJlpMSnI3b3,unmodified,[],monolayer,"[""monolayer""]",in_vitro_cartilage,"[""in_vitro_cartilage""]","[""collagen""]","[""articular_chondrocyte""]",3D_encapsulation,bovine,,0,1,1,0,1,0,2026-09-26T18:34:02Z,19539365,10.1016/j.biomaterials.2009.02.052,2009,Induction of cartilage integration by a chondrocyte/collagen-scaffold implant,Biomaterials
AMBC_6SKjFPPFhW7rcojv2GeJeuogue9,unmodified,[],monolayer,"[""monolayer""]",in_vitro_cartilage,"[""in_vitro_cartilage""]","[""collagen""]","[""articular_chondrocyte""]",2D,,,0,1,1,0,1,0,2026-09-26T18:34:02Z,19267909,10.1186/1472-6750-9-17,2009,The properties of bioengineered chondrocyte sheets for cartilage regeneration,BMC biotechnology
AMBC_zTFlEuo078tWHiXn76D0TkJ3GH,unmodified,[],bulk_hydrogel,"[""bulk_hydrogel""]",in_vitro_cartilage,"[""in_vitro_cartilage""]","[""collagen"", ""chitosan""]","[""articular_chondrocyte""]",3D_encapsulation,,,0,1,1,0,1,0,2026-09-26T18:34:02Z,18759672,10.1089/ten.tea.2008.0051,2009,Engineering endochondral bone: in vitro studies,Tissue engineering. Part A
AMBC_D8rNxXAznriDktMtrOD8wRpe04n,sulfated,"[""sulfated""]",bulk_hydrogel,"[""bulk_hydrogel""]",in_vitro_cartilage,"[""in_vitro_cartilage""]","[""collagen""]","[""articular_chondrocyte"", ""MSC""]",3D_encapsulation,human,,0,1,1,0,1,0,2026-09-26T18:34:02Z,19837997,10.1088/1748-6041/4/6/065001,2009,Fabrication of polycaprolactone collagen hydrogel constructs seeded with mesenchymal stem cells for bone regeneration,"Biomedical materials (Bristol, England)"
AMBC_PKPTgnweu2OwYWz9K7Dk2MrvYV0,sulfated,"[""sulfated""]",monolayer,"[""monolayer""]",in_vitro_cartilage,"[""in_vitro_cartilage""]","[""collagen""]","[""articular_chondrocyte"", ""MSC""]",2D,,,0,1,1,0,1,0,2026-09-26T18:34:02Z,19033681,10.1159/000178024,2009,Low oxygen expansion improves subsequent chondrogenesis of ovine bone-marrow-derived mesenchymal stem cells in collagen type I hydrogel,"Cells, tissues, organs"
AMBC_8wc4okdU0BFXQ2uQWTGdR6C0f6F,unmodified,[],bulk_hydrogel,"[""bulk_hydrogel""]",in_vitro_cartilage,"[""in_vitro_cartilage""]","[""PEG""]","[""articular_chondrocyte""]",3D_encapsulation,human,,0,1,1,0,1,0,2026-09-26T18:34:02Z,19148929,10.1002/jbm.a.32291,2009,Hydrogel-mediated DNA delivery confers estrogenic response in nonresponsive osteoblast cells,Journal of biomedical materials research. Part A
AMBC_EOlNeJqXfKRnWt2cc7RxiBwnU8c,unmodified,[],bulk_hydrogel,"[""bulk_hydrogel""]",in_vitro_cartilage,"[""in_vitro_cartilage""]","[""collagen""]","[""articular_chondrocyte""]",3D_encapsulation,,,0,1,1,0,1,0,2026-09-26T18:34:02Z,18793879,10.1016/j.actbio.2008.07.036,2009,Ultrasound monitoring of cartilaginous matrix evolution in degradable PEG hydrogels,Acta biomaterialia
AMBC_NizCETErfJ2VCKLgaSnK5nVDqwr,enzymatic,"[""enzymatic""]",microsphere,"[""microsphere""]",in_vitro_cartilage,"[""in_vitro_cartilage""]","[""fibrin""]","[""articular_chondrocyte""]",3D_encapsulation,,,0,1,1,0,1,0,2026-09-26T18:34:02Z,18683225,10.1002/jbm.b.31174,2009,"A composite scaffold of PLGA microspheres/fibrin gel for cartilage tissue engineering: fabrication, physical properties, and cell responsiveness","Journal of biomedical materials research. Part B, Applied biomaterials"
AMBC_WyjIZbtCKkHMjpcPEvFYCyUhARE,unmodified,[],bulk_hydrogel,"[""bulk_hydrogel""]",in_vitro_cartilage,"[""in_vitro_cartilage""]","[""collagen"", ""chitosan"", ""gelatin""]","[""articular_chondrocyte""]",3D_encapsulation,rabbit,,0,1,1,0,1,0,2026-09-26T18:34:02Z,19399846,10.1002/jbm.b.31384,2009,Dynamic compression modulates chondrocyte proliferation and matrix biosynthesis in chitosan/gelatin scaffolds,"Journal of biomedical materials research. Part B, Applied biomaterials"
AMBC_QiHnmg4PhysRcZNLbGQEdLqI8cE,unmodified,[],bulk_hydrogel,"[""bulk_hydrogel""]",in_vitro_cartilage,"[""in_vitro_cartilage""]","[""PEG"", ""fibrin""]","[""articular_chondrocyte""]",3D_encapsulation,bovine,,0,1,1,0,1,0,2026-09-26T18:34:02Z,19000634,10.1016/j.biomaterials.2008.09.063,2009,The differential effect of scaffold composition and architecture on chondrocyte response to mechanical stimulation,Biomaterials
AMBC_9qWjlC9lgN1UT1fZK0zhulYcvvm,unmodified,[],bulk_hydrogel,"[""bulk_hydrogel""]",in_vitro_cartilage,"[""in_vitro_cartilage""]","[""collagen"", ""agarose""]","[""articular_chondrocyte""]",3D_encapsulation,,,0,1,1,0,1,0,2026-09-26T18:34:02Z,19231936,10.1089/ten.tea.2008.0391,2009,Zonal chondrocytes seeded in a layered agarose hydrogel create engineered cartilage with depth-dependent cellular and mechanical inhomogeneity,Tissue engineering. Part A
AMBC_P8zVlcYthSoQeDZ6mFWyDIfngTD,unmodified,[],monolayer,"[""monolayer""]",in_vitro_cartilage,"[""in_vitro_cartilage""]","[""alginate""]","[""articular_chondrocyte""]",2D,bovine,,0,1,1,0,1,0,2026-09-26T18:34:02Z,20130769,10.1155/2009/747016,2009,Optimum combination of insulin-transferrin-selenium and fetal bovine serum for culture of rabbit articular chondrocytes in three-dimensional alginate scaffolds,International journal of cell biology
AMBC_Ba95Y3sIzGl4TYoZFxSBoXD7Ao9,rgd_conjugated,"[""rgd_conjugated""]",bulk_hydrogel,"[""bulk_hydrogel""]",in_vitro_cartilage,"[""in_vitro_cartilage""]","[""collagen""]","[""articular_chondrocyte""]",3D_encapsulation,bovine,,0,1,1,0,1,0,2026-09-26T18:34:02Z,19508905,10.1016/j.actbio.2009.05.039,2009,Cell-matrix interactions and dynamic mechanical loading influence chondrocyte gene expression and bioactivity in PEG-RGD hydrogels,Acta biomaterialia
AMBC_3ghgQuDvtc5LqSbShbcnK87Llsj,unmodified,[],bulk_hydrogel,"[""bulk_hydrogel""]",in_vitro_cartilage,"[""in_vitro_cartilage""]",[],"[""articular_chondrocyte""]",3D_encapsulation,bovine,,0,1,1,0,1,0,2026-09-26T18:34:02Z,19415495,10.1007/s10439-009-9699-9,2009,Catabolic responses of chondrocyte-seeded peptide hydrogel to dynamic compression,Annals of biomedical engineering
AMBC_Dt2oZfb3xd7fnFigBOX1GMvzLJ1,unmodified,[],bulk_hydrogel,"[""bulk_hydrogel""]",in_vitro_cartilage,"[""in_vitro_cartilage""]","[""collagen"", ""agarose""]","[""articular_chondrocyte""]",3D_encapsulation,,,0,1,1,0,1,0,2026-09-26T18:34:02Z,18805027,10.1016/j.joca.2008.05.019,2009,Analysis of radial variations in material properties and matrix composition of chondrocyte-seeded agarose hydrogel constructs,Osteoarthritis and cartilage
AMBC_SCbTMA7Y0dq50JIZxuvxjv9tNZq,sulfated,"[""sulfated""]",injectable,"[""injectable""]",in_vitro_cartilage,"[""in_vitro_cartilage""]","[""collagen"", ""cellulose""]","[""articular_chondrocyte""]",3D_encapsulation,rabbit,,0,1,1,0,1,0,2026-09-26T18:34:02Z,18949749,10.1002/bit.22137,2009,An injectable cellulose-based hydrogel for the transfer of autologous nasal chondrocytes in articular cartilage defects,Biotechnology and bioengineering
AMBC_Fdj8dx9kUezlqn7Hn0tO3hqR1SU,unmodified,[],bulk_hydrogel,"[""bulk_hydrogel""]",in_vitro_cartilage,"[""in_vitro_cartilage""]",[],"[""articular_chondrocyte""]",3D_encapsulation,,,0,1,1,0,1,0,2026-09-26T18:34:02Z,18949761,10.1002/bit.22134,2009,Cross-linking density alters early metabolic activities in chondrocytes encapsulated in poly(ethylene glycol) hydrogels and cultured in the rotating wall vessel,Biotechnology and bioengineering
AMBC_5oK6ez7mDItC5poFh3bDvZ3pqBR,unmodified,[],monolayer,"[""monolayer""]",in_vitro_cartilage,"[""in_vitro_cartilage""]","[""HA"", ""collagen"", ""agarose""]","[""articular_chondrocyte""]",2D,,,0,1,1,0,1,0,2026-09-26T18:34:02Z,19399729,10.1002/term.170,2009,Konjac glucomannan-based hydrogel with hyaluronic acid as a candidate for a novel scaffold for chondrocyte culture,Journal of tissue engineering and regenerative medicine
AMBC_FZEQwLCDGgtxTKFcYkeYSTn6AD0,unmodified,[],bulk_hydrogel,"[""bulk_hydrogel""]",in_vitro_cartilage,"[""in_vitro_cartilage""]","[""alginate""]","[""articular_chondrocyte""]",3D_encapsulation,rabbit,,0,1,1,0,1,0,2026-09-26T18:34:02Z,19728617,,2009,Experimental study of repairing full-thickness articular cartilage defect with chondrocyte-sodium alginate hydrogel-SIS complex,Zhongguo xiu fu chong jian wai ke za zhi = Zhongguo xiufu chongjian waike zazhi = Chinese journal of reparative and reconstructive surgery
AMBC_9NqXcGVfixqF4S2Q1pPYjpzpJVS,unmodified,[],bulk_hydrogel,"[""bulk_hydrogel""]",auricular,"[""auricular"", ""tracheal"", ""in_vivo_repair"", ""in_vitro_cartilage""]",[],"[""articular_chondrocyte""]",3D_encapsulation,rabbit,,0,1,1,0,1,0,2026-09-26T18:34:07Z,19806650,10.1002/lary.20700,2009,Tissue-engineered trachea for airway reconstruction,The Laryngoscope
AMBC_J5o4XMwJei6F6vZptC92tA6JGSd,unmodified,[],microgel,"[""microgel""]",auricular,"[""auricular"", ""in_vitro_cartilage""]",[],"[""articular_chondrocyte""]",3D_encapsulation,human,,0,1,1,0,1,0,2026-09-26T18:34:07Z,19616607,10.1016/j.toxlet.2009.06.880,2009,Cytotoxic and genotoxic effects of matrices for cartilage tissue engineering,Toxicology letters
AMBC_4juqx0VmjT25kHvQmKSlyqmNamc,unmodified,[],bulk_hydrogel,"[""bulk_hydrogel""]",osteochondral,"[""osteochondral"", ""in_vitro_cartilage""]","[""collagen""]","[""articular_chondrocyte""]",3D_encapsulation,murine,,0,1,1,0,1,0,2026-09-26T18:34:07Z,19085730,10.1055/s-2008-1038948,2008,Optical coherence tomography (OCT) to evaluate cartilage tissue engineering,Zeitschrift fur Orthopadie und Unfallchirurgie
AMBC_Ajf7myYjo8WFXsk58JAHluFWX7,unmodified,[],bulk_hydrogel,"[""bulk_hydrogel""]",osteochondral,"[""osteochondral"", ""in_vitro_cartilage""]","[""alginate""]","[""articular_chondrocyte""]",3D_encapsulation,bovine,,0,1,1,0,1,0,2026-09-26T18:34:02Z,18050310,10.1002/jor.20534,2008,Optimizing CO2 normalizes pH and enhances chondrocyte viability during cold storage,Journal of orthopaedic research : official publication of the Orthopaedic Research Society
AMBC_VdBXRwTdx5K7wOTpOUmSSVqElg,unmodified,[],bulk_hydrogel,"[""bulk_hydrogel""]",osteochondral,"[""osteochondral"", ""in_vitro_cartilage""]","[""collagen""]","[""articular_chondrocyte""]",3D_encapsulation,,,0,1,1,0,1,0,2026-09-26T18:34:02Z,19043192,,2008,Articular cartilage regeneration using scaffold,Clinical calcium
AMBC_EC5Zd3pwLAakEN7tClvOuW6nmBm,unmodified,[],bulk_hydrogel,"[""bulk_hydrogel""]",osteochondral,"[""osteochondral"", ""in_vitro_cartilage""]","[""agarose""]","[""articular_chondrocyte""]",3D_encapsulation,,,0,1,1,0,1,0,2026-09-26T18:34:02Z,18718655,10.1016/j.biomaterials.2008.07.018,2008,The effect of devitalized trabecular bone on the formation of osteochondral tissue-engineered constructs,Biomaterials
AMBC_SQwBclUPL7BL9GpGcFsz1BHS5yW,unmodified,[],bulk_hydrogel,"[""bulk_hydrogel""]",osteochondral,"[""osteochondral"", ""in_vivo_repair"", ""in_vitro_cartilage""]","[""fibrin""]","[""articular_chondrocyte""]",3D_encapsulation,,,0,1,1,0,1,0,2026-09-26T18:34:02Z,18418579,10.1007/s00167-008-0522-1,2008,Cartilage repair with chondrocytes in fibrin hydrogel and MPEG polylactide scaffold: an in vivo study in goats,"Knee surgery, sports traumatology, arthroscopy : official journal of the ESSKA"
AMBC_RTwTcSdei9qUypWNwWyi8xYi2HH,unmodified,[],monolayer,"[""monolayer""]",osteochondral,"[""osteochondral"", ""in_vitro_cartilage""]","[""alginate"", ""agarose""]","[""articular_chondrocyte""]",2D,,,0,1,1,0,1,0,2026-09-26T18:34:02Z,18450625,10.1302/0301-620X.90B5.20360,2008,Autologous chondrocyte implantation in a novel alginate-agarose hydrogel: outcome at two years,The Journal of bone and joint surgery. British volume
AMBC_PzEBqlAljAHJlzhSvSfTnZEDTH2,unmodified,[],bulk_hydrogel,"[""bulk_hydrogel""]",in_vitro_cartilage,"[""in_vitro_cartilage""]","[""collagen""]","[""articular_chondrocyte""]",3D_encapsulation,,,0,1,1,0,1,0,2026-09-26T18:34:11Z,18514067,10.1016/j.bbrc.2008.05.063,2008,Beta1 integrins regulate chondrogenesis and rock signaling in adipose stem cells,Biochemical and biophysical research communications
AMBC_CnjMsD5ZpPBjpH5Ev4bR0GenhKA,unmodified,[],bulk_hydrogel,"[""bulk_hydrogel""]",in_vitro_cartilage,"[""in_vitro_cartilage""]","[""collagen""]","[""articular_chondrocyte"", ""adipose_MSC"", ""MSC""]",3D_encapsulation,human,,0,1,1,0,1,0,2026-09-26T18:34:11Z,18691412,10.1186/ar2473,2008,Adipose-derived mesenchymal stem cells from the sand rat: transforming growth factor beta and 3D co-culture with human disc cells stimulate proteoglycan and collagen type I rich extracellular matrix,Arthritis research & therapy
AMBC_IBOxbPzudZzEFOOwp30vPn0LEws,unmodified,[],bulk_hydrogel,"[""bulk_hydrogel""]",in_vitro_cartilage,"[""in_vitro_cartilage""]","[""collagen""]","[""MSC""]",3D_encapsulation,human,,0,1,1,0,1,0,2026-09-26T18:34:11Z,18192230,10.1634/stemcells.2007-0806,2008,Notch signaling through Jagged-1 is necessary to initiate chondrogenesis in human bone marrow stromal cells but must be switched off to complete chondrogenesis,"Stem cells (Dayton, Ohio)"
AMBC_EB2hMse3V1U9HmbZRqdmtDEP1Cm,unmodified,[],bulk_hydrogel,"[""bulk_hydrogel""]",in_vitro_cartilage,"[""in_vitro_cartilage""]","[""collagen""]","[""MSC""]",3D_encapsulation,human,,0,1,1,0,1,0,2026-09-26T18:34:11Z,17697129,10.1111/j.1432-0436.2007.00207.x,2008,Multilineage differentiation potential of equine blood-derived fibroblast-like cells,Differentiation; research in biological diversity
AMBC_7PcLbAPLBypMySu6ouiC18MQtuT,unmodified,[],bulk_hydrogel,"[""bulk_hydrogel""]",in_vitro_cartilage,"[""in_vitro_cartilage""]","[""collagen""]","[""MSC""]",3D_encapsulation,porcine,,0,1,1,0,1,0,2026-09-26T18:34:11Z,18282772,10.1016/j.joca.2007.12.011,2008,Enhancing and maintaining chondrogenesis of synovial fibroblasts by cartilage extracellular matrix protein matrilins,Osteoarthritis and cartilage
AMBC_Kpkq06wpR3Z1o85DTWGz0xQPeUx,unmodified,[],bulk_hydrogel,"[""bulk_hydrogel""]",in_vitro_cartilage,"[""in_vitro_cartilage""]","[""collagen""]","[""MSC""]",3D_encapsulation,murine,,0,1,1,0,1,0,2026-09-26T18:34:11Z,19787082,10.4137/grsb.s662,2008,MicroRNAs regulate osteogenesis and chondrogenesis of mouse bone marrow stromal cells,Gene regulation and systems biology
AMBC_TNjSnXqZwD77JHvCBvFJ7ds5C8k,unmodified,[],bulk_hydrogel,"[""bulk_hydrogel""]",in_vitro_cartilage,"[""in_vitro_cartilage""]","[""collagen""]","[""MSC""]",3D_encapsulation,murine,,0,1,1,0,1,0,2026-09-26T18:34:11Z,18366089,10.1002/jcp.21446,2008,Hypoxia promotes chondrogenesis in rat mesenchymal stem cells: a role for AKT and hypoxia-inducible factor (HIF)-1alpha,Journal of cellular physiology
AMBC_OPltOK7X4zmXXwDqMzWIgVew13o,unmodified,[],bulk_hydrogel,"[""bulk_hydrogel""]",in_vitro_cartilage,"[""in_vitro_cartilage""]","[""collagen""]","[""MSC""]",3D_encapsulation,,,0,1,1,0,1,0,2026-09-26T18:34:11Z,18554504,10.1016/j.bbrc.2008.05.183,2008,PTHrP promotes chondrogenesis and suppresses hypertrophy from both bone marrow-derived and adipose tissue-derived MSCs,Biochemical and biophysical research communications
AMBC_AHHCukJjAYwWMjxTX8jpQjWncya,unmodified,[],bulk_hydrogel,"[""bulk_hydrogel""]",in_vitro_cartilage,"[""in_vitro_cartilage""]","[""collagen""]","[""MSC""]",3D_encapsulation,,,0,1,1,0,1,0,2026-09-26T18:34:11Z,19121166,10.1111/j.1532-950X.2008.00462.x,2008,Comparison of chondrogenic potential in equine mesenchymal stromal cells derived from adipose tissue and bone marrow,Veterinary surgery : VS
AMBC_1UxqJ4AJFWun6fMr5toI4D7UZ8z,unmodified,[],bulk_hydrogel,"[""bulk_hydrogel""]",in_vitro_cartilage,"[""in_vitro_cartilage""]","[""alginate"", ""collagen"", ""chitosan"", ""gelatin""]","[""articular_chondrocyte"", ""MSC""]",3D_encapsulation,,TGF_b3,0,1,1,0,1,0,2026-09-26T18:34:11Z,18954530,10.1111/j.1745-7254.2008.00880.x,2008,Resveratrol protects bone marrow mesenchymal stem cell derived chondrocytes cultured on chitosan-gelatin scaffolds from the inhibitory effect of interleukin-1beta,Acta pharmacologica Sinica
AMBC_8Yftb4EykMg35GGwlPkgtq4UAuD,unmodified,[],bulk_hydrogel,"[""bulk_hydrogel""]",in_vitro_cartilage,"[""in_vitro_cartilage""]","[""collagen""]","[""articular_chondrocyte"", ""MSC""]",3D_encapsulation,human,,0,1,1,0,1,0,2026-09-26T18:34:11Z,18438858,10.1002/art.23370,2008,Functional characterization of hypertrophy in chondrogenesis of human mesenchymal stem cells,Arthritis and rheumatism
AMBC_AfG6stUIiBlJ2SU2ukFHKvsdduc,unmodified,[],bulk_hydrogel,"[""bulk_hydrogel""]",in_vitro_cartilage,"[""in_vitro_cartilage""]","[""HA"", ""collagen""]","[""MSC""]",3D_encapsulation,,,0,1,1,0,1,0,2026-09-26T18:34:11Z,18987597,,2008,Hyaluronan influence on the onset of chondrogenic differentiation of mesenchymal stem cells,Neuro endocrinology letters
AMBC_6SD6rWTEBHXb0X4l3LeI6tJsdlc,unmodified,[],bulk_hydrogel,"[""bulk_hydrogel""]",in_vitro_cartilage,"[""in_vitro_cartilage""]","[""collagen"", ""agarose""]","[""articular_chondrocyte"", ""adipose_MSC"", ""MSC""]",3D_encapsulation,,,0,1,1,0,1,0,2026-09-26T18:34:11Z,17960654,10.1002/jor.20508,2008,Evaluation of adult equine bone marrow- and adipose-derived progenitor cell chondrogenesis in hydrogel cultures,Journal of orthopaedic research : official publication of the Orthopaedic Research Society
AMBC_Ujhyrf81y6zJHhL5qGT3wyumhEv,sulfated,"[""sulfated""]",bulk_hydrogel,"[""bulk_hydrogel""]",in_vitro_cartilage,"[""in_vitro_cartilage""]","[""collagen""]","[""articular_chondrocyte"", ""MSC""]",3D_encapsulation,,,0,1,1,0,1,0,2026-09-26T18:34:11Z,18334724,,2008,Cartilage tissue engineering by collagen matrix associated bone marrow derived mesenchymal stem cells,Bio-medical materials and engineering
AMBC_EgdqY21cgovw9rlZXeSRMr9l769,sulfated,"[""sulfated""]",bulk_hydrogel,"[""bulk_hydrogel""]",in_vitro_cartilage,"[""in_vitro_cartilage""]","[""collagen""]","[""articular_chondrocyte"", ""MSC""]",3D_encapsulation,,,0,1,1,0,1,0,2026-09-26T18:34:11Z,17689060,10.1016/j.matbio.2007.07.002,2008,Chondroitin sulfate based niches for chondrogenic differentiation of mesenchymal stem cells,Matrix biology : journal of the International Society for Matrix Biology
AMBC_LxKSr2vzgUjOQ06xKAEB1lc4caf,unmodified,[],bulk_hydrogel,"[""bulk_hydrogel""]",in_vitro_cartilage,"[""in_vitro_cartilage""]","[""collagen""]",[],3D_encapsulation,human,,0,1,1,0,1,0,2026-09-26T18:34:07Z,18438266,10.1097/MLG.0b013e31816ed5ad,2008,Human nasal cartilage ultrastructure: characteristics and comparison using scanning electron microscopy,The Laryngoscope
AMBC_RCOd4VFGHsxydkpJa5mbahYgCUV,unmodified,[],bulk_hydrogel,"[""bulk_hydrogel""]",in_vitro_cartilage,"[""in_vitro_cartilage""]","[""collagen""]","[""articular_chondrocyte""]",3D_encapsulation,,,0,1,1,0,1,0,2026-09-26T18:34:07Z,18830818,10.1007/s10439-008-9572-2,2008,Passaged goat costal chondrocytes provide a feasible cell source for temporomandibular joint tissue engineering,Annals of biomedical engineering
AMBC_Ktfo3RSqef83JxiCiwbUWbmQPRf,unmodified,[],bulk_hydrogel,"[""bulk_hydrogel""]",in_vitro_cartilage,"[""in_vitro_cartilage""]",[],"[""articular_chondrocyte""]",3D_encapsulation,rabbit,,0,1,1,0,1,0,2026-09-26T18:34:07Z,19040193,10.22203/ecm.v016a08,2008,Cartilage and bone neoformation in rabbit carotid bifurcation aneurysms after endovascular coil embolization,European cells & materials
AMBC_WfCATr9rlEifgEq03RPNexrBAOW,unmodified,[],bulk_hydrogel,"[""bulk_hydrogel""]",in_vitro_cartilage,"[""in_vitro_cartilage""]",[],"[""articular_chondrocyte"", ""MSC""]",3D_encapsulation,murine,,0,1,1,0,1,0,2026-09-26T18:34:07Z,18467492,10.1073/pnas.0711662105,2008,Endochondral bone tissue engineering using embryonic stem cells,Proceedings of the National Academy of Sciences of the United States of America
AMBC_MWCrA5hsfu5gaa9O3jj8IiErB5v,unmodified,[],bulk_hydrogel,"[""bulk_hydrogel""]",in_vitro_cartilage,"[""in_vitro_cartilage""]",[],"[""MSC""]",3D_encapsulation,,,0,1,1,0,1,0,2026-09-26T18:34:07Z,18804574,10.1016/S0020-1383(08)70010-X,2008,The diamond concept--open questions,Injury
AMBC_BjY0YQqCRwXH3xpdOmngY5nbHzC,unmodified,[],bulk_hydrogel,"[""bulk_hydrogel""]",in_vitro_cartilage,"[""in_vitro_cartilage""]","[""collagen""]","[""articular_chondrocyte""]",3D_encapsulation,,,0,1,1,0,1,0,2026-09-26T18:34:07Z,18534835,10.1016/j.matbio.2008.04.002,2008,Lumican inhibits collagen deposition in tissue engineered cartilage,Matrix biology : journal of the International Society for Matrix Biology
AMBC_7Qyrjkvcn9EjmPTBloBaUpzPnMI,unmodified,[],bulk_hydrogel,"[""bulk_hydrogel""]",in_vitro_cartilage,"[""in_vitro_cartilage""]",[],[],3D_encapsulation,bovine,,0,1,1,0,1,0,2026-09-26T18:34:07Z,18067163,10.1002/jbm.a.31711,2008,Histological analysis of induced cartilage on the biodegradable or nonbiodegradable membranes from immature muscular tissue in vitro,Journal of biomedical materials research. Part A
AMBC_RYICD4Uq7oWLDXOCZuXwnr91Wck,unmodified,[],bulk_hydrogel,"[""bulk_hydrogel""]",in_vitro_cartilage,"[""in_vitro_cartilage""]","[""collagen""]","[""MSC""]",3D_encapsulation,rabbit,TGF_b3,0,1,1,0,1,0,2026-09-26T18:34:07Z,18347539,10.1097/TP.0b013e3181639b3a,2008,Heparin-bound transforming growth factor-beta3 enhances neocartilage formation by rabbit mesenchymal stem cells,Transplantation
AMBC_6hz3euCrnD4O9bJAugcKwdMJLAU,unmodified,[],monolayer,"[""monolayer""]",in_vitro_cartilage,"[""in_vitro_cartilage""]","[""collagen"", ""agarose""]","[""articular_chondrocyte""]",2D,human,,0,1,1,0,1,0,2026-09-26T18:34:07Z,19101892,10.22203/ecm.v016a10,2008,Cartilage tissue engineering using pre-aggregated human articular chondrocytes,European cells & materials
AMBC_Y4AdMUB8d0L5FUdWJdYElfzJIDD,unmodified,[],bulk_hydrogel,"[""bulk_hydrogel""]",in_vitro_cartilage,"[""in_vitro_cartilage""]",[],[],3D_encapsulation,,,0,1,1,0,1,0,2026-09-26T18:34:07Z,19043182,,2008,Present state and prospects of cartilage regenerative medicine,Clinical calcium
AMBC_9dCBXUnkYVZ0KWR3peeZUvGME91,unmodified,[],bulk_hydrogel,"[""bulk_hydrogel""]",in_vitro_cartilage,"[""in_vitro_cartilage""]",[],"[""articular_chondrocyte""]",3D_encapsulation,,,0,1,1,0,1,0,2026-09-26T18:34:07Z,17913274,10.1016/j.jbiotec.2007.07.957,2008,Scaffold-free cartilage by rotational culture for tissue engineering,Journal of biotechnology
AMBC_Dv4vzekvmxT3di7LTG0zMAkMkZw,unmodified,[],bulk_hydrogel,"[""bulk_hydrogel""]",in_vitro_cartilage,"[""in_vitro_cartilage""]","[""gelatin""]","[""articular_chondrocyte""]",3D_encapsulation,,,0,1,1,0,1,0,2026-09-26T18:34:07Z,18198403,,2008,Cyclooxygenases (COX-1 and COX-2) for tissue engineering of articular cartilage--from a developmental model to first results of tissue and scaffold expression,Bio-medical materials and engineering
AMBC_NGEEEuCvZLsWUx7gxjrbzd0YVIG,unmodified,[],bulk_hydrogel,"[""bulk_hydrogel""]",in_vitro_cartilage,"[""in_vitro_cartilage""]",[],"[""articular_chondrocyte""]",3D_encapsulation,,,0,1,1,0,1,0,2026-09-26T18:34:07Z,19137900,,2008,Progress in the study of articular cartilage tissue engineering seeding cells,Zhongguo xiu fu chong jian wai ke za zhi = Zhongguo xiufu chongjian waike zazhi = Chinese journal of reparative and reconstructive surgery
AMBC_MhmCQvkZtfBpQwOyGzLc5aAo2bx,unmodified,[],bulk_hydrogel,"[""bulk_hydrogel""]",in_vitro_cartilage,"[""in_vitro_cartilage""]","[""HA"", ""collagen""]",[],3D_encapsulation,,,0,1,1,0,1,0,2026-09-26T18:34:07Z,18665220,10.1371/journal.pone.0002795,2008,Matrix development in self-assembly of articular cartilage,PloS one
AMBC_5UMp5O2OQQ9nSMgfIFlFy1DGJFG,unmodified,[],bulk_hydrogel,"[""bulk_hydrogel""]",in_vitro_cartilage,"[""in_vitro_cartilage""]",[],"[""articular_chondrocyte""]",3D_encapsulation,,,0,1,1,0,1,0,2026-09-26T18:34:07Z,18365611,,2008,Recent progress of BMSCs acting as seeding cell for tissue engineered cartilage,Zhongguo xiu fu chong jian wai ke za zhi = Zhongguo xiufu chongjian waike zazhi = Chinese journal of reparative and reconstructive surgery
AMBC_RoV9rh1cJqDX2UvhaqRSNu2dPVZ,sulfated,"[""sulfated""]",fiber,"[""fiber""]",in_vitro_cartilage,"[""in_vitro_cartilage""]","[""collagen""]","[""articular_chondrocyte""]",3D_encapsulation,,,0,1,1,0,1,0,2026-09-26T18:34:07Z,18419231,10.1089/tea.2007.0136,2008,"Cell-nanofiber-based cartilage tissue engineering using improved cell seeding, growth factor, and bioreactor technologies",Tissue engineering. Part A
AMBC_W1VNGtklkzW9fEE6HlWAiJi8cBd,unmodified,[],bulk_hydrogel,"[""bulk_hydrogel""]",in_vitro_cartilage,"[""in_vitro_cartilage""]",[],[],3D_encapsulation,,,0,1,1,0,1,0,2026-09-26T18:34:07Z,18836249,,2008,Composite scaffolds for cartilage tissue engineering,Biorheology
AMBC_67nl4IAgm7bfr9YXXpq06Kfk1gt,unmodified,[],bulk_hydrogel,"[""bulk_hydrogel""]",in_vitro_cartilage,"[""in_vitro_cartilage""]","[""collagen""]","[""articular_chondrocyte""]",3D_encapsulation,human,,0,1,1,0,1,0,2026-09-26T18:34:07Z,18396722,,2008,Fabrication of a novel cartilage acellular matrix scaffold for cartilage tissue engineering,Zhongguo xiu fu chong jian wai ke za zhi = Zhongguo xiufu chongjian waike zazhi = Chinese journal of reparative and reconstructive surgery
AMBC_DSo9OkTS3RXy7DqhWj8A9vvhxZN,unmodified,[],injectable,"[""injectable""]",in_vitro_cartilage,"[""in_vitro_cartilage""]","[""collagen"", ""fibrin""]","[""articular_chondrocyte"", ""adipose_MSC""]",3D_encapsulation,rabbit,,0,1,1,0,1,0,2026-09-26T18:34:07Z,17853485,10.1002/jor.20468,2008,A novel injectable scaffold for cartilage tissue engineering using adipose-derived adult stem cells,Journal of orthopaedic research : official publication of the Orthopaedic Research Society
AMBC_Ldi2fy77e6wizbJjeCcAMo0hXVm,unmodified,[],injectable,"[""injectable""]",in_vitro_cartilage,"[""in_vitro_cartilage""]","[""collagen""]",[],3D_encapsulation,rabbit,TGF_b3,0,1,1,0,1,0,2026-09-26T18:34:07Z,18691535,10.1263/jbb.106.74,2008,Effect of growth factors on chondrogenic differentiation of rabbit mesenchymal cells embedded in injectable hydrogels,Journal of bioscience and bioengineering
AMBC_DFQgvYsJA9EjzzTP8ehp1cswUeY,freeze_thaw,"[""freeze_thaw""]",bulk_hydrogel,"[""bulk_hydrogel""]",in_vitro_cartilage,"[""in_vitro_cartilage""]",[],[],3D_encapsulation,,,0,1,1,0,1,0,2026-09-26T18:34:07Z,18029236,10.1016/j.actbio.2007.09.001,2008,Superporous hydrogels for cartilage repair: Evaluation of the morphological and mechanical properties,Acta biomaterialia
AMBC_Ro1EiWiK7t4Pp9ZuyInBS81FfLk,unmodified,[],bulk_hydrogel,"[""bulk_hydrogel""]",in_vitro_cartilage,"[""in_vitro_cartilage""]","[""HA"", ""alginate"", ""collagen"", ""fibrin"", ""chitosan"", ""agarose"", ""gelatin""]","[""articular_chondrocyte"", ""MSC""]",3D_encapsulation,human,,0,1,1,0,1,0,2026-09-26T18:34:07Z,19279712,10.4161/org.6116,2008,Tissue engineering and cartilage,Organogenesis
AMBC_5gEnKTNuPd9YwFNFmuEi71cZyJW,unmodified,[],injectable,"[""injectable""]",in_vitro_cartilage,"[""in_vitro_cartilage""]",[],"[""articular_chondrocyte""]",3D_encapsulation,rabbit,TGF_b3,0,1,1,0,1,0,2026-09-26T18:34:07Z,18343338,10.1263/jbb.105.122,2008,Inducing chondrogenic differentiation in injectable hydrogels embedded with rabbit chondrocytes and growth factor for neocartilage formation,Journal of bioscience and bioengineering
AMBC_DKFW4YNq8SpZczszlhYS2gDf425,unmodified,[],bulk_hydrogel,"[""bulk_hydrogel""]",in_vitro_cartilage,"[""in_vitro_cartilage""]","[""collagen""]","[""articular_chondrocyte""]",3D_encapsulation,human,,0,1,1,0,1,0,2026-09-26T18:34:02Z,17941896,10.1111/j.1440-1681.2007.04808.x,2008,Water channel activity of plasma membrane affects chondrocyte migration and adhesion,Clinical and experimental pharmacology & physiology
AMBC_RvFi3RCd51Z4WPEEKU2fuDvqq3a,unmodified,[],bulk_hydrogel,"[""bulk_hydrogel""]",in_vitro_cartilage,"[""in_vitro_cartilage""]","[""collagen""]","[""articular_chondrocyte""]",3D_encapsulation,,,0,1,1,0,1,0,2026-09-26T18:34:02Z,18636074,10.1038/cdd.2008.112,2008,Cbfa1-dependent expression of an interferon-inducible p204 protein is required for chondrocyte differentiation,Cell death and differentiation
AMBC_Dt29hcJmwSG5bKuvoMcssy3WQhK,unmodified,[],bulk_hydrogel,"[""bulk_hydrogel""]",in_vitro_cartilage,"[""in_vitro_cartilage""]","[""collagen""]","[""articular_chondrocyte"", ""ATDC5""]",3D_encapsulation,murine,,0,1,1,0,1,0,2026-09-26T18:34:02Z,18677406,10.1172/JCI31373,2008,Paraspeckle protein p54nrb links Sox9-mediated transcription with RNA processing during chondrogenesis in mice,The Journal of clinical investigation
AMBC_IYuxTcFINucqfHOV3e0UFF4usVB,unmodified,[],bulk_hydrogel,"[""bulk_hydrogel""]",in_vitro_cartilage,"[""in_vitro_cartilage""]","[""chitosan""]","[""articular_chondrocyte""]",3D_encapsulation,,,0,1,1,0,1,0,2026-09-26T18:34:02Z,18703153,10.1016/j.cellbi.2008.07.013,2008,Integrity of the cortical actin ring is required for activation of the PI3K/Akt and p38 MAPK signaling pathways in redifferentiation of chondrocytes on chitosan,Cell biology international
AMBC_HoCFVX44oYa05YpgbjwNAbfzXBb,unmodified,[],bulk_hydrogel,"[""bulk_hydrogel""]",in_vitro_cartilage,"[""in_vitro_cartilage""]","[""agarose""]","[""articular_chondrocyte""]",3D_encapsulation,murine,,0,1,1,0,1,0,2026-09-26T18:34:02Z,18793425,10.1186/1472-6750-8-71,2008,Molecular analysis of chondrocytes cultured in agarose in response to dynamic compression,BMC biotechnology
AMBC_33Z39oKQq8PPohOS2daST8sHX6l,unmodified,[],bulk_hydrogel,"[""bulk_hydrogel""]",in_vitro_cartilage,"[""in_vitro_cartilage""]",[],"[""articular_chondrocyte""]",3D_encapsulation,human,,0,1,1,0,1,0,2026-09-26T18:34:02Z,19393130,10.14712/fb2008054060177,2008,Re-differentiation of human articular chondrocytes is not enhanced by a rotary bioreactor system,Folia biologica
AMBC_6SrP7wN9wHYecHtEqecvwlMB4tS,sulfated,"[""sulfated""]",bulk_hydrogel,"[""bulk_hydrogel""]",in_vitro_cartilage,"[""in_vitro_cartilage""]","[""collagen"", ""chitosan""]","[""articular_chondrocyte""]",3D_encapsulation,rabbit,,0,1,1,0,1,0,2026-09-26T18:34:02Z,17851736,10.1007/s10856-007-3245-9,2008,Comparison of various mixtures of beta-chitin and chitosan as a scaffold for three-dimensional culture of rabbit chondrocytes,Journal of materials science. Materials in medicine
AMBC_8ZsAE9k1PIa01uxq6ESYuQG1Oqd,unmodified,[],bulk_hydrogel,"[""bulk_hydrogel""]",in_vitro_cartilage,"[""in_vitro_cartilage""]","[""agarose""]","[""articular_chondrocyte""]",3D_encapsulation,bovine,TGF_b3,0,1,1,0,1,0,2026-09-26T18:34:02Z,18611145,10.1089/ten.tea.2007.0222,2008,Transient exposure to transforming growth factor beta 3 under serum-free conditions enhances the biomechanical and biochemical maturation of tissue-engineered cartilage,Tissue engineering. Part A
AMBC_IhrujyD4tvrj2tEKW3jkXFZ3VVG,unmodified,[],injectable,"[""injectable""]",in_vitro_cartilage,"[""in_vitro_cartilage""]","[""alginate""]","[""articular_chondrocyte""]",3D_encapsulation,,,0,1,1,0,1,0,2026-09-26T18:34:02Z,18698580,10.1002/mabi.200800098,2008,Tetronic-oligolactide-heparin hydrogel as a multi-functional scaffold for tissue regeneration,Macromolecular bioscience
AMBC_9xuX32FtNqjAnkuUxSsbVLrQBUn,unmodified,[],injectable,"[""injectable""]",in_vitro_cartilage,"[""in_vitro_cartilage""]","[""chitosan"", ""gelatin""]","[""articular_chondrocyte""]",3D_encapsulation,,,0,1,1,0,1,0,2026-09-26T18:34:02Z,19627800,10.1016/j.jmbbm.2008.02.001,2008,Preparation and properties of an injectable scaffold of poly(lactic-co-glycolic acid) microparticles/chitosan hydrogel,Journal of the mechanical behavior of biomedical materials
AMBC_RwaqBbINROhHPqbZ7dsi5tcs3yp,unmodified,[],bulk_hydrogel,"[""bulk_hydrogel""]",in_vitro_cartilage,"[""in_vitro_cartilage""]","[""alginate""]","[""articular_chondrocyte""]",3D_encapsulation,human,,0,1,1,0,1,0,2026-09-26T18:34:02Z,19890444,10.1007/s12195-008-0014-x,2008,Calcium Concentration Effects on the Mechanical and Biochemical Properties of Chondrocyte-Alginate Constructs,Cellular and molecular bioengineering
AMBC_Mf0RSLTJ0My4LVjcg6aQyuQ8bFk,unmodified,[],monolayer,"[""monolayer""]",in_vitro_cartilage,"[""in_vitro_cartilage""]","[""alginate"", ""collagen"", ""agarose""]","[""articular_chondrocyte""]",2D,human,,0,1,1,0,1,0,2026-09-26T18:34:02Z,18186131,10.1002/jor.20559,2008,Quantitative analysis of gene expression in human articular chondrocytes assigned for autologous implantation,Journal of orthopaedic research : official publication of the Orthopaedic Research Society
AMBC_N9lGJF1pXojrtpjp0Cvys3TzTK9,unmodified,[],bulk_hydrogel,"[""bulk_hydrogel""]",in_vitro_cartilage,"[""in_vitro_cartilage""]","[""alginate"", ""chitosan""]","[""articular_chondrocyte""]",3D_encapsulation,porcine,,0,1,1,0,1,0,2026-09-26T18:34:02Z,17618521,10.1002/jbm.a.31307,2008,Alginate/lactose-modified chitosan hydrogels: a bioactive biomaterial for chondrocyte encapsulation,Journal of biomedical materials research. Part A
AMBC_BfCNAueTb1XpvGsyFyWNhXhODxl,unmodified,[],bulk_hydrogel,"[""bulk_hydrogel""]",in_vitro_cartilage,"[""in_vitro_cartilage""]","[""collagen""]","[""articular_chondrocyte""]",3D_encapsulation,,,0,1,1,0,1,0,2026-09-26T18:34:02Z,18417139,10.1016/j.jbiomech.2008.02.034,2008,The role of hydrogel structure and dynamic loading on chondrocyte gene expression and matrix formation,Journal of biomechanics
AMBC_Doy5Wqer9BArb9lHg779urqyP8c,unmodified,[],bulk_hydrogel,"[""bulk_hydrogel""]",in_vitro_cartilage,"[""in_vitro_cartilage""]","[""collagen"", ""agarose""]","[""articular_chondrocyte"", ""MSC""]",3D_encapsulation,bovine,TGF_b3,0,1,1,0,1,0,2026-09-26T18:34:02Z,18353693,10.1016/j.joca.2008.02.005,2008,Tensile properties of engineered cartilage formed from chondrocyte- and MSC-laden hydrogels,Osteoarthritis and cartilage
AMBC_VvWTt24k3N8eP71QSSOenf8kzwQ,unmodified,[],bulk_hydrogel,"[""bulk_hydrogel""]",auricular,"[""auricular"", ""in_vitro_cartilage""]","[""collagen""]",[],3D_encapsulation,rabbit,,0,1,1,0,1,0,2026-09-26T18:34:07Z,18681288,,2008,Cartilage tissue engineering with acellular cartilage matrix as scaffold in rabbit model,Zhongguo xiu fu chong jian wai ke za zhi = Zhongguo xiufu chongjian waike zazhi = Chinese journal of reparative and reconstructive surgery
AMBC_JzWYQxuO0zU4cJdQS5jNN48bRWZ,unmodified,[],bulk_hydrogel,"[""bulk_hydrogel""]",auricular,"[""auricular"", ""in_vivo_repair"", ""in_vitro_cartilage""]","[""HA"", ""collagen""]","[""articular_chondrocyte""]",3D_encapsulation,,,0,1,1,0,1,0,2026-09-26T18:34:02Z,18407752,10.1089/ten.tea.2007.0291,2008,Differential behavior of auricular and articular chondrocytes in hyaluronic acid hydrogels,Tissue engineering. Part A
AMBC_BO53z1L3ZYq3hjIlpJzLzVtmwup,unmodified,[],bulk_hydrogel,"[""bulk_hydrogel""]",osteochondral,"[""osteochondral"", ""in_vitro_cartilage""]","[""alginate"", ""collagen""]",[],3D_encapsulation,porcine,,0,1,1,0,1,0,2026-09-26T18:34:07Z,19662133,10.2174/1874120700701010085,2007,Improving in vitro generated cartilage-carrier-constructs by optimizing growth factor combination,The open biomedical engineering journal
AMBC_66g2SeyNu3U0bF2lZpL7MUYOhWQ,unmodified,[],bulk_hydrogel,"[""bulk_hydrogel""]",osteochondral,"[""osteochondral"", ""in_vitro_cartilage""]","[""HA"", ""collagen""]","[""articular_chondrocyte"", ""MSC""]",3D_encapsulation,,,0,1,1,0,1,0,2026-09-26T18:34:07Z,18180597,,2007,The future of treatment for chondral and osteochondral lesions,Acta orthopaedica et traumatologica turcica
AMBC_KUL37bnXH4Pkn4jYpQaBSKXN3oj,unmodified,[],bulk_hydrogel,"[""bulk_hydrogel""]",osteochondral,"[""osteochondral"", ""in_vitro_cartilage""]",[],[],3D_encapsulation,rabbit,,0,1,1,0,1,0,2026-09-26T18:34:07Z,17390320,10.1002/jbm.a.31255,2007,Nondegradable hydrogels for the treatment of focal cartilage defects,Journal of biomedical materials research. Part A
AMBC_CqJc8PrbpGzvalCwxGa60UCcoZI,unmodified,[],bulk_hydrogel,"[""bulk_hydrogel""]",osteochondral,"[""osteochondral"", ""in_vitro_cartilage""]","[""alginate""]","[""articular_chondrocyte""]",3D_encapsulation,bovine,,0,1,1,0,1,0,2026-09-26T18:34:02Z,17664340,10.1177/0363546507304719,2007,Lidocaine exhibits dose- and time-dependent cytotoxic effects on bovine articular chondrocytes in vitro,The American journal of sports medicine
AMBC_Ni1kRShD3fU6DKVAfF1BoxzSRXU,unmodified,[],bulk_hydrogel,"[""bulk_hydrogel""]",in_vitro_cartilage,"[""in_vitro_cartilage""]","[""collagen""]","[""articular_chondrocyte"", ""ATDC5""]",3D_encapsulation,,,0,1,1,0,1,0,2026-09-26T18:34:11Z,17573353,10.1074/jbc.M700680200,2007,"Rac1 signaling stimulates N-cadherin expression, mesenchymal condensation, and chondrogenesis",The Journal of biological chemistry
AMBC_Fj58z3STbj8hpeq3rdDoYdoDRxg,unmodified,[],bulk_hydrogel,"[""bulk_hydrogel""]",in_vitro_cartilage,"[""in_vitro_cartilage""]","[""collagen""]","[""articular_chondrocyte"", ""MSC""]",3D_encapsulation,human,TGF_b3,0,1,1,0,1,0,2026-09-26T18:34:11Z,17497692,10.1002/jcb.21319,2007,BMP7 promotes adipogenic but not osteo-/chondrogenic differentiation of adult human bone marrow-derived stem cells in high-density micro-mass culture,Journal of cellular biochemistry
AMBC_KOUuMuXckci3UfhOjO1Bd5dQMW2,unmodified,[],bulk_hydrogel,"[""bulk_hydrogel""]",in_vitro_cartilage,"[""in_vitro_cartilage""]","[""collagen""]","[""MSC""]",3D_encapsulation,murine,,0,1,1,0,1,0,2026-09-26T18:34:11Z,17264410,,2007,A comparison of the osteogenic potential of adult rat mesenchymal stem cells cultured in 2-D and on 3-D collagen glycosaminoglycan scaffolds,Technology and health care : official journal of the European Society for Engineering and Medicine
AMBC_XdUMLQgL0skDGzNiskfm5bPwqQm,unmodified,[],bulk_hydrogel,"[""bulk_hydrogel""]",in_vitro_cartilage,"[""in_vitro_cartilage""]","[""collagen""]","[""articular_chondrocyte"", ""MSC""]",3D_encapsulation,human,TGF_b3,0,1,1,0,1,0,2026-09-26T18:34:11Z,17468018,10.1016/j.cellbi.2007.03.018,2007,P-glycoprotein expression in extracellular matrix formation of chondrogenic differentiation of human adult stem cells,Cell biology international
AMBC_HoyvyBNLtou6yYjLSDnrbcJ90Ur,enzymatic,"[""enzymatic""]",bulk_hydrogel,"[""bulk_hydrogel""]",in_vitro_cartilage,"[""in_vitro_cartilage""]","[""fibrin""]","[""MSC""]",3D_encapsulation,human,,0,1,1,0,1,0,2026-09-26T18:34:11Z,17518741,10.1089/ten.2006.0278,2007,Autologous bone marrow-derived cultured mesenchymal stem cells delivered in a fibrin spray accelerate healing in murine and human cutaneous wounds,Tissue engineering
AMBC_DkF8FrpYpL3htU465osQF8x0Imj,unmodified,[],bulk_hydrogel,"[""bulk_hydrogel""]",in_vitro_cartilage,"[""in_vitro_cartilage""]","[""HA"", ""collagen""]",[],3D_encapsulation,human,,0,1,1,0,1,0,2026-09-26T18:34:11Z,17897710,10.1016/j.biomaterials.2007.09.005,2007,Regeneration of ovine articular cartilage defects by cell-free polymer-based implants,Biomaterials
AMBC_HzQvmsgbALtriWKmFBTYrB69XFw,unmodified,[],bulk_hydrogel,"[""bulk_hydrogel""]",in_vitro_cartilage,"[""in_vitro_cartilage""]","[""collagen""]","[""articular_chondrocyte"", ""MSC""]",3D_encapsulation,rabbit,,0,1,1,0,1,0,2026-09-26T18:34:11Z,18236194,10.1080/17453670710014653,2007,Exogenous collagen-enhanced recruitment of mesenchymal stem cells during rabbit articular cartilage repair,Acta orthopaedica
AMBC_LrlOtCQOVAeUD1hng8gSSooqkPv,rgd_conjugated,"[""rgd_conjugated""]",monolayer,"[""monolayer""]",in_vitro_cartilage,"[""in_vitro_cartilage""]","[""alginate"", ""collagen""]","[""MSC""]",2D,bovine,,0,1,1,0,1,0,2026-09-26T18:34:11Z,17123602,10.1016/j.biomaterials.2006.10.006,2007,Inhibition of in vitro chondrogenesis in RGD-modified three-dimensional alginate gels,Biomaterials
AMBC_WjkyXEeT3CZup289oTDEU3PAZG5,unmodified,[],bulk_hydrogel,"[""bulk_hydrogel""]",in_vitro_cartilage,"[""in_vitro_cartilage""]","[""collagen""]","[""MSC""]",3D_encapsulation,human,,0,1,1,0,1,0,2026-09-26T18:34:11Z,17828503,10.1007/s11596-007-0420-7,2007,Chondrogenic differentiation of mouse bone marrow mesenchymal stem cells induced by cartilage-derived morphogenetic protein-2 in vitro,Journal of Huazhong University of Science and Technology. Medical sciences = Hua zhong ke ji da xue xue bao. Yi xue Ying De wen ban = Huazhong keji daxue xuebao. Yixue Yingdewen ban
AMBC_9YIxcgDGf9ZxI3sP9IMKAZQr8ja,unmodified,[],monolayer,"[""monolayer""]",in_vitro_cartilage,"[""in_vitro_cartilage""]","[""collagen""]","[""MSC""]",2D,,,0,1,1,0,1,0,2026-09-26T18:34:11Z,17764407,10.2460/ajvr.68.9.941,2007,Effect of fibroblast growth factor-2 on equine mesenchymal stem cell monolayer expansion and chondrogenesis,American journal of veterinary research
AMBC_2anQh170TVcZecIhitXvhorAxkl,unmodified,[],bulk_hydrogel,"[""bulk_hydrogel""]",in_vitro_cartilage,"[""in_vitro_cartilage""]","[""collagen""]","[""articular_chondrocyte"", ""MSC""]",3D_encapsulation,human,,0,1,1,0,1,0,2026-09-26T18:34:11Z,17072841,10.1002/jor.20287,2007,Differentiation of human mesenchymal stem cells and articular chondrocytes: analysis of chondrogenic potential and expression pattern of differentiation-related transcription factors,Journal of orthopaedic research : official publication of the Orthopaedic Research Society
AMBC_ABJ53oSX4tPUbCZeJxjmHj5Isok,unmodified,[],bulk_hydrogel,"[""bulk_hydrogel""]",in_vitro_cartilage,"[""in_vitro_cartilage""]",[],"[""articular_chondrocyte"", ""MSC""]",3D_encapsulation,human,,0,1,1,0,1,0,2026-09-26T18:34:11Z,17946525,10.1109/IEMBS.2006.259710,2007,Chondrogenic differentiation of human embryonic germ cell derived cells in hydrogels,Conference proceedings : ... Annual International Conference of the IEEE Engineering in Medicine and Biology Society. IEEE Engineering in Medicine and Biology Society. Annual Conference
AMBC_RHhjKS38JcChrvfyCpHuMbVe5xE,unmodified,[],bulk_hydrogel,"[""bulk_hydrogel""]",in_vitro_cartilage,"[""in_vitro_cartilage""]","[""collagen""]","[""articular_chondrocyte"", ""MSC""]",3D_encapsulation,human,,0,1,1,0,1,0,2026-09-26T18:34:10Z,17522996,10.1080/03008200701228464,2007,Human mesenchymal stem cells derived from bone marrow display a better chondrogenic differentiation compared with other sources,Connective tissue research
AMBC_Jw5ZQMv5lucozqm2G5JDR5KAXfK,unmodified,[],bulk_hydrogel,"[""bulk_hydrogel""]",in_vitro_cartilage,"[""in_vitro_cartilage""]","[""collagen""]","[""MSC""]",3D_encapsulation,human,,0,1,1,0,1,0,2026-09-26T18:34:10Z,17702983,10.1634/stemcells.2007-0228,2007,Differential response of adult and embryonic mesenchymal progenitor cells to mechanical compression in hydrogels,"Stem cells (Dayton, Ohio)"
AMBC_HD5xIan8DxLHtYRY8FwTugyE7u5,unmodified,[],bulk_hydrogel,"[""bulk_hydrogel""]",in_vitro_cartilage,"[""in_vitro_cartilage""]","[""collagen""]",[],3D_encapsulation,bovine,,0,1,1,0,1,0,2026-09-26T18:34:07Z,17195221,10.1002/art.22298,2007,Mechanisms of cartilage growth: modulation of balance between proteoglycan and collagen in vitro using chondroitinase ABC,Arthritis and rheumatism
AMBC_J2LL50bUJP43ztwKnQhufyktxat,unmodified,[],bulk_hydrogel,"[""bulk_hydrogel""]",in_vitro_cartilage,"[""in_vitro_cartilage""]","[""collagen""]",[],3D_encapsulation,,,0,1,1,0,1,0,2026-09-26T18:34:07Z,17552894,10.33549/physiolres.931302,2007,Biochemical and biophysical aspects of collagen nanostructure in the extracellular matrix,Physiological research
AMBC_T1u3JwntLBJ3k1KdmUa4LsbHdrK,unmodified,[],bulk_hydrogel,"[""bulk_hydrogel""]",in_vitro_cartilage,"[""in_vitro_cartilage""]",[],[],3D_encapsulation,,,0,1,1,0,1,0,2026-09-26T18:34:07Z,17586107,10.1016/j.actbio.2007.04.005,2007,Mechanical properties of hyaline and repair cartilage studied by nanoindentation,Acta biomaterialia
AMBC_PBpxkn5cq832ibMefQFlvHRjMSo,unmodified,[],bulk_hydrogel,"[""bulk_hydrogel""]",in_vitro_cartilage,"[""in_vitro_cartilage""]",[],[],3D_encapsulation,,,0,1,1,0,1,0,2026-09-26T18:34:07Z,17602376,10.1055/s-2007-965329,2007,Tissue engineering and tissue repair in immunocompetent animals: tissue construction and repair,"Handchirurgie, Mikrochirurgie, plastische Chirurgie : Organ der Deutschsprachigen Arbeitsgemeinschaft fur Handchirurgie : Organ der Deutschsprachigen Arbeitsgemeinschaft fur Mikrochirurgie der Peripheren Nerven und Gefasse : Organ der V..."
AMBC_7SyKCIKzLEFEsQKLFKmiYnnKm9b,unmodified,[],bulk_hydrogel,"[""bulk_hydrogel""]",in_vitro_cartilage,"[""in_vitro_cartilage""]","[""collagen""]","[""articular_chondrocyte""]",3D_encapsulation,human,,0,1,1,0,1,0,2026-09-26T18:34:07Z,17918338,,2007,Differentiation of multipotent mesenchymal stromal cells of bone marrow into cells of cartilage tissue by culturing in three-demential OPLA scaffolds,Tsitologiia
AMBC_LeZHfVB0pAF9JddmmX805YQ59T9,unmodified,[],bulk_hydrogel,"[""bulk_hydrogel""]",in_vitro_cartilage,"[""in_vitro_cartilage""]","[""collagen"", ""chitosan""]","[""articular_chondrocyte""]",3D_encapsulation,,,0,1,1,0,1,0,2026-09-26T18:34:07Z,17298844,10.1016/j.biomaterials.2007.01.027,2007,Composite chondroitin-6-sulfate/dermatan sulfate/chitosan scaffolds for cartilage tissue engineering,Biomaterials
AMBC_3IGfJdXXwK5kJC5ZqpnE51TUaiK,unmodified,[],bulk_hydrogel,"[""bulk_hydrogel""]",in_vitro_cartilage,"[""in_vitro_cartilage""]","[""collagen""]","[""articular_chondrocyte""]",3D_encapsulation,bovine,,0,1,1,0,1,0,2026-09-26T18:34:07Z,17252579,10.1002/lsm.20471,2007,Low-power laser stimulation of tissue engineered cartilage tissue formed on a porous calcium polyphosphate scaffold,Lasers in surgery and medicine
AMBC_RrNeLepMDvHoRRUt8QrAlyseA5E,unmodified,[],monolayer,"[""monolayer""]",in_vitro_cartilage,"[""in_vitro_cartilage""]","[""collagen""]","[""articular_chondrocyte""]",2D,bovine,,0,1,1,0,1,0,2026-09-26T18:34:07Z,17253927,10.1089/ten.2006.0231,2007,In vitro cartilage tissue formation by Co-culture of primary and passaged chondrocytes,Tissue engineering
AMBC_6LFglhvX1WwuzzuUdO4idyE6WZ4,unmodified,[],bulk_hydrogel,"[""bulk_hydrogel""]",in_vitro_cartilage,"[""in_vitro_cartilage""]","[""collagen""]","[""articular_chondrocyte""]",3D_encapsulation,murine,,0,1,1,0,1,0,2026-09-26T18:34:07Z,17518732,10.1089/ten.2006.0431,2007,Gene expression profiling of mouse articular and growth plate cartilage,Tissue engineering
AMBC_61IAQcnvwFyBby7bfD8PqJyjRi9,unmodified,[],monolayer,"[""monolayer""]",in_vitro_cartilage,"[""in_vitro_cartilage""]","[""collagen"", ""chitosan""]","[""MSC""]",2D,rabbit,,0,1,1,0,1,0,2026-09-26T18:34:07Z,17630127,10.1263/jbb.103.547,2007,Novel gene-modified-tissue engineering of cartilage using stable transforming growth factor-beta1-transfected mesenchymal stem cells grown on chitosan scaffolds,Journal of bioscience and bioengineering
AMBC_ZEfHd7W6EPh2Wia8LVhmP843YvH,unmodified,[],bulk_hydrogel,"[""bulk_hydrogel""]",in_vitro_cartilage,"[""in_vitro_cartilage""]","[""collagen""]","[""articular_chondrocyte""]",3D_encapsulation,rabbit,,0,1,1,0,1,0,2026-09-26T18:34:07Z,17589810,10.1007/s10529-007-9420-8,2007,Enhancement of cell proliferation and differentiation by combination of ascorbate and dexamethasone in thermo-reversible hydrogel constructs embedded with rabbit chondrocytes,Biotechnology letters
AMBC_WKjcnW78U0SqRd3FHvCyugcJ4yp,unmodified,[],bulk_hydrogel,"[""bulk_hydrogel""]",in_vitro_cartilage,"[""in_vitro_cartilage""]","[""collagen"", ""agarose""]","[""articular_chondrocyte""]",3D_encapsulation,bovine,,0,1,1,0,1,0,2026-09-26T18:34:07Z,17286385,10.1021/bp060024v,2007,Effect of extracellular ph on matrix synthesis by chondrocytes in 3D agarose gel,Biotechnology progress
AMBC_URkQkYy3TBCw4lFWAeX7MUH47yD,unmodified,[],monolayer,"[""monolayer""]",in_vitro_cartilage,"[""in_vitro_cartilage""]","[""collagen""]","[""articular_chondrocyte""]",2D,human,,0,1,1,0,1,0,2026-09-26T18:34:07Z,17691868,10.1089/ten.2006.0393,2007,Chondrogenic differentiation of human articular chondrocytes differs in biodegradable PGA/PLA scaffolds,Tissue engineering
AMBC_59iORBioWBRqX1uS7JaKzKiQeKr,unmodified,[],bulk_hydrogel,"[""bulk_hydrogel""]",in_vitro_cartilage,"[""in_vitro_cartilage""]",[],"[""articular_chondrocyte""]",3D_encapsulation,,,0,1,1,0,1,0,2026-09-26T18:34:07Z,20799176,,2007,Perspectives for the tissue engineering of cartilage from a biological and biomaterial point of view,Journal of applied biomaterials & biomechanics : JABB
AMBC_90NWQlmTIPLJcCRcvwENW0FKste,unmodified,[],bulk_hydrogel,"[""bulk_hydrogel""]",in_vitro_cartilage,"[""in_vitro_cartilage""]","[""agarose""]",[],3D_encapsulation,bovine,TGF_b3,0,1,1,0,1,0,2026-09-26T18:34:07Z,17498976,10.1016/j.joca.2007.03.008,2007,The beneficial effect of delayed compressive loading on tissue-engineered cartilage constructs cultured with TGF-beta3,Osteoarthritis and cartilage
AMBC_I178cPGfI26ukIWxjqC5UEys3oh,unmodified,[],bulk_hydrogel,"[""bulk_hydrogel""]",in_vitro_cartilage,"[""in_vitro_cartilage""]",[],[],3D_encapsulation,,,0,1,1,0,1,0,2026-09-26T18:34:07Z,18044817,10.1002/term.52,2007,Cartilage tissue engineering using resorbable scaffolds,Journal of tissue engineering and regenerative medicine
AMBC_AoG3wyBDF6ssTyC94SENzv5XlO7,unmodified,[],bulk_hydrogel,"[""bulk_hydrogel""]",in_vitro_cartilage,"[""in_vitro_cartilage""]",[],[],3D_encapsulation,,,0,1,1,0,1,0,2026-09-26T18:34:07Z,17227284,10.1042/BA20060134,2007,Biomaterials and scaffold design: key to tissue-engineering cartilage,Biotechnology and applied biochemistry
AMBC_AD9fAYuNDPuYdZxfsAaHDlQuzEZ,unmodified,[],bulk_hydrogel,"[""bulk_hydrogel""]",in_vitro_cartilage,"[""in_vitro_cartilage""]","[""fibrin""]",[],3D_encapsulation,,,0,1,1,0,1,0,2026-09-26T18:34:07Z,17518706,10.1089/ten.2006.0354,2007,Characterization and inhibition of fibrin hydrogel-degrading enzymes during development of tissue engineering scaffolds,Tissue engineering
AMBC_7zndt89fpyZeqlnM2nONvrGqV7Q,unmodified,[],bulk_hydrogel,"[""bulk_hydrogel""]",in_vitro_cartilage,"[""in_vitro_cartilage""]","[""collagen"", ""fibrin""]","[""articular_chondrocyte""]",3D_encapsulation,bovine,,0,1,1,0,1,0,2026-09-26T18:34:07Z,16962167,10.1016/j.biomaterials.2006.08.027,2007,Long-term stable fibrin gels for cartilage engineering,Biomaterials
AMBC_JmOzyhEc7wkA0lsiNz8FrmbV4ed,unmodified,[],bulk_hydrogel,"[""bulk_hydrogel""]",in_vitro_cartilage,"[""in_vitro_cartilage""]",[],"[""articular_chondrocyte""]",3D_encapsulation,human,,0,1,1,0,1,0,2026-09-26T18:34:07Z,17340098,10.1007/s00132-007-1059-6,2007,Tissue engineering for articular cartilage repair improved by gene transfer. Current concepts,Der Orthopade
AMBC_DMMxCIBaE21BHLt3ukLn8tOJpZE,unmodified,[],bulk_hydrogel,"[""bulk_hydrogel""]",in_vitro_cartilage,"[""in_vitro_cartilage""]","[""collagen""]","[""articular_chondrocyte""]",3D_encapsulation,bovine,,0,1,1,0,1,0,2026-09-26T18:34:07Z,17504064,10.1089/ten.2006.0068,2007,Designing zonal organization into tissue-engineered cartilage,Tissue engineering
AMBC_VQrFDSBVntHrVHUpwtMWk6Ub6MV,unmodified,[],bulk_hydrogel,"[""bulk_hydrogel""]",in_vitro_cartilage,"[""in_vitro_cartilage""]","[""alginate"", ""PEG""]","[""articular_chondrocyte""]",3D_encapsulation,,,0,1,1,0,1,0,2026-09-26T18:34:07Z,18453267,10.1007/978-1-59745-536-7_24,2007,Cartilage tissue engineering: Directed differentiation of embryonic stem cells in three-dimensional hydrogel culture,"Methods in molecular biology (Clifton, N.J.)"
AMBC_9BUJH4Hl4Omgr76Vj0OH6NaWllp,unmodified,[],bulk_hydrogel,"[""bulk_hydrogel""]",in_vitro_cartilage,"[""in_vitro_cartilage""]","[""collagen""]","[""articular_chondrocyte""]",3D_encapsulation,murine,,0,1,1,0,1,0,2026-09-26T18:34:02Z,17555518,10.1111/j.1440-169X.2007.00940.x,2007,Studies on the role of Dlx5 in regulation of chondrocyte differentiation during endochondral ossification in the developing mouse limb,"Development, growth & differentiation"
AMBC_J4LAaGdo0zfS44CtMff8miDZLxO,unmodified,[],bulk_hydrogel,"[""bulk_hydrogel""]",in_vitro_cartilage,"[""in_vitro_cartilage""]","[""collagen""]","[""articular_chondrocyte""]",3D_encapsulation,human,,0,1,1,0,1,0,2026-09-26T18:34:02Z,17555546,10.1111/j.1469-7580.2007.00739.x,2007,Bone morphogenetic protein rescues the lack of secondary cartilage in Runx2-deficient mice,Journal of anatomy
AMBC_E8bt5xqU5jdJnvCFbjehssOpoaf,unmodified,[],bulk_hydrogel,"[""bulk_hydrogel""]",in_vitro_cartilage,"[""in_vitro_cartilage""]","[""collagen""]","[""articular_chondrocyte""]",3D_encapsulation,murine,,0,1,1,0,1,0,2026-09-26T18:34:02Z,17285637,10.1002/jez.b.21148,2007,Growth plate formation and development in alligator and mouse metapodials: evolutionary and functional implications,"Journal of experimental zoology. Part B, Molecular and developmental evolution"
AMBC_PoyTf3n31w2ADgiowDt8aJgjW5m,unmodified,[],bulk_hydrogel,"[""bulk_hydrogel""]",in_vitro_cartilage,"[""in_vitro_cartilage""]","[""collagen""]","[""articular_chondrocyte""]",3D_encapsulation,murine,,0,1,1,0,1,0,2026-09-26T18:34:02Z,17488194,10.1359/jbmr.070502,2007,Runx3/AML2/Cbfa3 regulates early and late chondrocyte differentiation,Journal of bone and mineral research : the official journal of the American Society for Bone and Mineral Research
AMBC_AKeh7B7yzBCAVYj6lzmF0SxtuPJ,unmodified,[],bulk_hydrogel,"[""bulk_hydrogel""]",in_vitro_cartilage,"[""in_vitro_cartilage""]","[""collagen""]","[""articular_chondrocyte""]",3D_encapsulation,,,0,1,1,0,1,0,2026-09-26T18:34:02Z,17328886,10.1016/j.ydbio.2007.01.031,2007,PTHrP regulates growth plate chondrocyte differentiation and proliferation in a Gli3 dependent manner utilizing hedgehog ligand dependent and independent mechanisms,Developmental biology
AMBC_WswOXgKBC6OsZmiG5sjkWw5V5pu,unmodified,[],bulk_hydrogel,"[""bulk_hydrogel""]",in_vitro_cartilage,"[""in_vitro_cartilage""]","[""collagen""]","[""articular_chondrocyte""]",3D_encapsulation,,,0,1,1,0,1,0,2026-09-26T18:34:02Z,17626824,10.1093/ps/86.8.1772,2007,Effect of temperature during the incubation period on tibial growth plate chondrocyte differentiation and the incidence of tibial dyschondroplasia,Poultry science
AMBC_QQCnu8zS0QUdC4KS4U5KpUoIn2o,unmodified,[],bulk_hydrogel,"[""bulk_hydrogel""]",in_vitro_cartilage,"[""in_vitro_cartilage""]","[""collagen""]","[""articular_chondrocyte""]",3D_encapsulation,,,0,1,1,0,1,0,2026-09-26T18:34:02Z,17097081,10.1016/j.ydbio.2006.09.052,2007,Regulation of chondrocyte differentiation by actin-severing protein adseverin,Developmental biology
AMBC_XAI0FUMHcvwB95cRb80pqj3Ni84,unmodified,[],bulk_hydrogel,"[""bulk_hydrogel""]",in_vitro_cartilage,"[""in_vitro_cartilage""]","[""collagen""]","[""articular_chondrocyte""]",3D_encapsulation,human,,0,1,1,0,1,0,2026-09-26T18:34:02Z,17921116,,2007,In vitro exposure of human chondrocytes to pulsed electromagnetic fields,European journal of histochemistry : EJH
AMBC_P6Sf4ad6K7Awytdg77tDZEhkUOn,unmodified,[],bulk_hydrogel,"[""bulk_hydrogel""]",in_vitro_cartilage,"[""in_vitro_cartilage""]","[""agarose""]","[""articular_chondrocyte""]",3D_encapsulation,bovine,,0,1,1,0,1,0,2026-09-26T18:34:02Z,18215638,10.1263/jbb.104.506,2007,Possible role of extracellular signal-regulated kinase pathway in regulation of Sox9 mRNA expression in chondrocytes under hydrostatic pressure,Journal of bioscience and bioengineering
AMBC_SyZ1jRTotImPLamnp0KdQhstNyz,unmodified,[],bulk_hydrogel,"[""bulk_hydrogel""]",in_vitro_cartilage,"[""in_vitro_cartilage""]","[""HA"", ""collagen""]","[""articular_chondrocyte""]",3D_encapsulation,,,0,1,1,0,1,0,2026-09-26T18:34:02Z,18458458,10.1088/1748-6041/2/3/S10,2007,Incorporation of hyaluronic acid into collagen scaffolds for the control of chondrocyte-mediated contraction and chondrogenesis,"Biomedical materials (Bristol, England)"
AMBC_F3EqIyD2jeC7vcxTk4aHuo9ZcSg,unmodified,[],bulk_hydrogel,"[""bulk_hydrogel""]",in_vitro_cartilage,"[""in_vitro_cartilage""]","[""collagen""]","[""articular_chondrocyte""]",3D_encapsulation,,,0,1,1,0,1,0,2026-09-26T18:34:02Z,17371156,10.1089/ten.2006.0246,2007,Matrix-induced autologous chondrocyte implantation (MACI): biological and histological assessment,Tissue engineering
AMBC_RNEI7TSYUR7AgiGb7zfrN42BSMe,unmodified,[],bulk_hydrogel,"[""bulk_hydrogel""]",in_vitro_cartilage,"[""in_vitro_cartilage""]",[],"[""articular_chondrocyte""]",3D_encapsulation,human,,0,1,1,0,1,0,2026-09-26T18:34:02Z,17493933,10.1074/jbc.M608383200,2007,Optimal combination of soluble factors for tissue engineering of permanent cartilage from cultured human chondrocytes,The Journal of biological chemistry
AMBC_YRz2K9S3U0hlGOo4w7kwE79xQiA,unmodified,[],bulk_hydrogel,"[""bulk_hydrogel""]",in_vitro_cartilage,"[""in_vitro_cartilage""]","[""HA"", ""collagen""]","[""articular_chondrocyte""]",3D_encapsulation,,,0,1,1,0,1,0,2026-09-26T18:34:02Z,17492773,10.1002/jcp.21110,2007,Regulation of chondrocyte differentiation by the actin cytoskeleton and adhesive interactions,Journal of cellular physiology
AMBC_7Nb3ievl2j7JyGNgIsZGqCg9tft,unmodified,[],bulk_hydrogel,"[""bulk_hydrogel""]",in_vitro_cartilage,"[""in_vitro_cartilage""]","[""collagen"", ""agarose""]","[""articular_chondrocyte"", ""MSC""]",3D_encapsulation,,,0,1,1,0,1,0,2026-09-26T18:34:02Z,16691412,10.1007/s10237-006-0042-1,2007,Regulation of cartilaginous ECM gene transcription by chondrocytes and MSCs in 3D culture in response to dynamic loading,Biomechanics and modeling in mechanobiology
AMBC_JS6sD8VNmpxqWtsQJUKVgTyBKJ6,unmodified,[],bulk_hydrogel,"[""bulk_hydrogel""]",in_vitro_cartilage,"[""in_vitro_cartilage""]",[],[],3D_encapsulation,,,0,1,1,0,1,0,2026-09-26T18:34:02Z,16957008,10.1177/0363546506292848,2007,Hydrogel meniscal replacement in the sheep knee: preliminary evaluation of chondroprotective effects,The American journal of sports medicine
AMBC_KCoT57B41pzLwtRpjECHLSw9zro,unmodified,[],bulk_hydrogel,"[""bulk_hydrogel""]",in_vitro_cartilage,"[""in_vitro_cartilage""]",[],"[""articular_chondrocyte""]",3D_encapsulation,human,,0,1,1,0,1,0,2026-09-26T18:34:02Z,17384880,,2007,Basic fibroblast growth factor with human serum supplementation: enhancement of human chondrocyte proliferation and promotion of cartilage regeneration,Singapore medical journal
AMBC_ISma92Zbt8rn3CJ507qPedwyYEW,unmodified,[],bulk_hydrogel,"[""bulk_hydrogel""]",in_vitro_cartilage,"[""in_vitro_cartilage""]","[""collagen"", ""agarose""]","[""articular_chondrocyte""]",3D_encapsulation,bovine,,0,1,1,0,1,0,2026-09-26T18:34:02Z,17524677,10.1016/j.joca.2007.03.023,2007,Structure of pericellular matrix around agarose-embedded chondrocytes,Osteoarthritis and cartilage
AMBC_PeKoYJuFbfuqRrWtHtgjnb765Mo,unmodified,[],bulk_hydrogel,"[""bulk_hydrogel""]",in_vitro_cartilage,"[""in_vitro_cartilage""]","[""alginate""]","[""articular_chondrocyte""]",3D_encapsulation,bovine,,0,1,1,0,1,0,2026-09-26T18:34:02Z,17822149,10.1243/09544119JEIM205,2007,Nanomechanical properties of alginate-recovered chondrocyte matrices for cartilage regeneration,"Proceedings of the Institution of Mechanical Engineers. Part H, Journal of engineering in medicine"
AMBC_XQLSn34tC74EDOrAQty7N7TNYAm,unmodified,[],monolayer,"[""monolayer""]",in_vitro_cartilage,"[""in_vitro_cartilage""]","[""alginate"", ""collagen""]","[""articular_chondrocyte""]",2D,,,0,1,1,0,1,0,2026-09-26T18:34:02Z,17518712,10.1089/ten.2006.0345,2007,Alginate encapsulation impacts the insulin-like growth factor-I system of monolayer-expanded equine articular chondrocytes and cell response to interleukin-1beta,Tissue engineering
AMBC_ZgPS6zuJrPYj24tgoST4UOvfcqz,unmodified,[],bulk_hydrogel,"[""bulk_hydrogel""]",in_vitro_cartilage,"[""in_vitro_cartilage""]","[""collagen""]","[""articular_chondrocyte""]",3D_encapsulation,,,0,1,1,0,1,0,2026-09-26T18:34:02Z,17419584,10.1021/bm070052h,2007,Characterization of photo-cross-linked oligo[poly(ethylene glycol) fumarate] hydrogels for cartilage tissue engineering,Biomacromolecules
AMBC_QfNRdK4Op1t9UmGblpvGzjubNF2,unmodified,[],bulk_hydrogel,"[""bulk_hydrogel""]",in_vitro_cartilage,"[""in_vitro_cartilage""]","[""collagen""]","[""articular_chondrocyte""]",3D_encapsulation,bovine,,0,1,1,0,1,0,2026-09-26T18:34:02Z,17097360,10.1016/j.actbio.2006.08.010,2007,Encapsulated chondrocyte response in a pulsatile flow bioreactor,Acta biomaterialia
AMBC_1ithwdr6QZXqkWM0FPHMJJS9Zqa,sulfated,"[""sulfated""]",bulk_hydrogel,"[""bulk_hydrogel""]",in_vitro_cartilage,"[""in_vitro_cartilage""]","[""collagen""]","[""articular_chondrocyte"", ""MSC""]",3D_encapsulation,human,,0,1,1,0,1,0,2026-09-26T18:34:02Z,17503531,10.1002/jbm.a.31254,2007,Chondrogenic differentiation of human mesenchymal stem cells in collagen type I hydrogels,Journal of biomedical materials research. Part A
AMBC_Xe0PFe760MIRLv8A92z3X0M5FNy,unmodified,[],bulk_hydrogel,"[""bulk_hydrogel""]",in_vitro_cartilage,"[""in_vitro_cartilage""]","[""alginate"", ""collagen""]","[""articular_chondrocyte""]",3D_encapsulation,bovine,,0,1,1,0,1,0,2026-09-26T18:34:02Z,17382380,10.1016/j.biomaterials.2007.02.035,2007,Integration of layered chondrocyte-seeded alginate hydrogel scaffolds,Biomaterials
AMBC_Hpfnk3mKMxw3cmoAzMVNtF34Dr4,unmodified,[],bulk_hydrogel,"[""bulk_hydrogel""]",in_vitro_cartilage,"[""in_vitro_cartilage""]",[],"[""articular_chondrocyte"", ""MSC""]",3D_encapsulation,bovine,,0,1,1,0,1,0,2026-09-26T18:34:02Z,24692988,,2007,Integrational behavior of tissue engineered chondrocyte/MSC-laden hydrogel constructs in an in vitro bovine cartilage defect model,Journal of stem cells & regenerative medicine
AMBC_LSDZi6kwOGqzN4XZ1xdewKzdmhF,unmodified,[],bulk_hydrogel,"[""bulk_hydrogel""]",auricular,"[""auricular"", ""in_vivo_repair"", ""in_vitro_cartilage""]","[""HA""]","[""MSC""]",3D_encapsulation,human,,0,1,1,0,1,0,2026-09-26T18:34:11Z,17587060,10.1007/s00441-007-0438-y,2007,FGF2 and dexamethasone increase the production of hyaluronan in two-dimensional culture of elastic cartilage-derived cells: in vitro analyses and in vivo cartilage formation,Cell and tissue research
AMBC_Gqf2N2gKgtgJYHqcpUSh153dznu,unmodified,[],monolayer,"[""monolayer""]",auricular,"[""auricular"", ""in_vitro_cartilage""]","[""collagen""]","[""articular_chondrocyte"", ""auricular_chondrocyte""]",2D,rabbit,,0,1,1,0,1,0,2026-09-26T18:34:07Z,17293128,10.1016/j.cellbi.2006.12.003,2007,Evaluation of rabbit auricular chondrocyte isolation and growth parameters in cell culture,Cell biology international
AMBC_GwnUoFv4ojuPGpA0G86OEslujU7,unmodified,[],bulk_hydrogel,"[""bulk_hydrogel""]",auricular,"[""auricular"", ""in_vivo_repair"", ""in_vitro_cartilage""]","[""collagen""]","[""articular_chondrocyte"", ""auricular_chondrocyte""]",3D_encapsulation,rabbit,,0,1,1,0,1,0,2026-09-26T18:34:07Z,17394383,10.1089/ten.2006.0256,2007,Cartilage tissue engineering for laryngotracheal reconstruction: comparison of chondrocytes from three anatomic locations in the rabbit,Tissue engineering
AMBC_LhrKu3LhxPoKxujghbwk4cX0OPV,unmodified,[],bulk_hydrogel,"[""bulk_hydrogel""]",auricular,"[""auricular"", ""in_vitro_cartilage""]","[""collagen"", ""chitosan""]","[""articular_chondrocyte"", ""auricular_chondrocyte""]",3D_encapsulation,human,,0,1,1,0,1,0,2026-09-26T18:34:07Z,17993865,10.1097/scs.0b013e3181577b55,2007,Different effects of PLGA and chitosan scaffolds on human cartilage tissue engineering,The Journal of craniofacial surgery
AMBC_WXzpXYV3drABf3D3gOktK6ap6fH,unmodified,[],monolayer,"[""monolayer""]",auricular,"[""auricular"", ""in_vitro_cartilage""]","[""collagen""]","[""articular_chondrocyte"", ""auricular_chondrocyte""]",2D,human,,0,1,1,0,1,0,2026-09-26T18:34:02Z,17630901,10.1089/ten.2006.0322,2007,Three-dimensional microenvironments retain chondrocyte phenotypes during proliferation culture,Tissue engineering
AMBC_S1YwCkacLsPeRbWwDMiZCXh5j7Y,unmodified,[],bulk_hydrogel,"[""bulk_hydrogel""]",osteochondral,"[""osteochondral"", ""in_vitro_cartilage""]","[""collagen""]","[""MSC""]",3D_encapsulation,,,0,1,1,0,1,0,2026-09-26T18:34:11Z,16368134,10.1016/j.biomaterials.2005.11.034,2006,Stem cell-coated titanium implants for the partial joint resurfacing of the knee,Biomaterials
AMBC_5gLCYVW3zYqMfSVAk5Ju8MKGCLi,unmodified,[],bulk_hydrogel,"[""bulk_hydrogel""]",osteochondral,"[""osteochondral"", ""drug_delivery"", ""in_vitro_cartilage""]","[""HA"", ""collagen""]","[""articular_chondrocyte"", ""MSC""]",3D_encapsulation,rabbit,,0,1,1,0,1,0,2026-09-26T18:34:10Z,16923610,10.1080/14653240600845070,2006,Transplantation of autologous rabbit BM-derived mesenchymal stromal cells embedded in hyaluronic acid gel sponge into osteochondral defects of the knee,Cytotherapy
AMBC_RAp8XJlP1NAMnMDCDaQy3DWQQ18,unmodified,[],bulk_hydrogel,"[""bulk_hydrogel""]",osteochondral,"[""osteochondral"", ""in_vivo_repair"", ""in_vitro_cartilage""]",[],"[""articular_chondrocyte""]",3D_encapsulation,,,0,1,1,0,1,0,2026-09-26T18:34:07Z,16995784,10.1089/ten.2006.12.2509,2006,Prediction of the optimal mechanical properties for a scaffold used in osteochondral defect repair,Tissue engineering
AMBC_UsSxApp6eGfi9tPkMkGyQEViO4N,unmodified,[],bulk_hydrogel,"[""bulk_hydrogel""]",osteochondral,"[""osteochondral"", ""in_vitro_cartilage""]","[""collagen"", ""gelatin""]","[""articular_chondrocyte""]",3D_encapsulation,rabbit,,0,1,1,0,1,0,2026-09-26T18:34:07Z,16343611,10.1016/j.biomaterials.2005.11.040,2006,Demineralized bone matrix gelatin as scaffold for osteochondral tissue engineering,Biomaterials
AMBC_EEXOKDuuDmsNC8h67N10t8fgyxO,unmodified,[],bulk_hydrogel,"[""bulk_hydrogel""]",osteochondral,"[""osteochondral"", ""in_vivo_repair"", ""in_vitro_cartilage""]","[""collagen""]","[""MSC""]",3D_encapsulation,human,,0,1,1,0,1,0,2026-09-26T18:34:07Z,16403457,10.1016/j.bbrc.2005.12.091,2006,Mesenchymal progenitor cells derived from chorionic villi of human placenta for cartilage tissue engineering,Biochemical and biophysical research communications
AMBC_WFlAmcZVduEag0NMbXEkTvmBxDp,unmodified,[],bulk_hydrogel,"[""bulk_hydrogel""]",osteochondral,"[""osteochondral"", ""in_vivo_repair"", ""in_vitro_cartilage""]","[""HA"", ""gelatin""]","[""articular_chondrocyte""]",3D_encapsulation,porcine,,0,1,1,0,1,0,2026-09-26T18:34:07Z,16278014,10.1016/j.biomaterials.2005.10.014,2006,"Tissue engineering-based cartilage repair with allogenous chondrocytes and gelatin-chondroitin-hyaluronan tri-copolymer scaffold: a porcine model assessed at 18, 24, and 36 weeks",Biomaterials
AMBC_9Oik3bkuBT5s7mM2hQPPicJWM3i,unmodified,[],bulk_hydrogel,"[""bulk_hydrogel""]",in_vitro_cartilage,"[""in_vitro_cartilage""]","[""collagen""]","[""articular_chondrocyte"", ""MSC""]",3D_encapsulation,human,TGF_b3,0,1,1,0,1,0,2026-09-26T18:34:11Z,16256983,10.1016/j.yexcr.2005.09.017,2006,Regulation of mesenchymal stem cell and chondrocyte differentiation by MIA,Experimental cell research
AMBC_HGeS9XUS665eEI2hm0jXGjpry7I,unmodified,[],bulk_hydrogel,"[""bulk_hydrogel""]",in_vitro_cartilage,"[""in_vitro_cartilage""]","[""collagen""]","[""ATDC5""]",3D_encapsulation,,,0,1,1,0,1,0,2026-09-26T18:34:11Z,17096313,10.22203/ecm.v012a08,2006,Ascorbate-enhanced chondrogenesis of ATDC5 cells,European cells & materials
AMBC_3Lqu8qJQAQ0hE3YxcFxBOBSRpKQ,unmodified,[],bulk_hydrogel,"[""bulk_hydrogel""]",in_vitro_cartilage,"[""in_vitro_cartilage""]","[""collagen""]","[""articular_chondrocyte"", ""MSC""]",3D_encapsulation,human,,0,1,1,0,1,0,2026-09-26T18:34:11Z,16728560,10.1634/stemcells.2005-0591,2006,Bioreactor expansion of human adult bone marrow-derived mesenchymal stem cells,"Stem cells (Dayton, Ohio)"
AMBC_Bs2k9BQDoGDTxKlSpZCq8r6c80Z,unmodified,[],bulk_hydrogel,"[""bulk_hydrogel""]",in_vitro_cartilage,"[""in_vitro_cartilage""]","[""collagen""]","[""adipose_MSC""]",3D_encapsulation,,,0,1,1,0,1,0,2026-09-26T18:34:11Z,16291817,10.1152/ajpcell.00415.2005,2006,Effect of reduced oxygen tension on chondrogenesis and osteogenesis in adipose-derived mesenchymal cells,American journal of physiology. Cell physiology
AMBC_JmtCxHcGRrOeIety0B8HFYcBFwh,unmodified,[],bulk_hydrogel,"[""bulk_hydrogel""]",in_vitro_cartilage,"[""in_vitro_cartilage""]","[""fibrin""]","[""MSC""]",3D_encapsulation,murine,,0,1,1,0,1,0,2026-09-26T18:34:11Z,16968174,10.1089/ten.2006.12.2343,2006,"High-yield isolation, expansion, and differentiation of rat bone marrow-derived mesenchymal stem cells with fibrin microbeads",Tissue engineering
AMBC_FhAQRPEhaiRk4lUhvUaCfoY08mz,unmodified,[],bulk_hydrogel,"[""bulk_hydrogel""]",in_vitro_cartilage,"[""in_vitro_cartilage""]","[""collagen""]","[""MSC""]",3D_encapsulation,human,,0,1,1,0,1,0,2026-09-26T18:34:11Z,17013738,10.1007/s00776-006-1058-1,2006,Sonic hedgehog protein promotes proliferation and chondrogenic differentiation of bone marrow-derived mesenchymal stem cells in vitro,Journal of orthopaedic science : official journal of the Japanese Orthopaedic Association
AMBC_PeVA5JszY2dfaBzHoVilI5qmtGK,unmodified,[],bulk_hydrogel,"[""bulk_hydrogel""]",in_vitro_cartilage,"[""in_vitro_cartilage""]","[""collagen""]","[""articular_chondrocyte"", ""ATDC5""]",3D_encapsulation,murine,,0,1,1,0,1,0,2026-09-26T18:34:11Z,16579689,10.1089/ten.2006.12.559,2006,Optimized chondrogenesis of ATCD5 cells through sequential regulation of oxygen conditions,Tissue engineering
AMBC_Pb5atF3SMT6DNlp3h1FGak7iqn7,sulfated,"[""sulfated""]",bulk_hydrogel,"[""bulk_hydrogel""]",in_vitro_cartilage,"[""in_vitro_cartilage""]","[""collagen""]","[""MSC""]",3D_encapsulation,human,,0,1,1,0,1,0,2026-09-26T18:34:11Z,16469821,10.1634/stemcells.2005-0415,2006,Glucocorticoids promote chondrogenic differentiation of adult human mesenchymal stem cells by enhancing expression of cartilage extracellular matrix genes,"Stem cells (Dayton, Ohio)"
AMBC_9TKFUUf0fZ2cnzG21L4f4cNbRAv,unmodified,[],bulk_hydrogel,"[""bulk_hydrogel""]",in_vitro_cartilage,"[""in_vitro_cartilage""]","[""collagen""]","[""MSC""]",3D_encapsulation,human,,0,1,1,0,1,0,2026-09-26T18:34:11Z,16573842,10.1186/1746-160X-2-8,2006,Decreased CD90 expression in human mesenchymal stem cells by applying mechanical stimulation,Head & face medicine
AMBC_QHJdkcIie2tOpt8Kv5vEiTkepMp,unmodified,[],bulk_hydrogel,"[""bulk_hydrogel""]",in_vitro_cartilage,"[""in_vitro_cartilage""]","[""collagen""]","[""MSC""]",3D_encapsulation,human,,0,1,1,0,1,0,2026-09-26T18:34:11Z,16505995,10.1007/s00441-006-0156-x,2006,Alpha-smooth muscle actin expression and structure integrity in chondrogenesis of human mesenchymal stem cells,Cell and tissue research
AMBC_a5hZnCW5Si7Dvl5AVxhDceDQNXk,sulfated,"[""sulfated""]",bulk_hydrogel,"[""bulk_hydrogel""]",in_vitro_cartilage,"[""in_vitro_cartilage""]","[""collagen""]","[""MSC""]",3D_encapsulation,human,TGF_b3,0,1,1,0,1,0,2026-09-26T18:34:11Z,16968165,10.1089/ten.2006.12.2253,2006,Dose- and time-dependent effects of cyclic hydrostatic pressure on transforming growth factor-beta3-induced chondrogenesis by adult human mesenchymal stem cells in vitro,Tissue engineering
AMBC_UXz3D0iO0fxXA0pKWpKGyD9eLzY,unmodified,[],bulk_hydrogel,"[""bulk_hydrogel""]",in_vitro_cartilage,"[""in_vitro_cartilage""]","[""collagen""]","[""MSC""]",3D_encapsulation,murine,,0,1,1,0,1,0,2026-09-26T18:34:11Z,16579679,10.1089/ten.2006.12.459,2006,A collagen-glycosaminoglycan scaffold supports adult rat mesenchymal stem cell differentiation along osteogenic and chondrogenic routes,Tissue engineering
AMBC_F26i10BKQWVS8VqMj02jLA3lfaS,unmodified,[],bulk_hydrogel,"[""bulk_hydrogel""]",in_vitro_cartilage,"[""in_vitro_cartilage""]","[""collagen""]","[""MSC""]",3D_encapsulation,human,,0,1,1,0,1,0,2026-09-26T18:34:11Z,16470833,10.1002/jbm.b.30517,2006,The internalized CdSe/ZnS quantum dots impair the chondrogenesis of bone marrow mesenchymal stem cells,"Journal of biomedical materials research. Part B, Applied biomaterials"
AMBC_BYCFdZdSit8YSCYGVu2ddib0rmt,unmodified,[],monolayer,"[""monolayer""]",in_vitro_cartilage,"[""in_vitro_cartilage""]","[""collagen""]","[""articular_chondrocyte"", ""MSC""]",2D,human,,0,1,1,0,1,0,2026-09-26T18:34:11Z,16579686,10.1089/ten.2006.12.527,2006,Chondrogenic differentiation of mesenchymal stem cells isolated from patients in late adulthood: the optimal conditions of growth factors,Tissue engineering
AMBC_C76JTq6XHURfnFigL4YI0VXaui1,unmodified,[],monolayer,"[""monolayer""]",in_vitro_cartilage,"[""in_vitro_cartilage""]","[""collagen""]","[""articular_chondrocyte"", ""MSC""]",2D,bovine,,0,1,1,0,1,0,2026-09-26T18:34:11Z,16544933,,2006,Gene expression profile of bovine bone marrow mesenchymal stem cell during spontaneous chondrogenic differentiation in pellet culture system,The Japanese journal of veterinary research
AMBC_KBjrZvcQ5ROYFbbe5F5lquWNio0,unmodified,[],bulk_hydrogel,"[""bulk_hydrogel""]",in_vitro_cartilage,"[""in_vitro_cartilage""]","[""collagen""]","[""articular_chondrocyte"", ""MSC""]",3D_encapsulation,murine,,0,1,1,0,1,0,2026-09-26T18:34:11Z,16598383,10.1359/jbmr.051213,2006,Effect of IGF-I in the chondrogenesis of bone marrow mesenchymal stem cells in the presence or absence of TGF-beta signaling,Journal of bone and mineral research : the official journal of the American Society for Bone and Mineral Research
AMBC_1TXZ8myUaKfOh5XYrtNNr1x6lq6,unmodified,[],monolayer,"[""monolayer""]",in_vitro_cartilage,"[""in_vitro_cartilage""]","[""alginate"", ""collagen""]","[""articular_chondrocyte"", ""MSC""]",2D,rabbit,,0,1,1,0,1,0,2026-09-26T18:34:11Z,16934100,10.1111/j.1525-1594.2006.00288.x,2006,Low-intensity ultrasound stimulation enhances chondrogenic differentiation in alginate culture of mesenchymal stem cells,Artificial organs
AMBC_QlQYA9OrvfRQ1zsFd42WkrxLBwR,unmodified,[],bulk_hydrogel,"[""bulk_hydrogel""]",in_vitro_cartilage,"[""in_vitro_cartilage""]","[""collagen""]","[""MSC""]",3D_encapsulation,human,,0,1,1,0,1,0,2026-09-26T18:34:11Z,16735063,10.1016/j.biomaterials.2006.05.001,2006,The guidance of human mesenchymal stem cell differentiation in vitro by controlled modifications to the cell substrate,Biomaterials
AMBC_6wZ60qlFbXJqd8C1G38atmIlACP,rgd_conjugated,"[""rgd_conjugated""]",bulk_hydrogel,"[""bulk_hydrogel""]",in_vitro_cartilage,"[""in_vitro_cartilage""]","[""HA"", ""PEG"", ""collagen""]","[""MSC""]",3D_encapsulation,human,,0,1,1,0,1,0,2026-09-26T18:34:10Z,16995803,10.1089/ten.2006.12.2695,2006,Chondrogenic differentiation of human embryonic stem cell-derived cells in arginine-glycine-aspartate-modified hydrogels,Tissue engineering
AMBC_43TG0hF3d70rMN92R2LQDirHdZ6,unmodified,[],bulk_hydrogel,"[""bulk_hydrogel""]",in_vitro_cartilage,"[""in_vitro_cartilage""]","[""agarose""]","[""articular_chondrocyte"", ""MSC""]",3D_encapsulation,human,,0,1,1,0,1,0,2026-09-26T18:34:10Z,16257243,10.1016/j.joca.2005.09.002,2006,Chondrogenic differentiation and functional maturation of bovine mesenchymal stem cells in long-term agarose culture,Osteoarthritis and cartilage
AMBC_BPH5FjAtUCmFZuqYlEiAnnLcyjf,unmodified,[],bulk_hydrogel,"[""bulk_hydrogel""]",in_vitro_cartilage,"[""in_vitro_cartilage""]","[""collagen"", ""silk_fibrin""]",[],3D_encapsulation,,,0,1,1,0,1,0,2026-09-26T18:34:07Z,17228748,,2006,Progress of silk fibroin in the cell scaffold of tissue engineering,Sheng wu yi xue gong cheng xue za zhi = Journal of biomedical engineering = Shengwu yixue gongchengxue zazhi
AMBC_GmRmp2gFL1hw7ZlVgkYJGxoCwMt,unmodified,[],bulk_hydrogel,"[""bulk_hydrogel""]",in_vitro_cartilage,"[""in_vitro_cartilage""]","[""collagen""]",[],3D_encapsulation,,,0,1,1,0,1,0,2026-09-26T18:34:07Z,16797194,10.1016/j.joca.2006.05.006,2006,Prediction of collagen orientation in articular cartilage by a collagen remodeling algorithm,Osteoarthritis and cartilage
AMBC_CNNrcjQGVEq13daYeZH5eUIt0GL,unmodified,[],monolayer,"[""monolayer""]",in_vitro_cartilage,"[""in_vitro_cartilage""]","[""alginate"", ""collagen""]","[""articular_chondrocyte""]",2D,human,,0,1,1,0,1,0,2026-09-26T18:34:07Z,16949971,10.1016/j.otohns.2006.05.029,2006,Human serum for tissue engineering of human nasal septal cartilage,Otolaryngology--head and neck surgery : official journal of American Academy of Otolaryngology-Head and Neck Surgery
AMBC_CMRjj0BgRKtRmq8evv8P0T77k2j,unmodified,[],bulk_hydrogel,"[""bulk_hydrogel""]",in_vitro_cartilage,"[""in_vitro_cartilage""]",[],[],3D_encapsulation,,,0,1,1,0,1,0,2026-09-26T18:34:07Z,17518670,10.1089/ten.2006.12.3285,2006,"Advanced tools for tissue engineering: scaffolds, bioreactors, and signaling",Tissue engineering
AMBC_MfvokzggXQMHWRwfuR9HVm02um2,unmodified,[],bulk_hydrogel,"[""bulk_hydrogel""]",in_vitro_cartilage,"[""in_vitro_cartilage""]","[""collagen""]","[""articular_chondrocyte""]",3D_encapsulation,,,0,1,1,0,1,0,2026-09-26T18:34:07Z,17518672,10.1089/ten.2006.12.3341,2006,Translation from research to applications,Tissue engineering
AMBC_34QOea9GODR47bhMx3aEIOxLM3q,unmodified,[],bulk_hydrogel,"[""bulk_hydrogel""]",in_vitro_cartilage,"[""in_vitro_cartilage""]",[],[],3D_encapsulation,,,0,1,1,0,1,0,2026-09-26T18:34:07Z,17464360,10.1098/rsta.2005.1687,2006,Supercritical carbon dioxide: putting the fizz into biomaterials,"Philosophical transactions. Series A, Mathematical, physical, and engineering sciences"
AMBC_BnwEpY9AHtx935XHISPJLNxTVm,unmodified,[],monolayer,"[""monolayer""]",in_vitro_cartilage,"[""in_vitro_cartilage""]","[""collagen"", ""gelatin""]","[""articular_chondrocyte""]",3D_encapsulation,,,0,1,1,0,1,0,2026-09-26T18:34:07Z,17026857,,2006,Repairing articular cartilage defects with tissue-engineering cartilage in rabbits,Chinese journal of traumatology = Zhonghua chuang shang za zhi
AMBC_7Lx6NjxE8wIqrBvyqaTsp6AUrtm,unmodified,[],bulk_hydrogel,"[""bulk_hydrogel""]",in_vitro_cartilage,"[""in_vitro_cartilage""]","[""collagen""]","[""articular_chondrocyte""]",3D_encapsulation,murine,,0,1,1,0,1,0,2026-09-26T18:34:07Z,16457882,10.1016/j.biomaterials.2006.01.018,2006,Combination of baculovirus-mediated gene transfer and rotating-shaft bioreactor for cartilage tissue engineering,Biomaterials
AMBC_EIfflZVgbriNxi50spybthDD44M,unmodified,[],bulk_hydrogel,"[""bulk_hydrogel""]",in_vitro_cartilage,"[""in_vitro_cartilage""]",[],[],3D_encapsulation,human,,0,1,1,0,1,0,2026-09-26T18:34:07Z,16971328,10.1098/rsif.2006.0124,2006,Challenges in tissue engineering,"Journal of the Royal Society, Interface"
AMBC_3nPguBQ5qM4bOG2XJYYtTvXsfqv,unmodified,[],bulk_hydrogel,"[""bulk_hydrogel""]",in_vitro_cartilage,"[""in_vitro_cartilage""]","[""collagen""]","[""articular_chondrocyte"", ""MSC""]",3D_encapsulation,,,0,1,1,0,1,0,2026-09-26T18:34:07Z,16771647,10.1089/ten.2006.12.1345,2006,Effects of cross-linking type II collagen-GAG scaffolds on chondrogenesis in vitro: dynamic pore reduction promotes cartilage formation,Tissue engineering
AMBC_3ZO3lIky3n0vteUx7afAmuUrehf,rgd_conjugated,"[""rgd_conjugated""]",bulk_hydrogel,"[""bulk_hydrogel""]",in_vitro_cartilage,"[""in_vitro_cartilage""]",[],"[""adipose_MSC""]",3D_encapsulation,human,,0,1,1,0,1,0,2026-09-26T18:34:07Z,16445976,10.1016/j.biomaterials.2006.01.011,2006,Peptide-surface modification of poly(caprolactone) with laminin-derived sequences for adipose-derived stem cell applications,Biomaterials
AMBC_GdbPfXsoG7Kd1mDep5HTjOwXGFE,unmodified,[],bulk_hydrogel,"[""bulk_hydrogel""]",in_vitro_cartilage,"[""in_vitro_cartilage""]","[""collagen"", ""cellulose""]","[""articular_chondrocyte""]",3D_encapsulation,human,,0,1,1,0,1,0,2026-09-26T18:34:07Z,16823110,,2006,Cellulose sponge as a scaffold for cartilage tissue engineering,Bio-medical materials and engineering
AMBC_DdGWHuQkTvMFVuco5dAjW73DN5y,unmodified,[],bulk_hydrogel,"[""bulk_hydrogel""]",in_vitro_cartilage,"[""in_vitro_cartilage""]","[""PEG"", ""collagen""]","[""articular_chondrocyte""]",3D_encapsulation,,,0,1,1,0,1,0,2026-09-26T18:34:07Z,16797067,10.1016/j.biomaterials.2006.06.001,2006,Collagen mimetic peptide-conjugated photopolymerizable PEG hydrogel,Biomaterials
AMBC_IurT2EAdAGYlpXjV4mAWN9nNwBW,unmodified,[],monolayer,"[""monolayer""]",in_vitro_cartilage,"[""in_vitro_cartilage""]","[""collagen""]","[""articular_chondrocyte""]",3D_encapsulation,,,0,1,1,0,1,0,2026-09-26T18:34:07Z,16413766,10.1016/j.etp.2005.10.005,2006,Application of collagen matrices for cartilage tissue engineering,Experimental and toxicologic pathology : official journal of the Gesellschaft fur Toxikologische Pathologie
AMBC_7Ju2c3ndTflOWjE824rwiC0tgaQ,unmodified,[],bulk_hydrogel,"[""bulk_hydrogel""]",in_vitro_cartilage,"[""in_vitro_cartilage""]",[],"[""articular_chondrocyte""]",3D_encapsulation,,,0,1,1,0,1,0,2026-09-26T18:34:07Z,16442157,10.1016/j.biomaterials.2006.01.008,2006,Treatment of articular cartilage defects in horses with polymer-based cartilage tissue engineering grafts,Biomaterials
AMBC_7bvdVaP2u7gtqemDNfklEyNLVTM,unmodified,[],bulk_hydrogel,"[""bulk_hydrogel""]",in_vitro_cartilage,"[""in_vitro_cartilage""]","[""cellulose""]","[""articular_chondrocyte""]",3D_encapsulation,,,0,1,1,0,1,0,2026-09-26T18:34:07Z,16530823,10.1016/j.biomaterials.2006.02.031,2006,Cellulose-based scaffold materials for cartilage tissue engineering,Biomaterials
AMBC_1zeK41Q1f7hc07DdlWdtOTCPIN,unmodified,[],bulk_hydrogel,"[""bulk_hydrogel""]",in_vitro_cartilage,"[""in_vitro_cartilage""]","[""collagen""]","[""articular_chondrocyte""]",3D_encapsulation,rabbit,,0,1,1,0,1,0,2026-09-26T18:34:07Z,16506181,10.1002/jbm.b.30507,2006,Tissue engineering of articular cartilage with autologous cultured adipose tissue-derived stromal cells using atelocollagen honeycomb-shaped scaffold with a membrane sealing in rabbits,"Journal of biomedical materials research. Part B, Applied biomaterials"
AMBC_Zb4BKPjYUYruQkNyPYEhIFZKwHO,edc_nhs,"[""edc_nhs""]",bulk_hydrogel,"[""bulk_hydrogel""]",in_vitro_cartilage,"[""in_vitro_cartilage""]","[""HA"", ""collagen"", ""gelatin""]","[""articular_chondrocyte""]",3D_encapsulation,porcine,,0,1,1,0,1,0,2026-09-26T18:34:07Z,16470812,10.1002/jbm.b.30432,2006,TGF-beta1 immobilized tri-co-polymer for articular cartilage tissue engineering,"Journal of biomedical materials research. Part B, Applied biomaterials"
AMBC_7YEQZrdK9uWm1Z0g31yqYQoUDk9,unmodified,[],monolayer,"[""monolayer""]",in_vitro_cartilage,"[""in_vitro_cartilage""]","[""collagen""]","[""articular_chondrocyte""]",2D,,,0,1,1,0,1,0,2026-09-26T18:34:07Z,16583449,10.1002/jor.20098,2006,Cartilage tissue engineering by expanded goat articular chondrocytes,Journal of orthopaedic research : official publication of the Orthopaedic Research Society
AMBC_7oRK0l8oO3wmrrHd5JJM8i3voxa,unmodified,[],bulk_hydrogel,"[""bulk_hydrogel""]",in_vitro_cartilage,"[""in_vitro_cartilage""]",[],[],3D_encapsulation,rabbit,,0,1,1,0,1,0,2026-09-26T18:34:07Z,16579678,10.1089/ten.2006.12.449,2006,Mechano-active scaffold design based on microporous poly(L-lactide-co-epsilon-caprolactone) for articular cartilage tissue engineering: dependence of porosity on compression force-applied mechanical behaviors,Tissue engineering
AMBC_8egzhK10QJkuDgMHNUsNniVZ2AD,unmodified,[],bulk_hydrogel,"[""bulk_hydrogel""]",in_vitro_cartilage,"[""in_vitro_cartilage""]",[],"[""articular_chondrocyte"", ""MSC""]",3D_encapsulation,,,0,1,1,0,1,0,2026-09-26T18:34:07Z,17108682,10.1159/000095985,2006,Mesenchymal stem cells in tissue engineering,"Cells, tissues, organs"
AMBC_ZdRLllmSTENPzAnKPsWzuxPNpJf,unmodified,[],bulk_hydrogel,"[""bulk_hydrogel""]",in_vitro_cartilage,"[""in_vitro_cartilage""]","[""collagen"", ""silk_fibrin""]","[""MSC""]",3D_encapsulation,human,,0,1,1,0,1,0,2026-09-26T18:34:07Z,17518642,10.1089/ten.2006.12.2729,2006,Cartilage-like tissue engineering using silk scaffolds and mesenchymal stem cells,Tissue engineering
AMBC_EIR4qhT0TK1TYogKepvpAHYNwwl,unmodified,[],monolayer,"[""monolayer""]",in_vitro_cartilage,"[""in_vitro_cartilage""]","[""alginate"", ""collagen"", ""agarose""]","[""articular_chondrocyte""]",3D_encapsulation,bovine,,0,1,1,0,1,0,2026-09-26T18:34:07Z,16404714,10.1002/jbm.a.30607,2006,A new biodegradable polyester elastomer for cartilage tissue engineering,Journal of biomedical materials research. Part A
AMBC_7Fj0gR5uZatX7CY89sLkYpkSeNI,unmodified,[],microsphere,"[""microsphere""]",in_vitro_cartilage,"[""in_vitro_cartilage""]","[""collagen""]","[""articular_chondrocyte""]",3D_encapsulation,,,0,1,1,0,1,0,2026-09-26T18:34:07Z,16506176,10.1002/jbm.a.30612,2006,Synthetic biodegradable microparticles for articular cartilage tissue engineering,Journal of biomedical materials research. Part A
AMBC_X57hoimyIOOWr05DXgw1jf02rhU,unmodified,[],bulk_hydrogel,"[""bulk_hydrogel""]",in_vitro_cartilage,"[""in_vitro_cartilage""]","[""HA"", ""collagen"", ""chitosan""]","[""articular_chondrocyte""]",3D_encapsulation,,,0,1,1,0,1,0,2026-09-26T18:34:07Z,16519402,10.1080/10731190500430024,2006,Potential use of collagen-chitosan-hyaluronan tri-copolymer scaffold for cartilage tissue engineering,"Artificial cells, blood substitutes, and immobilization biotechnology"
AMBC_Ho0lwWjcF0FeCxeKYOCFo4heROI,unmodified,[],bulk_hydrogel,"[""bulk_hydrogel""]",in_vitro_cartilage,"[""in_vitro_cartilage""]","[""HA""]","[""articular_chondrocyte""]",3D_encapsulation,murine,,0,1,1,0,1,0,2026-09-26T18:34:07Z,17022680,10.1021/bp060181u,2006,Poly(vinyl alcohol) hydrogel as a biocompatible viscoelastic mimetic for articular cartilage,Biotechnology progress
AMBC_YMtRfzQb3xrT8eyWWppz1XEkVGD,unmodified,[],bulk_hydrogel,"[""bulk_hydrogel""]",in_vitro_cartilage,"[""in_vitro_cartilage""]","[""collagen"", ""chitosan"", ""gelatin""]","[""articular_chondrocyte"", ""MSC""]",3D_encapsulation,rabbit,,0,1,1,0,1,0,2026-09-26T18:34:07Z,18458397,10.1088/1748-6041/1/3/010,2006,The effect of a chitosan-gelatin matrix and dexamethasone on the behavior of rabbit mesenchymal stem cells,"Biomedical materials (Bristol, England)"
AMBC_WvRAa8lr4ZmugYetu9LpDQ3aY5s,unmodified,[],bulk_hydrogel,"[""bulk_hydrogel""]",in_vitro_cartilage,"[""in_vitro_cartilage""]","[""collagen"", ""agarose""]",[],3D_encapsulation,bovine,,0,1,1,0,1,0,2026-09-26T18:34:07Z,16674308,10.1089/ten.2006.12.969,2006,A self-assembling process in articular cartilage tissue engineering,Tissue engineering
AMBC_QaD2VSD6dbp1X2fklG82eUFLgor,unmodified,[],bulk_hydrogel,"[""bulk_hydrogel""]",in_vitro_cartilage,"[""in_vitro_cartilage""]","[""silk_fibrin""]","[""articular_chondrocyte"", ""MSC""]",3D_encapsulation,human,,0,1,1,0,1,0,2026-09-26T18:34:07Z,16677707,10.1016/j.biomaterials.2006.03.050,2006,Cartilage tissue engineering with silk scaffolds and human articular chondrocytes,Biomaterials
AMBC_BNicSCQql94ZwzChvwFjzQZY203,unmodified,[],bulk_hydrogel,"[""bulk_hydrogel""]",in_vitro_cartilage,"[""in_vitro_cartilage""]","[""collagen"", ""chitosan""]","[""articular_chondrocyte""]",3D_encapsulation,human,,0,1,1,0,1,0,2026-09-26T18:34:07Z,16626850,10.1016/j.biochi.2006.03.002,2006,A material decoy of biological media based on chitosan physical hydrogels: application to cartilage tissue engineering,Biochimie
AMBC_O0hVvjsNhMBj1Ako4P5rcSvWoZV,unmodified,[],bulk_hydrogel,"[""bulk_hydrogel""]",in_vitro_cartilage,"[""in_vitro_cartilage""]",[],[],3D_encapsulation,,,0,1,1,0,1,0,2026-09-26T18:34:07Z,16823101,,2006,Cartilage and bone tissue engineering using hydrogels,Bio-medical materials and engineering
AMBC_Goy6EAY4MeLPDUYJa2kwNaAyJbw,unmodified,[],bulk_hydrogel,"[""bulk_hydrogel""]",in_vitro_cartilage,"[""in_vitro_cartilage""]","[""collagen""]","[""articular_chondrocyte""]",3D_encapsulation,,,0,1,1,0,1,0,2026-09-26T18:34:02Z,16935278,10.1016/j.ydbio.2006.07.028,2006,Indian and sonic hedgehogs regulate synchondrosis growth plate and cranial base development and function,Developmental biology
AMBC_1VOshc9ewCgYRfhCk8lrk7Pcud6,unmodified,[],bulk_hydrogel,"[""bulk_hydrogel""]",in_vitro_cartilage,"[""in_vitro_cartilage""]","[""collagen""]","[""articular_chondrocyte""]",3D_encapsulation,,,0,1,1,0,1,0,2026-09-26T18:34:02Z,16857753,10.1210/en.2006-0196,2006,Insulin-like growth factor-I is essential for embryonic bone development,Endocrinology
AMBC_9lWDqsmPIBvWNt9PjZBnc1AYnNV,unmodified,[],bulk_hydrogel,"[""bulk_hydrogel""]",in_vitro_cartilage,"[""in_vitro_cartilage""]","[""collagen""]","[""articular_chondrocyte""]",3D_encapsulation,,,0,1,1,0,1,0,2026-09-26T18:34:02Z,16476422,10.1016/j.ydbio.2005.12.044,2006,PTH/PTHrP receptor delays chondrocyte hypertrophy via both Runx2-dependent and -independent pathways,Developmental biology
AMBC_4lWFZJOI2WOQkgYParPuOtFgXU4,unmodified,[],bulk_hydrogel,"[""bulk_hydrogel""]",in_vitro_cartilage,"[""in_vitro_cartilage""]","[""collagen""]","[""articular_chondrocyte""]",3D_encapsulation,,,0,1,1,0,1,0,2026-09-26T18:34:02Z,16293629,10.1074/jbc.M504875200,2006,The Wnt-inducible transcription factor Twist1 inhibits chondrogenesis,The Journal of biological chemistry
AMBC_8thGkaBxUqcqvLyQJUSOdiUftPH,unmodified,[],bulk_hydrogel,"[""bulk_hydrogel""]",in_vitro_cartilage,"[""in_vitro_cartilage""]",[],"[""articular_chondrocyte""]",3D_encapsulation,,,0,1,1,0,1,0,2026-09-26T18:34:02Z,17407931,,2006,Navigation-guided transfer of cartilage defect geometry for arthroscopic autologous chondrocyte transplantation,Orthopedics
AMBC_NlHkqSO6xAJM7ezac5HtS3OD9mW,unmodified,[],bulk_hydrogel,"[""bulk_hydrogel""]",in_vitro_cartilage,"[""in_vitro_cartilage""]","[""collagen""]","[""articular_chondrocyte""]",3D_encapsulation,human,,0,1,1,0,1,0,2026-09-26T18:34:02Z,16905540,10.1074/jbc.M602296200,2006,Oxygen tension regulates chondrocyte differentiation and function during endochondral ossification,The Journal of biological chemistry
AMBC_9gvEMFqlGlTklE9gIXuJkUkl9xf,unmodified,[],bulk_hydrogel,"[""bulk_hydrogel""]",in_vitro_cartilage,"[""in_vitro_cartilage""]","[""collagen""]","[""articular_chondrocyte"", ""MSC""]",3D_encapsulation,human,,0,1,1,0,1,0,2026-09-26T18:34:02Z,16779832,10.1002/jor.20200,2006,Limitations of using aggrecan and type X collagen as markers of chondrogenesis in mesenchymal stem cell differentiation,Journal of orthopaedic research : official publication of the Orthopaedic Research Society
AMBC_JrBfTgOCAytkyPWKU44sOhdjFTt,unmodified,[],bulk_hydrogel,"[""bulk_hydrogel""]",in_vitro_cartilage,"[""in_vitro_cartilage""]","[""collagen""]","[""articular_chondrocyte""]",3D_encapsulation,,,0,1,1,0,1,0,2026-09-26T18:34:02Z,17050377,10.1080/15216540600932993,2006,Identification and characterization of arginase II as a chondrocyte phenotype-specific gene,IUBMB life
AMBC_Th8oMDQ2V9DIVHb3niR5b8Jb3Gt,unmodified,[],bulk_hydrogel,"[""bulk_hydrogel""]",in_vitro_cartilage,"[""in_vitro_cartilage""]","[""collagen""]","[""articular_chondrocyte""]",3D_encapsulation,,,0,1,1,0,1,0,2026-09-26T18:34:02Z,16520959,10.1007/s10237-006-0026-1,2006,A mechano-chemical model for the passive swelling response of an isolated chondron under osmotic loading,Biomechanics and modeling in mechanobiology
AMBC_VFBambYbmXpZxVkvBbyPwTdipUQ,unmodified,[],bulk_hydrogel,"[""bulk_hydrogel""]",in_vitro_cartilage,"[""in_vitro_cartilage""]","[""collagen""]","[""articular_chondrocyte""]",3D_encapsulation,,,0,1,1,0,1,0,2026-09-26T18:34:02Z,16651393,10.1369/jhc.5A6866.2006,2006,Localization of extracellular matrix receptors on the chondrocyte primary cilium,The journal of histochemistry and cytochemistry : official journal of the Histochemistry Society
AMBC_BzbHfBJNSoYgBp2xazqn6VXzkAA,unmodified,[],bulk_hydrogel,"[""bulk_hydrogel""]",in_vitro_cartilage,"[""in_vitro_cartilage""]","[""collagen""]","[""articular_chondrocyte""]",3D_encapsulation,,,0,1,1,0,1,0,2026-09-26T18:34:02Z,16506019,10.1007/s10237-006-0021-6,2006,Collagen network of articular cartilage modulates fluid flow and mechanical stresses in chondrocyte,Biomechanics and modeling in mechanobiology
AMBC_Ts8jUJ1rehqVAF4cUekJ4aX4b9H,unmodified,[],bulk_hydrogel,"[""bulk_hydrogel""]",in_vitro_cartilage,"[""in_vitro_cartilage""]","[""collagen"", ""agarose""]","[""articular_chondrocyte""]",3D_encapsulation,murine,,0,1,1,0,1,0,2026-09-26T18:34:02Z,16297642,10.1016/j.joca.2005.09.012,2006,The in vitro effects of dehydroepiandrosterone on chondrocyte metabolism,Osteoarthritis and cartilage
AMBC_WWAuDnVgFUyVDpCirxvoMyjhgmr,unmodified,[],monolayer,"[""monolayer""]",in_vitro_cartilage,"[""in_vitro_cartilage""]","[""collagen"", ""fibrin""]","[""articular_chondrocyte""]",2D,,,0,1,1,0,1,0,2026-09-26T18:34:02Z,16674288,10.1089/ten.2006.12.741,2006,Regulative mechanisms of chondrocyte adhesion,Tissue engineering
AMBC_VJ3PS5JL2KWgmr2a4QdIFwOCDh1,unmodified,[],bulk_hydrogel,"[""bulk_hydrogel""]",in_vitro_cartilage,"[""in_vitro_cartilage""]","[""agarose""]","[""articular_chondrocyte""]",3D_encapsulation,,,0,1,1,0,1,0,2026-09-26T18:34:02Z,15985265,10.1016/j.jbiomech.2005.04.006,2006,Mechanical compression and hydrostatic pressure induce reversible changes in actin cytoskeletal organisation in chondrocytes in agarose,Journal of biomechanics
AMBC_Bh7MlZKdnNTkz1iPT9ZpPyOxIMX,unmodified,[],monolayer,"[""monolayer""]",in_vitro_cartilage,"[""in_vitro_cartilage""]",[],"[""articular_chondrocyte""]",2D,bovine,,0,1,1,0,1,0,2026-09-26T18:34:02Z,16628207,10.1038/nmeth873,2006,Probing the role of multicellular organization in three-dimensional microenvironments,Nature methods
AMBC_3HvkxqSZ19nPxpnRUQS88TTHo7t,methacrylated,"[""methacrylated""]",injectable,"[""injectable""]",in_vitro_cartilage,"[""in_vitro_cartilage""]","[""HA"", ""alginate""]","[""articular_chondrocyte""]",3D_encapsulation,bovine,,0,1,1,0,1,0,2026-09-26T18:34:02Z,16454523,10.1021/bp050312b,2006,Fabrication of hyaluronic acid hydrogel beads for cell encapsulation,Biotechnology progress
AMBC_UAovgSEdmzc9WEeWkPGPYroCHZk,unmodified,[],monolayer,"[""monolayer""]",in_vitro_cartilage,"[""in_vitro_cartilage""]","[""alginate"", ""collagen""]","[""articular_chondrocyte"", ""MSC""]",2D,bovine,,0,1,1,0,1,0,2026-09-26T18:34:02Z,16470881,10.1002/bit.20828,2006,Chondrogenic differentiation of bovine bone marrow mesenchymal stem cells (MSCs) in different hydrogels: influence of collagen type II extracellular matrix on MSC chondrogenesis,Biotechnology and bioengineering
AMBC_3iy6zWymhFRQCDbtAjer8PtykGC,sulfated,"[""sulfated""]",bulk_hydrogel,"[""bulk_hydrogel""]",in_vitro_cartilage,"[""in_vitro_cartilage""]","[""fibrin""]","[""articular_chondrocyte""]",3D_encapsulation,bovine,,0,1,1,0,1,0,2026-09-26T18:34:02Z,16921532,10.1002/bit.21072,2006,Immobilized fibrinogen in PEG hydrogels does not improve chondrocyte-mediated matrix deposition in response to mechanical stimulation,Biotechnology and bioengineering
AMBC_2BcFyB2WZ0pYytM8MUZYZnRzUCT,unmodified,[],bulk_hydrogel,"[""bulk_hydrogel""]",in_vitro_cartilage,"[""in_vitro_cartilage""]","[""collagen"", ""gelatin""]","[""articular_chondrocyte""]",3D_encapsulation,rabbit,,0,1,1,0,1,0,2026-09-26T18:34:02Z,16968173,10.1089/ten.2006.12.2333,2006,Encapsulation of chondrocytes in photopolymerizable styrenated gelatin for cartilage tissue engineering,Tissue engineering
AMBC_WOgsQd2fVLbdPkkqwG3tpgG4q6L,unmodified,[],bulk_hydrogel,"[""bulk_hydrogel""]",auricular,"[""auricular"", ""in_vivo_repair"", ""in_vitro_cartilage""]","[""HA"", ""collagen""]","[""articular_chondrocyte"", ""auricular_chondrocyte""]",3D_encapsulation,,,0,1,1,0,1,0,2026-09-26T18:34:02Z,16995800,10.1089/ten.2006.12.2665,2006,Effects of auricular chondrocyte expansion on neocartilage formation in photocrosslinked hyaluronic acid networks,Tissue engineering
AMBC_CWkg5OdMpFBOoyq9RIPmahCYT15,unmodified,[],bulk_hydrogel,"[""bulk_hydrogel""]",auricular,"[""auricular"", ""in_vitro_cartilage""]","[""alginate"", ""collagen""]","[""articular_chondrocyte"", ""auricular_chondrocyte""]",3D_encapsulation,human,,0,1,1,0,1,0,2026-09-26T18:34:02Z,16596585,10.1002/jbm.a.30655,2006,Cartilage tissue engineering using human auricular chondrocytes embedded in different hydrogel materials,Journal of biomedical materials research. Part A
AMBC_Jqz9zdGFSc0zFSniGZAtovayjHx,unmodified,[],bulk_hydrogel,"[""bulk_hydrogel""]",osteochondral,"[""osteochondral"", ""in_vitro_cartilage""]","[""collagen""]","[""articular_chondrocyte"", ""MSC""]",3D_encapsulation,rabbit,,0,1,1,0,1,0,2026-09-26T18:34:11Z,16306014,10.1080/14653240500361350,2005,Differentiation of transplanted mesenchymal stem cells in a large osteochondral defect in rabbit,Cytotherapy
AMBC_Rcgcs0oF4w9jmT2UFpQKos1mY39,unmodified,[],bulk_hydrogel,"[""bulk_hydrogel""]",osteochondral,"[""osteochondral"", ""in_vitro_cartilage""]",[],"[""articular_chondrocyte"", ""MSC""]",3D_encapsulation,,,0,1,1,0,1,0,2026-09-26T18:34:07Z,15830323,10.22203/ecm.v009a04,2005,Current strategies for articular cartilage repair,European cells & materials
AMBC_KY4mNywhLbwA9ZIMRcHrLkWgYBH,unmodified,[],bulk_hydrogel,"[""bulk_hydrogel""]",osteochondral,"[""osteochondral"", ""in_vitro_cartilage""]",[],"[""articular_chondrocyte""]",3D_encapsulation,,,0,1,1,0,1,0,2026-09-26T18:34:07Z,16221389,,2005,Surgery on articular cartilage: from debridement to tissue engineering,Ugeskrift for laeger
AMBC_QUctqkJHPaAxHWz7ZUPtSCeTzFE,unmodified,[],monolayer,"[""monolayer""]",osteochondral,"[""osteochondral"", ""in_vivo_repair"", ""in_vitro_cartilage""]",[],"[""articular_chondrocyte""]",3D_encapsulation,,,0,1,1,0,1,0,2026-09-26T18:34:07Z,15684691,10.1089/ten.2004.10.1830,2005,Repair of osteochondral defects with autologous chondrocytes seeded onto bioceramic scaffold in sheep,Tissue engineering
AMBC_GxBd8K2yaTGDevR2s9nFspfdei4,unmodified,[],bulk_hydrogel,"[""bulk_hydrogel""]",osteochondral,"[""osteochondral"", ""in_vitro_cartilage""]","[""chitosan""]","[""MSC""]",3D_encapsulation,human,,0,1,1,0,1,0,2026-09-26T18:34:07Z,16362204,10.1007/s10856-005-4709-4,2005,Chitosan particles agglomerated scaffolds for cartilage and osteochondral tissue engineering approaches with adipose tissue derived stem cells,Journal of materials science. Materials in medicine
AMBC_A3AU4UWRX5t0unM68fVw0PmQ2Ku,unmodified,[],bulk_hydrogel,"[""bulk_hydrogel""]",osteochondral,"[""osteochondral"", ""in_vivo_repair"", ""in_vitro_cartilage""]","[""PEG"", ""collagen""]","[""articular_chondrocyte"", ""MSC""]",3D_encapsulation,human,,0,1,1,0,1,0,2026-09-26T18:34:07Z,15866954,10.2106/JBJS.D.02104,2005,Tissue-engineered osteochondral constructs in the shape of an articular condyle,The Journal of bone and joint surgery. American volume
AMBC_3HVhRUW8kpDB2P4o5pRWtGnGeKY,unmodified,[],bulk_hydrogel,"[""bulk_hydrogel""]",osteochondral,"[""osteochondral"", ""in_vivo_repair"", ""in_vitro_cartilage""]","[""alginate""]","[""MSC""]",3D_encapsulation,,,0,1,1,0,1,0,2026-09-26T18:34:07Z,15998234,10.1089/ten.2005.11.953,2005,In vivo response of polylactic acid-alginate scaffolds and bone marrow-derived cells for cartilage tissue engineering,Tissue engineering
AMBC_5vlMyOU8NObDOwo4cbyw0EVBUa8,unmodified,[],bulk_hydrogel,"[""bulk_hydrogel""]",osteochondral,"[""osteochondral"", ""in_vitro_cartilage""]","[""collagen""]","[""articular_chondrocyte""]",3D_encapsulation,human,,0,1,1,0,1,0,2026-09-26T18:34:07Z,16039710,10.1016/j.biomaterials.2005.04.062,2005,Tissue engineering of human cartilage and osteochondral composites using recirculation bioreactors,Biomaterials
AMBC_RApFvdgA4SDvy27ICXibemjT0S1,unmodified,[],bulk_hydrogel,"[""bulk_hydrogel""]",osteochondral,"[""osteochondral"", ""in_vitro_cartilage""]",[],[],3D_encapsulation,,,0,1,1,0,1,0,2026-09-26T18:34:07Z,16022717,10.1111/j.1601-6343.2005.00335.x,2005,Advances in skeletal tissue engineering with hydrogels,Orthodontics & craniofacial research
AMBC_URUWa9FT4XPgBsGwKYwHOSNvXAl,unmodified,[],bilayer,"[""bilayer""]",osteochondral,"[""osteochondral"", ""in_vitro_cartilage""]","[""collagen""]","[""articular_chondrocyte""]",3D_encapsulation,porcine,,0,1,1,0,1,0,2026-09-26T18:34:02Z,15855365,10.1302/0301-620X.87B5.15905,2005,"Autologous chondrocyte implantation versus matrix-induced autologous chondrocyte implantation for osteochondral defects of the knee: a prospective, randomised study",The Journal of bone and joint surgery. British volume
AMBC_FA0u6ZZf4z3R5paCOwtxqXKNIHa,unmodified,[],bulk_hydrogel,"[""bulk_hydrogel""]",in_vitro_cartilage,"[""in_vitro_cartilage""]","[""collagen""]","[""articular_chondrocyte""]",3D_encapsulation,murine,,0,1,1,0,1,0,2026-09-26T18:34:11Z,16211392,10.1007/s00429-005-0020-x,2005,Ultrastructural analysis of mouse embryonic stem cell-derived chondrocytes,Anatomy and embryology
AMBC_Ut14jkOKqRL8VG25nEKEXEIZiV0,unmodified,[],bulk_hydrogel,"[""bulk_hydrogel""]",in_vitro_cartilage,"[""in_vitro_cartilage""]","[""collagen""]","[""articular_chondrocyte"", ""MSC""]",3D_encapsulation,murine,,0,1,1,0,1,0,2026-09-26T18:34:11Z,16059634,10.1359/JBMR.050516,2005,Runx1/AML1/Cbfa2 mediates onset of mesenchymal cell differentiation toward chondrogenesis,Journal of bone and mineral research : the official journal of the American Society for Bone and Mineral Research
AMBC_2Gtzik0GVdmMgxFFX3JMxM2uEpi,unmodified,[],monolayer,"[""monolayer""]",in_vitro_cartilage,"[""in_vitro_cartilage""]","[""collagen"", ""fibrin""]","[""MSC""]",2D,,,0,1,1,0,1,0,2026-09-26T18:34:11Z,16129630,10.1016/j.joca.2005.05.005,2005,Do adipose tissue-derived mesenchymal stem cells have the same osteogenic and chondrogenic potential as bone marrow-derived cells?,Osteoarthritis and cartilage
AMBC_UipLOQwRTgjPRPG8gEzS17uWId6,unmodified,[],bulk_hydrogel,"[""bulk_hydrogel""]",in_vitro_cartilage,"[""in_vitro_cartilage""]","[""collagen""]","[""MSC""]",3D_encapsulation,human,,0,1,1,0,1,0,2026-09-26T18:34:11Z,16277684,10.1186/ar1827,2005,Transcriptional profiles discriminate bone marrow-derived and synovium-derived mesenchymal stem cells,Arthritis research & therapy
AMBC_YlGKdfuW0i1HY78a4ufz9fKBQSp,unmodified,[],bulk_hydrogel,"[""bulk_hydrogel""]",in_vitro_cartilage,"[""in_vitro_cartilage""]",[],"[""MSC""]",3D_encapsulation,,,0,1,1,0,1,0,2026-09-26T18:34:11Z,15888117,10.1111/j.1601-6343.2005.00324.x,2005,Stem cells in craniofacial and dental tissue engineering,Orthodontics & craniofacial research
AMBC_ZO6eJJDF5FXgZhpKE7R8qYGES80,unmodified,[],bulk_hydrogel,"[""bulk_hydrogel""]",in_vitro_cartilage,"[""in_vitro_cartilage""]","[""agarose""]","[""MSC""]",3D_encapsulation,rabbit,,0,1,1,0,1,0,2026-09-26T18:34:11Z,15955834,10.1634/stemcells.2004-0202,2005,Temporal expression patterns and corresponding protein inductions of early responsive genes in rabbit bone marrow-derived mesenchymal stem cells under cyclic compressive loading,"Stem cells (Dayton, Ohio)"
AMBC_REU7AbLHWNov3sp2KfO3hRUNtsw,unmodified,[],bulk_hydrogel,"[""bulk_hydrogel""]",in_vitro_cartilage,"[""in_vitro_cartilage""]","[""collagen""]","[""articular_chondrocyte""]",3D_encapsulation,bovine,,0,1,1,0,1,0,2026-09-26T18:34:11Z,16144460,10.1089/ten.2005.11.1244,2005,Tissue engineering of bovine articular cartilage within porous poly(ether ester) copolymer scaffolds with different structures,Tissue engineering
AMBC_MFBs97GVVJOCySOBMrlaxMJwemV,unmodified,[],bulk_hydrogel,"[""bulk_hydrogel""]",in_vitro_cartilage,"[""in_vitro_cartilage""]","[""collagen""]","[""articular_chondrocyte"", ""MSC""]",3D_encapsulation,human,,0,1,1,0,1,0,2026-09-26T18:34:11Z,15699338,10.1073/pnas.0407510102,2005,Transcriptional coactivator PGC-1alpha regulates chondrogenesis via association with Sox9,Proceedings of the National Academy of Sciences of the United States of America
AMBC_JMwwVgVylV6Kqm2A5Qq1sn4Um7T,sulfated,"[""sulfated""]",bulk_hydrogel,"[""bulk_hydrogel""]",in_vitro_cartilage,"[""in_vitro_cartilage""]","[""collagen""]","[""articular_chondrocyte"", ""MSC""]",3D_encapsulation,human,,0,1,1,0,1,0,2026-09-26T18:34:11Z,16091918,10.1007/s00441-005-1140-6,2005,Morphological examination during in vitro cartilage formation by human mesenchymal stem cells,Cell and tissue research
AMBC_Atm1qd90JKCdJ3Exep1biz97K67,unmodified,[],monolayer,"[""monolayer""]",in_vitro_cartilage,"[""in_vitro_cartilage""]",[],"[""MSC""]",3D_encapsulation,human,,0,1,1,0,1,0,2026-09-26T18:34:11Z,15655167,10.1001/archfaci.7.1.7,2005,Quantitative study of tissue-engineered cartilage with human bone marrow mesenchymal stem cells,Archives of facial plastic surgery
AMBC_LUzvqRcyRo0gVOkVdVCFDgR4zD1,unmodified,[],bulk_hydrogel,"[""bulk_hydrogel""]",in_vitro_cartilage,"[""in_vitro_cartilage""]","[""collagen""]","[""MSC""]",3D_encapsulation,,,0,1,1,0,1,0,2026-09-26T18:34:10Z,16043093,10.1016/j.ymthe.2005.03.024,2005,Gene-induced chondrogenesis of primary mesenchymal stem cells in vitro,Molecular therapy : the journal of the American Society of Gene Therapy
AMBC_16ju6GtBSUaST2hmbumUHLDwC90,unmodified,[],fiber,"[""fiber""]",in_vitro_cartilage,"[""in_vitro_cartilage""]",[],"[""articular_chondrocyte"", ""MSC""]",3D_encapsulation,human,,0,1,1,0,1,0,2026-09-26T18:34:10Z,15282138,10.1016/j.biomaterials.2004.03.005,2005,A three-dimensional nanofibrous scaffold for cartilage tissue engineering using human mesenchymal stem cells,Biomaterials
AMBC_CosGVFXP84rVeb3XkVd3oiwGZQi,sulfated,"[""sulfated""]",bulk_hydrogel,"[""bulk_hydrogel""]",in_vitro_cartilage,"[""in_vitro_cartilage""]","[""collagen""]","[""articular_chondrocyte"", ""MSC""]",3D_encapsulation,,,0,1,1,0,1,0,2026-09-26T18:34:10Z,16001268,10.1007/s00441-005-0010-6,2005,In vitro cartilage formation of composites of synovium-derived mesenchymal stem cells with collagen gel,Cell and tissue research
AMBC_1ClKMKAnJSXLM6IpdBVBRNetvw5,unmodified,[],bulk_hydrogel,"[""bulk_hydrogel""]",in_vitro_cartilage,"[""in_vitro_cartilage""]","[""collagen""]","[""articular_chondrocyte""]",3D_encapsulation,,,0,1,1,0,1,0,2026-09-26T18:34:07Z,15603809,10.1016/j.biomaterials.2004.08.014,2005,"Effect of an avidin-biotin binding system on chondrocyte adhesion, growth and gene expression",Biomaterials
AMBC_ZOyGyBVGsMgjeFIgnRtG4EYgDGc,unmodified,[],bulk_hydrogel,"[""bulk_hydrogel""]",in_vitro_cartilage,"[""in_vitro_cartilage""]",[],[],3D_encapsulation,,,0,1,1,0,1,0,2026-09-26T18:34:07Z,15777645,10.1016/j.gene.2004.12.040,2005,Scaffold-based bone engineering by using genetically modified cells,Gene
AMBC_AzDMajHQWuDnQaUkQZgPtdgQEML,unmodified,[],bulk_hydrogel,"[""bulk_hydrogel""]",in_vitro_cartilage,"[""in_vitro_cartilage""]",[],"[""articular_chondrocyte""]",3D_encapsulation,,,0,1,1,0,1,0,2026-09-26T18:34:07Z,15603802,10.1016/j.biomaterials.2004.08.005,2005,Accelerated chondrocyte functions on NaOH-treated PLGA scaffolds,Biomaterials
AMBC_XfHcD9nOcClGSiPq8fHxmkSFVBU,unmodified,[],bulk_hydrogel,"[""bulk_hydrogel""]",in_vitro_cartilage,"[""in_vitro_cartilage""]",[],"[""articular_chondrocyte"", ""MSC""]",3D_encapsulation,,,0,1,1,0,1,0,2026-09-26T18:34:07Z,15684690,10.1089/ten.2004.10.1818,2005,Repair of large articular cartilage defects with implants of autologous mesenchymal stem cells seeded into beta-tricalcium phosphate in a sheep model,Tissue engineering
AMBC_9uMO5BIyMMpzbBoejyGJiS3wffn,unmodified,[],bulk_hydrogel,"[""bulk_hydrogel""]",in_vitro_cartilage,"[""in_vitro_cartilage""]",[],[],3D_encapsulation,,,0,1,1,0,1,0,2026-09-26T18:34:07Z,16012248,10.1097/01.moo.0000170526.51393.c5,2005,Tissue engineering,Current opinion in otolaryngology & head and neck surgery
AMBC_a0meLRIRdGDRmv6KeGLjgsaAoIZ,unmodified,[],bulk_hydrogel,"[""bulk_hydrogel""]",in_vitro_cartilage,"[""in_vitro_cartilage""]",[],"[""articular_chondrocyte""]",3D_encapsulation,human,,0,1,1,0,1,0,2026-09-26T18:34:07Z,15542128,10.1016/j.ocl.2004.06.006,2005,The potential of tissue engineering in orthopedics,The Orthopedic clinics of North America
AMBC_TgHuaYGBxD0JgquBXjW3ZQdaoXA,sulfated,"[""sulfated""]",bulk_hydrogel,"[""bulk_hydrogel""]",in_vitro_cartilage,"[""in_vitro_cartilage""]","[""collagen""]","[""articular_chondrocyte""]",3D_encapsulation,bovine,,0,1,1,0,1,0,2026-09-26T18:34:07Z,15735900,10.1007/s10561-005-5810-0,2005,Phenotypic analysis of bovine chondrocytes cultured in 3D collagen sponges: effect of serum substitutes,Cell and tissue banking
AMBC_RkhN7YydLjqcBLitTxhm9aw3poj,unmodified,[],bulk_hydrogel,"[""bulk_hydrogel""]",in_vitro_cartilage,"[""in_vitro_cartilage""]","[""alginate"", ""collagen"", ""chitosan""]","[""articular_chondrocyte""]",3D_encapsulation,,,0,1,1,0,1,0,2026-09-26T18:34:07Z,16092113,10.1002/jbm.a.30449,2005,Chitosan-alginate as scaffolding material for cartilage tissue engineering,Journal of biomedical materials research. Part A
AMBC_1QTM5LKYLLUYhEdk2sZePsgzfxj,unmodified,[],monolayer,"[""monolayer""]",in_vitro_cartilage,"[""in_vitro_cartilage""]","[""collagen"", ""gelatin""]","[""articular_chondrocyte"", ""MSC""]",3D_encapsulation,,,0,1,1,0,1,0,2026-09-26T18:34:07Z,16130396,,2005,"Repair of articular cartilage defects with ""two-phase"" tissue engineered cartilage constructed by autologous marrow mesenchymal stem cells and ""two-phase"" allogeneic bone matrix gelatin",Zhongguo xiu fu chong jian wai ke za zhi = Zhongguo xiufu chongjian waike zazhi = Chinese journal of reparative and reconstructive surgery
AMBC_11ovNmzLUo3xx9bTUKtvKwGLGLF,unmodified,[],microsphere,"[""microsphere""]",in_vitro_cartilage,"[""in_vitro_cartilage""]","[""collagen""]","[""articular_chondrocyte""]",3D_encapsulation,,,0,1,1,0,1,0,2026-09-26T18:34:07Z,15576168,10.1016/j.biomaterials.2004.06.030,2005,Poly(lactide-co-glycolide) microspheres as a moldable scaffold for cartilage tissue engineering,Biomaterials
AMBC_Xj2Tm9LhLFG7tnOqlU1U0fqL3po,unmodified,[],bulk_hydrogel,"[""bulk_hydrogel""]",in_vitro_cartilage,"[""in_vitro_cartilage""]","[""HA"", ""collagen""]","[""articular_chondrocyte""]",3D_encapsulation,,,0,1,1,0,1,0,2026-09-26T18:34:07Z,15576166,10.1016/j.biomaterials.2004.06.021,2005,Hyaluronic acid modified biodegradable scaffolds for cartilage tissue engineering,Biomaterials
AMBC_1Bt55ur32OhMg5gqZpasYthGyR2,unmodified,[],bulk_hydrogel,"[""bulk_hydrogel""]",in_vitro_cartilage,"[""in_vitro_cartilage""]",[],"[""articular_chondrocyte""]",3D_encapsulation,,,0,1,1,0,1,0,2026-09-26T18:34:07Z,16737104,,2005,Chondrocyte mecanobiology. Application in cartilage tissue engineering,Bulletin de l'Academie nationale de medecine
AMBC_5YMynduwBaAzsSRQpgLFUYmBOo3,unmodified,[],bulk_hydrogel,"[""bulk_hydrogel""]",in_vitro_cartilage,"[""in_vitro_cartilage""]","[""chitosan""]","[""articular_chondrocyte""]",3D_encapsulation,,,0,1,1,0,1,0,2026-09-26T18:34:07Z,16274136,,2005,Application of chitosan in cartilage tissue engineering,Zhongguo xiu fu chong jian wai ke za zhi = Zhongguo xiufu chongjian waike zazhi = Chinese journal of reparative and reconstructive surgery
AMBC_ACd1tTPzHrhPigivzBKy7juBPwm,unmodified,[],bulk_hydrogel,"[""bulk_hydrogel""]",in_vitro_cartilage,"[""in_vitro_cartilage""]","[""gelatin""]",[],3D_encapsulation,,,0,1,1,0,1,0,2026-09-26T18:34:07Z,15588898,10.1016/j.jconrel.2004.07.004,2005,Dual growth factor delivery from degradable oligo(poly(ethylene glycol) fumarate) hydrogel scaffolds for cartilage tissue engineering,Journal of controlled release : official journal of the Controlled Release Society
AMBC_NoUQjRV9V0k913CPTIG2FeYlpsD,unmodified,[],bulk_hydrogel,"[""bulk_hydrogel""]",in_vitro_cartilage,"[""in_vitro_cartilage""]","[""collagen""]","[""articular_chondrocyte""]",3D_encapsulation,human,,0,1,1,0,1,0,2026-09-26T18:34:07Z,16308460,,2005,Short-term human chondrocyte culturing on oriented collagen coated gelatine scaffolds for cartilage replacement,Bio-medical materials and engineering
AMBC_HXR0iWEdx3aLHBT3GK9nG1comeM,unmodified,[],bulk_hydrogel,"[""bulk_hydrogel""]",in_vitro_cartilage,"[""in_vitro_cartilage""]",[],[],3D_encapsulation,,,0,1,1,0,1,0,2026-09-26T18:34:07Z,15751174,,2005,PEG-PLA hydrogels by stereocomplexation for tissue engineering of cartilage,Journal of controlled release : official journal of the Controlled Release Society
AMBC_BTZEne7tq668HSDDPn9RvSoTIUO,unmodified,[],bulk_hydrogel,"[""bulk_hydrogel""]",in_vitro_cartilage,"[""in_vitro_cartilage""]","[""collagen""]","[""articular_chondrocyte""]",3D_encapsulation,,,0,1,1,0,1,0,2026-09-26T18:34:02Z,15549411,10.1007/s00467-004-1652-4,2005,Alterations of the growth plate in chronic renal failure,"Pediatric nephrology (Berlin, Germany)"
AMBC_YdEf6uqDA7MbxTVqjt1N3QZg85N,unmodified,[],bulk_hydrogel,"[""bulk_hydrogel""]",in_vitro_cartilage,"[""in_vitro_cartilage""]","[""collagen""]","[""articular_chondrocyte""]",3D_encapsulation,murine,,0,1,1,0,1,0,2026-09-26T18:34:02Z,15694413,10.1016/j.bbrc.2004.11.073,2005,The balancing act of transcription factors C-1-1 and Runx2 in articular cartilage development,Biochemical and biophysical research communications
AMBC_Gg1X4z7qWrDQ6TBjoG22X3jq6tF,unmodified,[],bulk_hydrogel,"[""bulk_hydrogel""]",in_vitro_cartilage,"[""in_vitro_cartilage""]","[""collagen""]","[""articular_chondrocyte""]",3D_encapsulation,,,0,1,1,0,1,0,2026-09-26T18:34:02Z,15668335,10.1177/154405910508400211,2005,Runx2 regulates endochondral ossification in condyle during mandibular advancement,Journal of dental research
AMBC_ZceVxTCnMIFXTes7L7PTwBF04tc,unmodified,[],bulk_hydrogel,"[""bulk_hydrogel""]",in_vitro_cartilage,"[""in_vitro_cartilage""]","[""collagen""]","[""articular_chondrocyte""]",3D_encapsulation,,,0,1,1,0,1,0,2026-09-26T18:34:02Z,15845913,10.1161/01.ATV.0000166600.58468.1b,2005,Calcification of advanced atherosclerotic lesions in the innominate arteries of ApoE-deficient mice: potential role of chondrocyte-like cells,"Arteriosclerosis, thrombosis, and vascular biology"
AMBC_PecsdrtcsAQaOYDiAVK5Daxtld0,unmodified,[],monolayer,"[""monolayer""]",in_vitro_cartilage,"[""in_vitro_cartilage""]","[""collagen""]","[""articular_chondrocyte""]",2D,,,0,1,1,0,1,0,2026-09-26T18:34:02Z,15694573,10.1016/j.joca.2004.06.015,2005,Inhibition of lysyl oxidase activity can delay phenotypic modulation of chondrocytes in two-dimensional culture,Osteoarthritis and cartilage
AMBC_ZuaQ0v5yTEpwnRaPQ5YtmHbx2Xo,unmodified,[],bulk_hydrogel,"[""bulk_hydrogel""]",in_vitro_cartilage,"[""in_vitro_cartilage""]","[""collagen""]","[""articular_chondrocyte""]",3D_encapsulation,,,0,1,1,0,1,0,2026-09-26T18:34:02Z,16000304,10.1074/jbc.M501069200,2005,"Multiple signals induce endoplasmic reticulum stress in both primary and immortalized chondrocytes resulting in loss of differentiation, impaired cell growth, and apoptosis",The Journal of biological chemistry
AMBC_Kuv2QkYJpKzzRYMS0voVX2NwBA7,unmodified,[],bulk_hydrogel,"[""bulk_hydrogel""]",in_vitro_cartilage,"[""in_vitro_cartilage""]","[""collagen""]","[""articular_chondrocyte"", ""ATDC5""]",3D_encapsulation,murine,,0,1,1,0,1,0,2026-09-26T18:34:02Z,15883643,10.1359/JBMR.050113,2005,"Rac1/Cdc42 and RhoA GTPases antagonistically regulate chondrocyte proliferation, hypertrophy, and apoptosis",Journal of bone and mineral research : the official journal of the American Society for Bone and Mineral Research
AMBC_2t7oYPKhxuhbEQGeQzUX7ZyjBZ9,unmodified,[],bulk_hydrogel,"[""bulk_hydrogel""]",in_vitro_cartilage,"[""in_vitro_cartilage""]","[""HA""]","[""articular_chondrocyte""]",3D_encapsulation,rabbit,,0,1,1,0,1,0,2026-09-26T18:34:02Z,15777840,10.1016/j.bbamcr.2004.08.007,2005,The metabolism of hyaluronan in cultured rabbit growth plate chondrocytes during differentiation,Biochimica et biophysica acta
AMBC_2YfznYA1PEYyzufcUxbwlzp38ks,unmodified,[],bulk_hydrogel,"[""bulk_hydrogel""]",in_vitro_cartilage,"[""in_vitro_cartilage""]","[""collagen""]","[""articular_chondrocyte""]",3D_encapsulation,,,0,1,1,0,1,0,2026-09-26T18:34:02Z,15734259,10.1016/j.orthres.2004.08.028,2005,Growth and integration of neocartilage with native cartilage in vitro,Journal of orthopaedic research : official publication of the Orthopaedic Research Society
AMBC_WueM7mw2O15bgXGEPlnHn9udoBX,sulfated,"[""sulfated""]",bulk_hydrogel,"[""bulk_hydrogel""]",in_vitro_cartilage,"[""in_vitro_cartilage""]","[""alginate"", ""collagen"", ""cellulose""]","[""articular_chondrocyte""]",3D_encapsulation,human,,0,1,1,0,1,0,2026-09-26T18:34:02Z,15275816,10.1016/j.biomaterials.2004.02.049,2005,Bacterial cellulose as a potential scaffold for tissue engineering of cartilage,Biomaterials
AMBC_Q6rzqUKdfIgtwFWeZs3Ttr37rid,unmodified,[],bulk_hydrogel,"[""bulk_hydrogel""]",in_vitro_cartilage,"[""in_vitro_cartilage""]","[""collagen""]","[""articular_chondrocyte"", ""MSC""]",3D_encapsulation,human,,0,1,1,0,1,0,2026-09-26T18:34:02Z,16236634,10.1080/14653240500319093,2005,Anterior cruciate ligament constructs fabricated from human mesenchymal stem cells in a collagen type I hydrogel,Cytotherapy
AMBC_UlXsEXb0us3zwwrWSB3sgNYuqY1,unmodified,[],bulk_hydrogel,"[""bulk_hydrogel""]",in_vitro_cartilage,"[""in_vitro_cartilage""]","[""alginate"", ""collagen""]","[""articular_chondrocyte"", ""MSC""]",3D_encapsulation,bovine,,0,1,1,0,1,0,2026-09-26T18:34:02Z,15922187,10.1016/j.joca.2005.02.006,2005,BMP-2 induces the expression of chondrocyte-specific genes in bovine synovium-derived progenitor cells cultured in three-dimensional alginate hydrogel,Osteoarthritis and cartilage
AMBC_WHT8fj2Aj3DYbxJBJLUdMUwLpWW,sulfated,"[""sulfated""]",bulk_hydrogel,"[""bulk_hydrogel""]",in_vitro_cartilage,"[""in_vitro_cartilage""]","[""alginate"", ""collagen""]","[""articular_chondrocyte""]",3D_encapsulation,bovine,,0,1,1,0,1,0,2026-09-26T18:34:02Z,16701843,10.1016/j.actbio.2005.07.009,2005,Cell density alters matrix accumulation in two distinct fractions and the mechanical integrity of alginate-chondrocyte constructs,Acta biomaterialia
AMBC_6R7Bf39s4PiWC5gaSwwc5mdFcUT,unmodified,[],monolayer,"[""monolayer""]",in_vitro_cartilage,"[""in_vitro_cartilage""]","[""alginate"", ""collagen""]","[""articular_chondrocyte""]",3D_encapsulation,,,0,1,1,0,1,0,2026-09-26T18:34:02Z,16138328,10.1002/jbm.a.30505,2005,Hydrogel optimization for cultured elastic chondrocytes seeded onto a polyglycolic acid scaffold,Journal of biomedical materials research. Part A
AMBC_HFLYvFwMElbGaYUduTx4mjo36Ek,unmodified,[],bulk_hydrogel,"[""bulk_hydrogel""]",in_vitro_cartilage,"[""in_vitro_cartilage""]","[""agarose""]","[""articular_chondrocyte""]",3D_encapsulation,bovine,,0,1,1,0,1,0,2026-09-26T18:34:02Z,15738669,10.1089/ten.2005.11.141,2005,Evaluation of medium supplemented with insulin-transferrin-selenium for culture of primary bovine calf chondrocytes in three-dimensional hydrogel scaffolds,Tissue engineering
AMBC_54HVvcdpyTDvoZdj4VsitcKDKP4,sulfated,"[""sulfated""]",bulk_hydrogel,"[""bulk_hydrogel""]",in_vitro_cartilage,"[""in_vitro_cartilage""]","[""collagen""]","[""articular_chondrocyte""]",3D_encapsulation,,,0,1,1,0,1,0,2026-09-26T18:34:02Z,16701801,10.1016/j.actbio.2004.11.003,2005,Incorporation of tissue-specific molecules alters chondrocyte metabolism and gene expression in photocrosslinked hydrogels,Acta biomaterialia
AMBC_oYhB3H7Rw1IDFlX74vAE8NyiNF,sulfated,"[""sulfated""]",injectable,"[""injectable""]",in_vitro_cartilage,"[""in_vitro_cartilage""]","[""collagen""]","[""articular_chondrocyte""]",3D_encapsulation,human,,0,1,1,0,1,0,2026-09-26T18:34:02Z,15950277,10.1016/j.biomaterials.2005.04.057,2005,A silanized hydroxypropyl methylcellulose hydrogel for the three-dimensional culture of chondrocytes,Biomaterials
AMBC_ZoAxvjHVWTbTvoPRsqTqShnFjYf,unmodified,[],monolayer,"[""monolayer""]",auricular,"[""auricular"", ""in_vivo_repair"", ""in_vitro_cartilage""]","[""collagen""]","[""articular_chondrocyte"", ""auricular_chondrocyte""]",2D,human,,0,1,1,0,1,0,2026-09-26T18:34:07Z,15684678,10.1089/ten.2004.10.1695,2005,Tissue engineering of autologous cartilage grafts in three-dimensional in vitro macroaggregate culture system,Tissue engineering
AMBC_U3pooncaZjSrEAGAfFTo7hF9v2z,unmodified,[],bulk_hydrogel,"[""bulk_hydrogel""]",osteochondral,"[""osteochondral"", ""in_vivo_repair"", ""in_vitro_cartilage""]","[""collagen""]",[],3D_encapsulation,,,0,1,1,0,1,0,2026-09-26T18:34:07Z,15057109,10.1097/00003086-200403000-00039,2004,Preincubation of tissue engineered constructs enhances donor cell retention,Clinical orthopaedics and related research
AMBC_DGu2NISnsD8v6gBlAR2GmWGpH9i,unmodified,[],bulk_hydrogel,"[""bulk_hydrogel""]",osteochondral,"[""osteochondral"", ""in_vivo_repair"", ""in_vitro_cartilage""]",[],"[""articular_chondrocyte""]",3D_encapsulation,,,0,1,1,0,1,0,2026-09-26T18:34:07Z,15588398,10.1089/ten.2004.10.1376,2004,Engineered osteochondral grafts using biphasic composite solid free-form fabricated scaffolds,Tissue engineering
AMBC_ub3pEMk0uwNUxfKQMK6p4F1Wao,unmodified,[],bulk_hydrogel,"[""bulk_hydrogel""]",osteochondral,"[""osteochondral"", ""in_vitro_cartilage""]",[],"[""articular_chondrocyte""]",3D_encapsulation,,,0,1,1,0,1,0,2026-09-26T18:34:07Z,15004669,10.1007/s00132-004-0639-y,2004,Engineering and characterization of functional osteochondral replacement tissue,Der Orthopade
AMBC_DbYtDoE3nIbjNt6JNCpLKsfX3sl,unmodified,[],bulk_hydrogel,"[""bulk_hydrogel""]",osteochondral,"[""osteochondral"", ""in_vitro_cartilage""]","[""gelatin""]","[""articular_chondrocyte""]",3D_encapsulation,bovine,,0,1,1,0,1,0,2026-09-26T18:34:07Z,15386400,10.1002/jbm.b.30090,2004,Cartilage tissue engineering on the surface of a novel gelatin-calcium-phosphate biphasic scaffold in a double-chamber bioreactor,"Journal of biomedical materials research. Part B, Applied biomaterials"
AMBC_6U7Yy0PIwHGGzvWexiQnUxavoEL,unmodified,[],bulk_hydrogel,"[""bulk_hydrogel""]",in_vitro_cartilage,"[""in_vitro_cartilage""]","[""collagen""]","[""articular_chondrocyte"", ""MSC""]",3D_encapsulation,murine,,0,1,1,0,1,0,2026-09-26T18:34:11Z,15129755,10.3727/000000004773301762,2004,Clonal population of adult stem cells: life span and differentiation potential,Cell transplantation
AMBC_1EZuXko59xfwncjbb1WLv3A4f9r,unmodified,[],bulk_hydrogel,"[""bulk_hydrogel""]",in_vitro_cartilage,"[""in_vitro_cartilage""]","[""collagen""]","[""articular_chondrocyte""]",3D_encapsulation,,,0,1,1,0,1,0,2026-09-26T18:34:11Z,15063719,10.1016/S0014-5793(04)00243-1,2004,Identification of proteins differentially expressed during chondrogenesis of mesenchymal cells,FEBS letters
AMBC_5lTkgclCxvh7raCwy8Qzu2HNFOj,unmodified,[],bulk_hydrogel,"[""bulk_hydrogel""]",in_vitro_cartilage,"[""in_vitro_cartilage""]","[""alginate"", ""collagen""]","[""articular_chondrocyte""]",3D_encapsulation,murine,,0,1,1,0,1,0,2026-09-26T18:34:11Z,15372628,10.1002/jcb.20171,2004,Chondrogenic differentiation of murine embryonic stem cells: effects of culture conditions and dexamethasone,Journal of cellular biochemistry
AMBC_8ui3Ui04ZbQDTgNCS0mORvz1Fp6,unmodified,[],bulk_hydrogel,"[""bulk_hydrogel""]",in_vitro_cartilage,"[""in_vitro_cartilage""]","[""alginate"", ""collagen""]","[""articular_chondrocyte"", ""MSC""]",3D_encapsulation,human,,0,1,1,0,1,0,2026-09-26T18:34:11Z,15515201,10.3349/ymj.2004.45.5.891,2004,"Comparison of phenotypic characterization between ""alginate bead"" and ""pellet"" culture systems as chondrogenic differentiation models for human mesenchymal stem cells",Yonsei medical journal
AMBC_EO4SWtctN0NCjTpEJqt9fILDTAg,unmodified,[],monolayer,"[""monolayer""]",in_vitro_cartilage,"[""in_vitro_cartilage""]","[""collagen""]","[""MSC""]",2D,human,,0,1,1,0,1,0,2026-09-26T18:34:11Z,15297781,10.1159/000079182,2004,Evaluation of mineralized collagen and alpha-tricalcium phosphate as scaffolds for tissue engineering of bone using human mesenchymal stem cells,"Cells, tissues, organs"
AMBC_ASaKUzXB9jeq8BmhVFATCX339BM,unmodified,[],bulk_hydrogel,"[""bulk_hydrogel""]",in_vitro_cartilage,"[""in_vitro_cartilage""]","[""collagen""]","[""articular_chondrocyte"", ""MSC""]",3D_encapsulation,,,0,1,1,0,1,0,2026-09-26T18:34:11Z,15530414,10.1016/j.bbrc.2004.10.055,2004,Cartilage-derived morphogenetic protein-1 promotes the differentiation of mesenchymal stem cells into chondrocytes,Biochemical and biophysical research communications
AMBC_CqwSxTnuJaSL85xbk7xBqKYwVET,unmodified,[],bulk_hydrogel,"[""bulk_hydrogel""]",in_vitro_cartilage,"[""in_vitro_cartilage""]","[""collagen""]","[""MSC""]",3D_encapsulation,human,,0,1,1,0,1,0,2026-09-26T18:34:11Z,14964727,10.1023/b:abme.0000007796.48329.b4,2004,Bone tissue engineering using human mesenchymal stem cells: effects of scaffold material and medium flow,Annals of biomedical engineering
AMBC_Aoxx63B2zDalpTlEfx5PWT4BJN7,unmodified,[],bulk_hydrogel,"[""bulk_hydrogel""]",in_vitro_cartilage,"[""in_vitro_cartilage""]","[""collagen""]","[""articular_chondrocyte"", ""MSC""]",3D_encapsulation,human,TGF_b3,0,1,1,0,1,0,2026-09-26T18:34:11Z,15240135,10.1016/j.bbrc.2004.06.029,2004,Growth factor combination for chondrogenic induction from human mesenchymal stem cell,Biochemical and biophysical research communications
AMBC_WGGrEJHDMNjWPjv30N9hzWle8Qq,unmodified,[],bulk_hydrogel,"[""bulk_hydrogel""]",in_vitro_cartilage,"[""in_vitro_cartilage""]","[""HA"", ""collagen""]","[""MSC""]",3D_encapsulation,,,0,1,1,0,1,0,2026-09-26T18:34:11Z,15533458,10.1016/j.tice.2004.07.003,2004,Hyaluronic acid and autologous synovial fluid induce chondrogenic differentiation of equine mesenchymal stem cells: a preliminary study,Tissue & cell
AMBC_4gI1XQsTCLbl0oZxDvo6QRO6zfa,unmodified,[],bulk_hydrogel,"[""bulk_hydrogel""]",in_vitro_cartilage,"[""in_vitro_cartilage""]","[""collagen""]","[""MSC""]",3D_encapsulation,human,TGF_b3,0,1,1,0,1,0,2026-09-26T18:34:10Z,15313172,10.1016/j.bbrc.2004.07.071,2004,Chondrogenic differentiation of human mesenchymal stem cells cultured in a cobweb-like biodegradable scaffold,Biochemical and biophysical research communications
AMBC_UPortnprDe6P6hij0KajlErKaAH,unmodified,[],bulk_hydrogel,"[""bulk_hydrogel""]",in_vitro_cartilage,"[""in_vitro_cartilage""]","[""collagen""]","[""MSC""]",3D_encapsulation,bovine,,0,1,1,0,1,0,2026-09-26T18:34:10Z,15145219,10.1016/j.exphem.2004.02.009,2004,Chondrogenic differentiation of bovine bone marrow mesenchymal stem cells in pellet cultural system,Experimental hematology
AMBC_PDT6zledoVUPb2rLGfyfAAJLhcO,unmodified,[],bulk_hydrogel,"[""bulk_hydrogel""]",in_vitro_cartilage,"[""in_vitro_cartilage""]","[""collagen"", ""agarose""]","[""MSC""]",3D_encapsulation,human,TGF_b3,0,1,1,0,1,0,2026-09-26T18:34:10Z,15103737,10.1002/ar.a.20010,2004,Chondrogenesis of human bone marrow-derived mesenchymal stem cells in agarose culture,"The anatomical record. Part A, Discoveries in molecular, cellular, and evolutionary biology"
AMBC_IxwdAnC3YWl6nZdz8uTwnzGdFOp,unmodified,[],monolayer,"[""monolayer""]",in_vitro_cartilage,"[""in_vitro_cartilage""]","[""collagen""]","[""articular_chondrocyte""]",2D,human,,0,1,1,0,1,0,2026-09-26T18:34:07Z,15468792,,2004,Interaction between insulin-like growth factor-1 with other growth factors in serum depleted culture medium for human cartilage engineering,The Medical journal of Malaysia
AMBC_U6T4doZmWYjYF9cIGG70B0pfGJo,unmodified,[],bulk_hydrogel,"[""bulk_hydrogel""]",in_vitro_cartilage,"[""in_vitro_cartilage""]",[],[],3D_encapsulation,,,0,1,1,0,1,0,2026-09-26T18:34:07Z,15252252,10.1097/01.moo.0000132242.81060.4a,2004,Tissue engineering: the current status of this futuristic modality in head neck reconstruction,Current opinion in otolaryngology & head and neck surgery
AMBC_PlyyysB3XJlrQ5dmb99K05ufzdz,unmodified,[],bulk_hydrogel,"[""bulk_hydrogel""]",in_vitro_cartilage,"[""in_vitro_cartilage""]","[""collagen""]","[""MSC""]",3D_encapsulation,,TGF_b3,0,1,1,0,1,0,2026-09-26T18:34:07Z,15315347,10.1007/BF02832011,2004,In vitro chondrogenic phenotype differentiation of bone marrow-derived mesenchymal stem cells,Journal of Huazhong University of Science and Technology. Medical sciences = Hua zhong ke ji da xue xue bao. Yi xue Ying De wen ban = Huazhong keji daxue xuebao. Yixue Yingdewen ban
AMBC_FA100sbzZe6o1vGKpfY2a3f4Dzt,unmodified,[],bulk_hydrogel,"[""bulk_hydrogel""]",in_vitro_cartilage,"[""in_vitro_cartilage""]",[],"[""articular_chondrocyte""]",3D_encapsulation,,,0,1,1,0,1,0,2026-09-26T18:34:07Z,14984362,10.5694/j.1326-5377.2004.tb05912.x,2004,Orthopaedic tissue engineering: from laboratory to the clinic,The Medical journal of Australia
AMBC_MHyWTLdIL3mfegZsFoIKUJ8myQg,unmodified,[],bulk_hydrogel,"[""bulk_hydrogel""]",in_vitro_cartilage,"[""in_vitro_cartilage""]","[""collagen""]","[""articular_chondrocyte""]",3D_encapsulation,human,,0,1,1,0,1,0,2026-09-26T18:34:07Z,14768090,,2004,Stimulation of insulin-like growth factor-I to chondrogenesis of engineering cartilage tissue,Zhongguo xiu fu chong jian wai ke za zhi = Zhongguo xiufu chongjian waike zazhi = Chinese journal of reparative and reconstructive surgery
AMBC_XSgVrHo698jwCextqzKUHpcscXh,unmodified,[],fiber,"[""fiber""]",in_vitro_cartilage,"[""in_vitro_cartilage""]",[],[],3D_encapsulation,human,,0,1,1,0,1,0,2026-09-26T18:34:07Z,15493132,10.1515/BMT.2004.046,2004,Electrospun poly-l-lactide nanofibres as scaffolds for tissue engineering,Biomedizinische Technik. Biomedical engineering
AMBC_IYm3Fr1gUaKiPaTGLNjp3D5YgJ7,unmodified,[],bulk_hydrogel,"[""bulk_hydrogel""]",in_vitro_cartilage,"[""in_vitro_cartilage""]",[],"[""MSC""]",3D_encapsulation,,,0,1,1,0,1,0,2026-09-26T18:34:07Z,15773023,10.1080/14653240410005276-1,2004,"Mesenchymal stem cell-based cartilage tissue engineering: cells, scaffold and biology",Cytotherapy
AMBC_T9XHNmbmlGtsphie0P8PBYKInIe,unmodified,[],bulk_hydrogel,"[""bulk_hydrogel""]",in_vitro_cartilage,"[""in_vitro_cartilage""]","[""chitosan""]",[],3D_encapsulation,,,0,1,1,0,1,0,2026-09-26T18:34:07Z,14970437,10.1385/1-59259-428-x:41,2004,Synthesis and characterization of chitosan scaffolds for cartilage-tissue engineering,"Methods in molecular biology (Clifton, N.J.)"
AMBC_IGRpWwq9228wHbIvnyoqRbZnsbT,unmodified,[],bulk_hydrogel,"[""bulk_hydrogel""]",in_vitro_cartilage,"[""in_vitro_cartilage""]",[],"[""articular_chondrocyte""]",3D_encapsulation,bovine,,0,1,1,0,1,0,2026-09-26T18:34:07Z,15299276,,2004,Long-term culture of tissue engineered cartilage in a perfused chamber with mechanical stimulation,Biorheology
AMBC_aW1tcvtGnUJV1UCqY7XDjrZwKTs,unmodified,[],bulk_hydrogel,"[""bulk_hydrogel""]",in_vitro_cartilage,"[""in_vitro_cartilage""]","[""alginate""]","[""articular_chondrocyte""]",3D_encapsulation,human,,0,1,1,0,1,0,2026-09-26T18:34:07Z,15577081,,2004,Tissue engineered cartilage for biological repair of cartilage defects,Clinical calcium
AMBC_SThDG0uGCLxhfwvScBIA1tMTlJ8,methacrylated,"[""methacrylated"", ""sulfated""]",bulk_hydrogel,"[""bulk_hydrogel""]",in_vitro_cartilage,"[""in_vitro_cartilage""]",[],"[""articular_chondrocyte""]",3D_encapsulation,,,0,1,1,0,1,0,2026-09-26T18:34:07Z,14661246,10.1002/jbm.a.20007,2004,Photocrosslinkable polysaccharides based on chondroitin sulfate,Journal of biomedical materials research. Part A
AMBC_3GKApvqxbw8sW4cUx6nMVbGczPB,unmodified,[],bulk_hydrogel,"[""bulk_hydrogel""]",in_vitro_cartilage,"[""in_vitro_cartilage""]","[""chitosan""]","[""articular_chondrocyte""]",3D_encapsulation,,,0,1,1,0,1,0,2026-09-26T18:34:07Z,15133945,,2004,Synthesis and evaluation of scaffolds prepared from chitosan fibers for potential use in cartilage tissue engineering,Biomedical sciences instrumentation
AMBC_6hSEdWCxPtaIiSq6g7djsXcs2MK,unmodified,[],ipn,"[""ipn""]",in_vitro_cartilage,"[""in_vitro_cartilage""]","[""PEG"", ""collagen""]","[""articular_chondrocyte""]",3D_encapsulation,,,0,1,1,0,1,0,2026-09-26T18:34:07Z,15348352,10.1023/a:1012817317296,2004,Formulation of PEG-based hydrogels affects tissue-engineered cartilage construct characteristics,Journal of materials science. Materials in medicine
AMBC_Gd5Ym11FoBaIfIaIG55ufRlAfUj,unmodified,[],bulk_hydrogel,"[""bulk_hydrogel""]",in_vitro_cartilage,"[""in_vitro_cartilage""]","[""collagen""]","[""articular_chondrocyte""]",3D_encapsulation,human,,0,1,1,0,1,0,2026-09-26T18:34:02Z,14871928,10.1101/gad.1179104,2004,Constitutive activation of MEK1 in chondrocytes causes Stat1-independent achondroplasia-like dwarfism and rescues the Fgfr3-deficient mouse phenotype,Genes & development
AMBC_RhnNmRvrmhJZ02Cs7i8bE6ZBZ4g,unmodified,[],bulk_hydrogel,"[""bulk_hydrogel""]",in_vitro_cartilage,"[""in_vitro_cartilage""]","[""collagen""]","[""articular_chondrocyte"", ""MSC""]",3D_encapsulation,human,,0,1,1,0,1,0,2026-09-26T18:34:02Z,15040835,10.1359/JBMR.0301239,2004,Cooperation between TGF-beta and Wnt pathways during chondrocyte and adipocyte differentiation of human marrow stromal cells,Journal of bone and mineral research : the official journal of the American Society for Bone and Mineral Research
AMBC_CEsPbpR7ImHaFIVtV1m2HYnY3xC,unmodified,[],bulk_hydrogel,"[""bulk_hydrogel""]",in_vitro_cartilage,"[""in_vitro_cartilage""]","[""collagen""]","[""articular_chondrocyte""]",3D_encapsulation,,,0,1,1,0,1,0,2026-09-26T18:34:02Z,14991716,10.1002/dvdy.20009,2004,Indian hedgehog and syndecans-3 coregulate chondrocyte proliferation and function during chick limb skeletogenesis,Developmental dynamics : an official publication of the American Association of Anatomists
AMBC_HDNU954dMZ1tfecN6ZjMoN9pGh1,unmodified,[],bulk_hydrogel,"[""bulk_hydrogel""]",in_vitro_cartilage,"[""in_vitro_cartilage""]","[""collagen""]","[""articular_chondrocyte"", ""MSC""]",3D_encapsulation,murine,,0,1,1,0,1,0,2026-09-26T18:34:02Z,15207745,10.1016/j.bone.2004.03.015,2004,ACTH enhances chondrogenesis in multipotential progenitor cells and matrix production in chondrocytes,Bone
AMBC_4DsSbKCR6IwCI92gSUiZP5WgCtt,unmodified,[],bulk_hydrogel,"[""bulk_hydrogel""]",in_vitro_cartilage,"[""in_vitro_cartilage""]","[""collagen""]","[""articular_chondrocyte"", ""ATDC5""]",3D_encapsulation,,,0,1,1,0,1,0,2026-09-26T18:34:02Z,14969394,10.1359/jbmr.2004.19.2.245,2004,Negative regulation of chondrocyte differentiation by transcription factor AP-2alpha,Journal of bone and mineral research : the official journal of the American Society for Bone and Mineral Research
AMBC_PSeMQPYam2UzsOHzE6CFmsq5iyk,unmodified,[],bulk_hydrogel,"[""bulk_hydrogel""]",in_vitro_cartilage,"[""in_vitro_cartilage""]","[""HA""]","[""articular_chondrocyte""]",3D_encapsulation,,,0,1,1,0,1,0,2026-09-26T18:34:02Z,15480059,,2004,Hyaluronan and CD44: modulators of chondrocyte metabolism,Clinical orthopaedics and related research
AMBC_Z59zpsf9w49ijzYUMxZZjloWuLU,unmodified,[],monolayer,"[""monolayer""]",in_vitro_cartilage,"[""in_vitro_cartilage""]","[""collagen""]","[""articular_chondrocyte""]",2D,human,,0,1,1,0,1,0,2026-09-26T18:34:02Z,14656672,10.1016/S0736-0266(03)00117-7,2004,Chondrocyte apoptosis induced by collagen degradation: inhibition by caspase inhibitors and IGF-1,Journal of orthopaedic research : official publication of the Orthopaedic Research Society
AMBC_Be8FSfs06g1EYgILLYfii427ZAM,unmodified,[],monolayer,"[""monolayer""]",in_vitro_cartilage,"[""in_vitro_cartilage""]","[""alginate"", ""collagen"", ""agarose""]","[""articular_chondrocyte""]",2D,,,0,1,1,0,1,0,2026-09-26T18:34:02Z,15280586,10.1385/1-59259-810-2:037,2004,Culture of immortalized chondrocytes and their use as models of chondrocyte function,Methods in molecular medicine
AMBC_Do0eDPohAb0GhZo7zntaqAwgrko,unmodified,[],bulk_hydrogel,"[""bulk_hydrogel""]",in_vitro_cartilage,"[""in_vitro_cartilage""]","[""collagen""]","[""articular_chondrocyte""]",3D_encapsulation,human,,0,1,1,0,1,0,2026-09-26T18:34:02Z,15530854,10.1016/j.yexcr.2004.07.027,2004,Adhesion-mediated signal transduction in human articular chondrocytes: the influence of biomaterial chemistry and tenascin-C,Experimental cell research
AMBC_2z72YFP7HAnQpu6qtQl6mLkfLUz,unmodified,[],bulk_hydrogel,"[""bulk_hydrogel""]",in_vitro_cartilage,"[""in_vitro_cartilage""]",[],"[""articular_chondrocyte""]",3D_encapsulation,,,0,1,1,0,1,0,2026-09-26T18:34:02Z,15648570,10.1163/1568562042368086,2004,Novel biodegradable cholesterol-modified polyrotaxane hydrogels for cartilage regeneration,Journal of biomaterials science. Polymer edition
AMBC_TKjxhUm6WFhzWhnymgJefMyFFeA,unmodified,[],bulk_hydrogel,"[""bulk_hydrogel""]",in_vitro_cartilage,"[""in_vitro_cartilage""]","[""agarose""]","[""articular_chondrocyte""]",3D_encapsulation,,,0,1,1,0,1,0,2026-09-26T18:34:02Z,15046988,10.1016/j.jbiomech.2003.10.005,2004,Effects of dynamic compressive loading on chondrocyte biosynthesis in self-assembling peptide scaffolds,Journal of biomechanics
AMBC_1A6r7CFaamX33R7pugeg9AuZbuY,unmodified,[],bulk_hydrogel,"[""bulk_hydrogel""]",in_vitro_cartilage,"[""in_vitro_cartilage""]",[],"[""articular_chondrocyte""]",3D_encapsulation,,,0,1,1,0,1,0,2026-09-26T18:34:02Z,15304291,10.1016/j.orthres.2004.02.001,2004,Crosslinking density influences the morphology of chondrocytes photoencapsulated in PEG hydrogels during the application of compressive strain,Journal of orthopaedic research : official publication of the Orthopaedic Research Society
AMBC_1qrG6wvdVlpE5arAHfdFjZo2jWN,unmodified,[],bulk_hydrogel,"[""bulk_hydrogel""]",in_vitro_cartilage,"[""in_vitro_cartilage""]","[""collagen""]","[""articular_chondrocyte""]",3D_encapsulation,bovine,,0,1,1,0,1,0,2026-09-26T18:34:02Z,15368220,10.1002/jbm.a.30148,2004,Thermoreversible hydrogel scaffolds for articular cartilage engineering,Journal of biomedical materials research. Part A
AMBC_Fz5skaOXuTzkz4WoAo5n0VgOApB,unmodified,[],bulk_hydrogel,"[""bulk_hydrogel""]",in_vitro_cartilage,"[""in_vitro_cartilage""]","[""collagen""]","[""articular_chondrocyte""]",3D_encapsulation,bovine,,0,1,1,0,1,0,2026-09-26T18:34:02Z,15165468,10.1089/107632704323061870,2004,Bovine primary chondrocyte culture in synthetic matrix metalloproteinase-sensitive poly(ethylene glycol)-based hydrogels as a scaffold for cartilage repair,Tissue engineering
AMBC_6Lbdycno8Ht84KwOJiWCa4Xm8Av,unmodified,[],bulk_hydrogel,"[""bulk_hydrogel""]",auricular,"[""auricular"", ""in_vivo_repair"", ""in_vitro_cartilage""]","[""collagen""]",[],3D_encapsulation,human,,0,1,1,0,1,0,2026-09-26T18:34:07Z,15468882,,2004,Gene expression characteristic in human auricular cartilage tissue engineering,The Medical journal of Malaysia
AMBC_Xz5v6gLdSnE3dIm18tRW6BXrVIO,unmodified,[],bulk_hydrogel,"[""bulk_hydrogel""]",auricular,"[""auricular"", ""tracheal"", ""in_vitro_cartilage""]","[""collagen""]","[""articular_chondrocyte""]",3D_encapsulation,porcine,,0,1,1,0,1,0,2026-09-26T18:34:07Z,15276493,10.1016/j.athoracsur.2004.02.122,2004,Expansion of chondrocytes in a three-dimensional matrix for tracheal tissue engineering,The Annals of thoracic surgery
AMBC_PSI6X46oZwCqr6znFYHfpgwo4Cq,unmodified,[],monolayer,"[""monolayer""]",auricular,"[""auricular"", ""in_vitro_cartilage""]","[""alginate"", ""collagen""]","[""articular_chondrocyte""]",2D,human,,0,1,1,0,1,0,2026-09-26T18:34:07Z,15299273,,2004,Considerations on the use of ear chondrocytes as donor chondrocytes for cartilage tissue engineering,Biorheology
AMBC_V7jho8T44YKcruWCiADeXrLs26s,unmodified,[],monolayer,"[""monolayer""]",auricular,"[""auricular"", ""in_vivo_repair"", ""in_vitro_cartilage""]","[""collagen"", ""chitosan"", ""gelatin""]","[""articular_chondrocyte""]",3D_encapsulation,porcine,,0,1,1,0,1,0,2026-09-26T18:34:07Z,15386401,10.1002/jbm.b.30087,2004,Tissue engineering of cartilage with the use of chitosan-gelatin complex scaffolds,"Journal of biomedical materials research. Part B, Applied biomaterials"
AMBC_JeYeqxqyQTM3sYtOtZn5XgwESUE,unmodified,[],bulk_hydrogel,"[""bulk_hydrogel""]",auricular,"[""auricular"", ""in_vitro_cartilage""]","[""collagen""]","[""articular_chondrocyte"", ""auricular_chondrocyte""]",3D_encapsulation,rabbit,,0,1,1,0,1,0,2026-09-26T18:34:02Z,15240918,10.1155/S1110724304312039,2004,Differential Behavior Between Isolated and Aggregated Rabbit Auricular Chondrocytes on Plastic Surfaces,Journal of biomedicine & biotechnology
